Order_Detail_ID,Order_ID,Product_ID,Quantity,Unit_Price,Discount_Percent
OD000001,O00001,P0083,1,62137.0,10
OD000002,O00001,P0129,2,890.0,0
OD000003,O00001,P0132,3,6274.0,0
OD000004,O00002,P0128,2,11621.0,0
OD000005,O00003,P0100,4,656.0,0
OD000006,O00004,P0111,1,1846.0,10
OD000007,O00005,P0077,2,57019.0,0
OD000008,O00006,P0108,4,2690.0,15
OD000009,O00007,P0099,2,1622.0,25
OD000010,O00007,P0119,2,1373.0,0
OD000011,O00007,P0003,2,12895.0,0
OD000012,O00008,P0092,1,11144.0,10
OD000013,O00009,P0036,2,78122.0,0
OD000014,O00010,P0078,1,8600.0,10
OD000015,O00010,P0030,4,54081.0,0
OD000016,O00011,P0105,1,2236.0,0
OD000017,O00011,P0136,1,2962.0,0
OD000018,O00012,P0008,3,30393.0,25
OD000019,O00012,P0117,3,948.0,5
OD000020,O00013,P0118,1,1045.0,5
OD000021,O00014,P0116,2,164.0,10
OD000022,O00015,P0035,4,75079.0,0
OD000023,O00016,P0116,2,164.0,5
OD000024,O00016,P0122,3,2157.0,10
OD000025,O00017,P0153,4,26414.0,10
OD000026,O00017,P0026,3,33587.0,0
OD000027,O00017,P0072,2,4076.0,10
OD000028,O00018,P0068,4,1904.0,10
OD000029,O00019,P0089,3,2997.0,20
OD000030,O00019,P0060,4,8945.0,0
OD000031,O00020,P0021,4,51323.0,15
OD000032,O00021,P0137,2,4748.0,0
OD000033,O00022,P0068,3,1904.0,5
OD000034,O00022,P0136,4,2962.0,20
OD000035,O00023,P0002,4,19789.0,5
OD000036,O00023,P0119,3,1373.0,25
OD000037,O00024,P0109,3,3854.0,0
OD000038,O00024,P0084,4,59582.0,5
OD000039,O00025,P0029,1,31521.0,10
OD000040,O00026,P0091,4,4973.0,15
OD000041,O00026,P0101,3,1082.0,10
OD000042,O00027,P0066,1,5839.0,10
OD000043,O00027,P0056,4,9595.0,15
OD000044,O00028,P0011,3,21879.0,5
OD000045,O00028,P0075,1,3434.0,15
OD000046,O00028,P0117,4,948.0,10
OD000047,O00028,P0028,1,30285.0,10
OD000048,O00029,P0111,3,1846.0,5
OD000049,O00030,P0051,3,6426.0,0
OD000050,O00031,P0105,4,2236.0,10
OD000051,O00032,P0070,4,357.0,15
OD000052,O00032,P0099,3,1622.0,5
OD000053,O00032,P0105,3,2236.0,5
OD000054,O00033,P0020,4,11958.0,0
OD000055,O00033,P0072,3,4076.0,5
OD000056,O00034,P0059,2,9307.0,15
OD000057,O00035,P0125,2,2245.0,10
OD000058,O00036,P0127,4,458.0,0
OD000059,O00037,P0136,4,2962.0,15
OD000060,O00038,P0154,2,58654.0,10
OD000061,O00038,P0054,3,2132.0,5
OD000062,O00038,P0014,3,80631.0,15
OD000063,O00038,P0026,3,33587.0,25
OD000064,O00039,P0029,2,31521.0,0
OD000065,O00039,P0010,4,56892.0,0
OD000066,O00040,P0109,2,3854.0,10
OD000067,O00041,P0041,2,10071.0,25
OD000068,O00041,P0148,1,24905.0,15
OD000069,O00042,P0103,2,771.0,25
OD000070,O00043,P0148,4,24905.0,25
OD000071,O00044,P0032,4,29369.0,0
OD000072,O00044,P0068,1,1904.0,5
OD000073,O00045,P0090,2,6696.0,20
OD000074,O00046,P0125,1,2245.0,20
OD000075,O00047,P0142,1,41501.0,0
OD000076,O00047,P0119,3,1373.0,25
OD000077,O00048,P0089,4,2997.0,25
OD000078,O00048,P0146,1,53886.0,25
OD000079,O00049,P0043,4,8969.0,10
OD000080,O00049,P0030,2,54081.0,0
OD000081,O00049,P0134,2,6094.0,0
OD000082,O00050,P0041,4,10071.0,5
OD000083,O00050,P0153,3,26414.0,20
OD000084,O00050,P0111,4,1846.0,0
OD000085,O00050,P0149,3,6514.0,10
OD000086,O00051,P0066,2,5839.0,15
OD000087,O00051,P0078,3,8600.0,10
OD000088,O00051,P0091,4,4973.0,5
OD000089,O00052,P0140,2,6575.0,0
OD000090,O00052,P0125,4,2245.0,0
OD000091,O00052,P0016,3,51115.0,0
OD000092,O00053,P0057,3,8262.0,25
OD000093,O00054,P0128,1,11621.0,0
OD000094,O00054,P0071,2,4311.0,15
OD000095,O00054,P0077,4,57019.0,10
OD000096,O00055,P0031,1,29153.0,15
OD000097,O00055,P0029,4,31521.0,0
OD000098,O00056,P0034,2,36218.0,5
OD000099,O00057,P0130,1,9352.0,0
OD000100,O00058,P0055,4,4223.0,0
OD000101,O00059,P0046,1,5108.0,0
OD000102,O00060,P0011,2,21879.0,10
OD000103,O00061,P0010,1,56892.0,0
OD000104,O00061,P0076,2,894.0,5
OD000105,O00062,P0155,3,72075.0,5
OD000106,O00063,P0109,4,3854.0,20
OD000107,O00064,P0017,2,39927.0,10
OD000108,O00064,P0144,1,44525.0,10
OD000109,O00065,P0028,3,30285.0,0
OD000110,O00066,P0085,1,8130.0,15
OD000111,O00066,P0097,4,4219.0,5
OD000112,O00067,P0132,3,6274.0,25
OD000113,O00068,P0154,4,58654.0,0
OD000114,O00069,P0070,1,357.0,0
OD000115,O00069,P0058,1,2360.0,10
OD000116,O00069,P0134,2,6094.0,0
OD000117,O00069,P0137,2,4748.0,25
OD000118,O00070,P0114,4,1392.0,15
OD000119,O00070,P0019,1,7506.0,15
OD000120,O00071,P0024,1,89341.0,0
OD000121,O00071,P0062,1,11980.0,5
OD000122,O00071,P0132,3,6274.0,0
OD000123,O00072,P0121,2,2262.0,10
OD000124,O00073,P0035,3,75079.0,10
OD000125,O00073,P0076,3,894.0,0
OD000126,O00074,P0118,2,1045.0,10
OD000127,O00074,P0114,2,1392.0,0
OD000128,O00074,P0067,4,4637.0,0
OD000129,O00074,P0001,4,37548.0,0
OD000130,O00075,P0129,1,890.0,5
OD000131,O00076,P0059,4,9307.0,0
OD000132,O00076,P0033,1,85759.0,10
OD000133,O00076,P0156,4,58031.0,0
OD000134,O00077,P0029,1,31521.0,20
OD000135,O00077,P0055,1,4223.0,5
OD000136,O00077,P0039,2,1789.0,0
OD000137,O00078,P0078,3,8600.0,0
OD000138,O00078,P0116,2,164.0,10
OD000139,O00079,P0050,1,10277.0,0
OD000140,O00079,P0142,1,41501.0,10
OD000141,O00079,P0038,1,2566.0,0
OD000142,O00080,P0133,4,3741.0,10
OD000143,O00081,P0116,4,164.0,0
OD000144,O00082,P0060,2,8945.0,15
OD000145,O00082,P0052,4,8989.0,25
OD000146,O00083,P0062,4,11980.0,10
OD000147,O00084,P0151,2,58699.0,0
OD000148,O00084,P0042,2,6552.0,25
OD000149,O00084,P0101,1,1082.0,0
OD000150,O00085,P0118,4,1045.0,10
OD000151,O00085,P0024,1,89341.0,15
OD000152,O00085,P0082,1,56796.0,10
OD000153,O00086,P0129,2,890.0,0
OD000154,O00087,P0116,1,164.0,0
OD000155,O00088,P0052,1,8989.0,10
OD000156,O00088,P0066,2,5839.0,10
OD000157,O00089,P0138,4,55464.0,0
OD000158,O00090,P0143,4,4601.0,25
OD000159,O00091,P0068,3,1904.0,10
OD000160,O00092,P0045,3,4671.0,0
OD000161,O00093,P0137,4,4748.0,10
OD000162,O00093,P0065,1,4361.0,0
OD000163,O00094,P0138,3,55464.0,10
OD000164,O00095,P0087,1,6958.0,20
OD000165,O00096,P0009,3,37963.0,25
OD000166,O00096,P0005,3,30157.0,15
OD000167,O00097,P0111,3,1846.0,25
OD000168,O00098,P0076,2,894.0,0
OD000169,O00098,P0050,1,10277.0,10
OD000170,O00099,P0025,3,81340.0,15
OD000171,O00100,P0010,4,56892.0,5
OD000172,O00101,P0082,3,56796.0,0
OD000173,O00102,P0024,2,89341.0,20
OD000174,O00102,P0113,1,2101.0,20
OD000175,O00102,P0128,2,11621.0,15
OD000176,O00103,P0067,3,4637.0,15
OD000177,O00104,P0031,3,29153.0,15
OD000178,O00105,P0047,4,7733.0,0
OD000179,O00105,P0083,1,62137.0,0
OD000180,O00105,P0022,3,84820.0,10
OD000181,O00106,P0098,2,565.0,0
OD000182,O00107,P0060,4,8945.0,25
OD000183,O00107,P0136,4,2962.0,0
OD000184,O00107,P0121,3,2262.0,0
OD000185,O00107,P0106,4,2055.0,0
OD000186,O00108,P0015,1,61717.0,15
OD000187,O00108,P0018,4,77174.0,25
OD000188,O00108,P0083,1,62137.0,10
OD000189,O00109,P0155,1,72075.0,20
OD000190,O00109,P0011,2,21879.0,25
OD000191,O00109,P0046,2,5108.0,0
OD000192,O00109,P0131,4,2388.0,15
OD000193,O00110,P0152,1,16657.0,0
OD000194,O00111,P0021,2,51323.0,0
OD000195,O00112,P0047,2,7733.0,0
OD000196,O00113,P0137,2,4748.0,10
OD000197,O00114,P0137,3,4748.0,20
OD000198,O00115,P0141,2,27658.0,25
OD000199,O00116,P0116,3,164.0,0
OD000200,O00117,P0043,1,8969.0,0
OD000201,O00118,P0106,3,2055.0,20
OD000202,O00118,P0099,1,1622.0,5
OD000203,O00119,P0132,1,6274.0,0
OD000204,O00120,P0016,3,51115.0,0
OD000205,O00120,P0090,3,6696.0,5
OD000206,O00120,P0101,3,1082.0,20
OD000207,O00121,P0073,2,1183.0,25
OD000208,O00121,P0143,2,4601.0,0
OD000209,O00121,P0079,4,54272.0,10
OD000210,O00122,P0126,3,4619.0,20
OD000211,O00123,P0154,1,58654.0,20
OD000212,O00123,P0044,2,488.0,0
OD000213,O00124,P0020,1,11958.0,0
OD000214,O00125,P0117,3,948.0,0
OD000215,O00126,P0083,3,62137.0,5
OD000216,O00126,P0156,3,58031.0,0
OD000217,O00127,P0075,2,3434.0,25
OD000218,O00127,P0048,1,8501.0,10
OD000219,O00128,P0139,4,22366.0,20
OD000220,O00129,P0110,2,919.0,25
OD000221,O00130,P0015,1,61717.0,25
OD000222,O00131,P0073,2,1183.0,0
OD000223,O00131,P0102,4,4842.0,5
OD000224,O00132,P0151,4,58699.0,25
OD000225,O00132,P0017,1,39927.0,5
OD000226,O00133,P0080,1,34091.0,0
OD000227,O00134,P0025,4,81340.0,10
OD000228,O00135,P0012,2,14896.0,15
OD000229,O00135,P0081,1,71792.0,10
OD000230,O00135,P0001,3,37548.0,25
OD000231,O00136,P0022,3,84820.0,20
OD000232,O00137,P0007,3,27562.0,0
OD000233,O00137,P0091,3,4973.0,0
OD000234,O00138,P0122,1,2157.0,15
OD000235,O00138,P0090,4,6696.0,0
OD000236,O00139,P0041,3,10071.0,0
OD000237,O00139,P0096,4,1121.0,0
OD000238,O00140,P0134,1,6094.0,15
OD000239,O00141,P0092,4,11144.0,5
OD000240,O00142,P0127,3,458.0,10
OD000241,O00143,P0071,1,4311.0,0
OD000242,O00144,P0041,2,10071.0,20
OD000243,O00145,P0147,2,5117.0,15
OD000244,O00146,P0136,1,2962.0,10
OD000245,O00146,P0070,1,357.0,0
OD000246,O00147,P0043,1,8969.0,25
OD000247,O00148,P0133,4,3741.0,15
OD000248,O00149,P0051,2,6426.0,15
OD000249,O00149,P0062,3,11980.0,10
OD000250,O00150,P0046,4,5108.0,0
OD000251,O00151,P0031,1,29153.0,25
OD000252,O00152,P0088,2,3802.0,5
OD000253,O00153,P0050,3,10277.0,0
OD000254,O00153,P0001,2,37548.0,10
OD000255,O00154,P0030,1,54081.0,10
OD000256,O00154,P0014,1,80631.0,20
OD000257,O00155,P0128,3,11621.0,0
OD000258,O00155,P0151,3,58699.0,10
OD000259,O00156,P0065,4,4361.0,0
OD000260,O00157,P0132,3,6274.0,10
OD000261,O00158,P0091,1,4973.0,15
OD000262,O00159,P0155,4,72075.0,15
OD000263,O00160,P0146,3,53886.0,0
OD000264,O00161,P0104,1,4730.0,5
OD000265,O00162,P0119,2,1373.0,5
OD000266,O00162,P0125,2,2245.0,10
OD000267,O00162,P0120,3,1825.0,10
OD000268,O00162,P0110,2,919.0,5
OD000269,O00163,P0078,3,8600.0,25
OD000270,O00163,P0124,2,129.0,25
OD000271,O00163,P0001,4,37548.0,5
OD000272,O00164,P0050,1,10277.0,0
OD000273,O00165,P0145,4,38085.0,0
OD000274,O00165,P0078,1,8600.0,20
OD000275,O00166,P0001,4,37548.0,10
OD000276,O00167,P0078,2,8600.0,0
OD000277,O00167,P0119,1,1373.0,10
OD000278,O00167,P0024,1,89341.0,15
OD000279,O00167,P0087,4,6958.0,25
OD000280,O00168,P0029,2,31521.0,0
OD000281,O00168,P0147,3,5117.0,5
OD000282,O00168,P0071,2,4311.0,15
OD000283,O00169,P0124,2,129.0,20
OD000284,O00170,P0110,1,919.0,15
OD000285,O00170,P0008,2,30393.0,0
OD000286,O00170,P0085,3,8130.0,0
OD000287,O00171,P0154,1,58654.0,5
OD000288,O00171,P0088,2,3802.0,25
OD000289,O00171,P0109,1,3854.0,10
OD000290,O00171,P0031,3,29153.0,0
OD000291,O00172,P0111,1,1846.0,15
OD000292,O00173,P0010,1,56892.0,0
OD000293,O00174,P0146,2,53886.0,5
OD000294,O00174,P0078,3,8600.0,5
OD000295,O00175,P0048,4,8501.0,0
OD000296,O00176,P0098,1,565.0,0
OD000297,O00176,P0151,1,58699.0,0
OD000298,O00177,P0082,3,56796.0,15
OD000299,O00177,P0023,1,50020.0,15
OD000300,O00178,P0030,3,54081.0,15
OD000301,O00179,P0064,3,8779.0,20
OD000302,O00179,P0152,1,16657.0,25
OD000303,O00180,P0043,3,8969.0,10
OD000304,O00180,P0092,1,11144.0,20
OD000305,O00181,P0128,2,11621.0,5
OD000306,O00181,P0066,1,5839.0,10
OD000307,O00182,P0097,3,4219.0,5
OD000308,O00182,P0033,2,85759.0,5
OD000309,O00183,P0080,4,34091.0,20
OD000310,O00184,P0032,1,29369.0,10
OD000311,O00185,P0050,3,10277.0,20
OD000312,O00186,P0091,2,4973.0,20
OD000313,O00186,P0140,1,6575.0,0
OD000314,O00187,P0111,3,1846.0,5
OD000315,O00187,P0144,1,44525.0,0
OD000316,O00188,P0153,4,26414.0,15
OD000317,O00188,P0010,4,56892.0,15
OD000318,O00189,P0060,3,8945.0,0
OD000319,O00190,P0075,4,3434.0,0
OD000320,O00190,P0139,2,22366.0,0
OD000321,O00191,P0057,2,8262.0,25
OD000322,O00191,P0078,1,8600.0,10
OD000323,O00192,P0030,1,54081.0,15
OD000324,O00193,P0155,1,72075.0,0
OD000325,O00193,P0045,2,4671.0,5
OD000326,O00194,P0132,1,6274.0,15
OD000327,O00195,P0061,4,3770.0,0
OD000328,O00196,P0105,4,2236.0,15
OD000329,O00197,P0124,2,129.0,0
OD000330,O00198,P0147,4,5117.0,0
OD000331,O00199,P0136,2,2962.0,0
OD000332,O00199,P0088,2,3802.0,15
OD000333,O00200,P0043,3,8969.0,25
OD000334,O00200,P0089,3,2997.0,15
OD000335,O00200,P0033,2,85759.0,20
OD000336,O00201,P0084,3,59582.0,0
OD000337,O00202,P0010,2,56892.0,0
OD000338,O00202,P0077,1,57019.0,0
OD000339,O00203,P0108,2,2690.0,20
OD000340,O00203,P0008,3,30393.0,5
OD000341,O00203,P0097,2,4219.0,5
OD000342,O00204,P0073,1,1183.0,5
OD000343,O00204,P0120,2,1825.0,10
OD000344,O00205,P0022,4,84820.0,15
OD000345,O00206,P0066,2,5839.0,20
OD000346,O00206,P0078,3,8600.0,0
OD000347,O00207,P0013,2,14176.0,20
OD000348,O00208,P0059,1,9307.0,10
OD000349,O00209,P0149,2,6514.0,0
OD000350,O00209,P0053,1,5610.0,0
OD000351,O00209,P0135,3,10468.0,0
OD000352,O00210,P0124,3,129.0,0
OD000353,O00210,P0113,4,2101.0,15
OD000354,O00210,P0094,3,1258.0,0
OD000355,O00211,P0055,2,4223.0,10
OD000356,O00212,P0012,2,14896.0,20
OD000357,O00213,P0154,3,58654.0,10
OD000358,O00214,P0129,2,890.0,5
OD000359,O00214,P0101,4,1082.0,10
OD000360,O00214,P0103,4,771.0,10
OD000361,O00215,P0151,4,58699.0,20
OD000362,O00215,P0085,4,8130.0,10
OD000363,O00215,P0097,4,4219.0,25
OD000364,O00216,P0085,4,8130.0,0
OD000365,O00217,P0088,3,3802.0,10
OD000366,O00218,P0082,1,56796.0,10
OD000367,O00218,P0003,4,12895.0,0
OD000368,O00218,P0055,3,4223.0,0
OD000369,O00219,P0151,2,58699.0,15
OD000370,O00219,P0135,3,10468.0,15
OD000371,O00219,P0010,3,56892.0,0
OD000372,O00219,P0005,2,30157.0,0
OD000373,O00220,P0092,2,11144.0,20
OD000374,O00220,P0036,4,78122.0,20
OD000375,O00220,P0085,2,8130.0,5
OD000376,O00221,P0133,1,3741.0,20
OD000377,O00221,P0073,2,1183.0,10
OD000378,O00222,P0015,3,61717.0,0
OD000379,O00222,P0075,1,3434.0,0
OD000380,O00223,P0145,3,38085.0,15
OD000381,O00223,P0018,3,77174.0,0
OD000382,O00224,P0144,2,44525.0,10
OD000383,O00225,P0046,4,5108.0,25
OD000384,O00225,P0063,1,11304.0,10
OD000385,O00225,P0070,3,357.0,20
OD000386,O00226,P0117,4,948.0,0
OD000387,O00226,P0077,3,57019.0,0
OD000388,O00227,P0134,3,6094.0,0
OD000389,O00227,P0139,4,22366.0,0
OD000390,O00227,P0156,2,58031.0,5
OD000391,O00228,P0105,2,2236.0,0
OD000392,O00228,P0029,3,31521.0,20
OD000393,O00229,P0004,2,5665.0,5
OD000394,O00229,P0138,2,55464.0,20
OD000395,O00230,P0096,2,1121.0,0
OD000396,O00230,P0144,3,44525.0,10
OD000397,O00231,P0048,4,8501.0,20
OD000398,O00232,P0011,4,21879.0,0
OD000399,O00233,P0001,4,37548.0,5
OD000400,O00234,P0150,4,58459.0,5
OD000401,O00234,P0054,1,2132.0,0
OD000402,O00235,P0082,2,56796.0,0
OD000403,O00236,P0040,1,2804.0,25
OD000404,O00237,P0059,3,9307.0,0
OD000405,O00238,P0039,3,1789.0,25
OD000406,O00239,P0091,2,4973.0,15
OD000407,O00240,P0109,4,3854.0,0
OD000408,O00240,P0116,2,164.0,25
OD000409,O00240,P0081,4,71792.0,20
OD000410,O00241,P0050,1,10277.0,5
OD000411,O00241,P0080,4,34091.0,0
OD000412,O00242,P0047,3,7733.0,10
OD000413,O00242,P0024,4,89341.0,0
OD000414,O00242,P0098,1,565.0,25
OD000415,O00243,P0077,4,57019.0,10
OD000416,O00243,P0007,1,27562.0,0
OD000417,O00243,P0010,2,56892.0,0
OD000418,O00243,P0109,3,3854.0,10
OD000419,O00244,P0047,1,7733.0,5
OD000420,O00244,P0021,3,51323.0,0
OD000421,O00245,P0070,1,357.0,0
OD000422,O00245,P0075,1,3434.0,10
OD000423,O00245,P0009,3,37963.0,15
OD000424,O00246,P0049,3,2043.0,25
OD000425,O00247,P0006,1,80407.0,25
OD000426,O00247,P0097,1,4219.0,5
OD000427,O00248,P0110,1,919.0,10
OD000428,O00248,P0066,3,5839.0,0
OD000429,O00248,P0034,1,36218.0,10
OD000430,O00248,P0046,1,5108.0,10
OD000431,O00249,P0032,3,29369.0,15
OD000432,O00250,P0126,3,4619.0,0
OD000433,O00251,P0103,3,771.0,5
OD000434,O00251,P0069,1,582.0,10
OD000435,O00252,P0077,2,57019.0,20
OD000436,O00252,P0052,3,8989.0,20
OD000437,O00253,P0024,1,89341.0,5
OD000438,O00254,P0031,1,29153.0,0
OD000439,O00255,P0118,3,1045.0,15
OD000440,O00255,P0143,3,4601.0,20
OD000441,O00255,P0129,1,890.0,20
OD000442,O00256,P0082,4,56796.0,25
OD000443,O00256,P0062,3,11980.0,0
OD000444,O00256,P0088,1,3802.0,0
OD000445,O00257,P0077,4,57019.0,0
OD000446,O00258,P0091,2,4973.0,20
OD000447,O00259,P0066,4,5839.0,0
OD000448,O00259,P0099,1,1622.0,10
OD000449,O00260,P0103,4,771.0,15
OD000450,O00260,P0061,4,3770.0,0
OD000451,O00261,P0032,4,29369.0,15
OD000452,O00262,P0135,2,10468.0,5
OD000453,O00263,P0151,1,58699.0,20
OD000454,O00264,P0087,3,6958.0,0
OD000455,O00264,P0147,3,5117.0,25
OD000456,O00264,P0009,2,37963.0,10
OD000457,O00265,P0108,3,2690.0,25
OD000458,O00266,P0090,3,6696.0,15
OD000459,O00267,P0019,2,7506.0,25
OD000460,O00268,P0054,3,2132.0,5
OD000461,O00269,P0072,2,4076.0,10
OD000462,O00269,P0074,2,3972.0,15
OD000463,O00269,P0103,4,771.0,0
OD000464,O00269,P0007,1,27562.0,20
OD000465,O00270,P0136,4,2962.0,10
OD000466,O00270,P0079,1,54272.0,0
OD000467,O00270,P0048,3,8501.0,25
OD000468,O00271,P0105,4,2236.0,15
OD000469,O00271,P0012,4,14896.0,5
OD000470,O00271,P0154,1,58654.0,5
OD000471,O00272,P0091,3,4973.0,5
OD000472,O00273,P0105,4,2236.0,0
OD000473,O00274,P0136,4,2962.0,15
OD000474,O00275,P0104,2,4730.0,10
OD000475,O00275,P0086,3,13724.0,0
OD000476,O00276,P0139,1,22366.0,0
OD000477,O00276,P0151,3,58699.0,0
OD000478,O00277,P0055,3,4223.0,10
OD000479,O00277,P0047,4,7733.0,0
OD000480,O00277,P0140,2,6575.0,0
OD000481,O00278,P0014,4,80631.0,5
OD000482,O00278,P0051,1,6426.0,25
OD000483,O00278,P0025,4,81340.0,0
OD000484,O00279,P0006,1,80407.0,20
OD000485,O00279,P0149,2,6514.0,25
OD000486,O00279,P0094,2,1258.0,20
OD000487,O00280,P0148,4,24905.0,20
OD000488,O00280,P0103,1,771.0,0
OD000489,O00281,P0139,3,22366.0,0
OD000490,O00281,P0106,3,2055.0,0
OD000491,O00281,P0071,4,4311.0,25
OD000492,O00282,P0118,2,1045.0,0
OD000493,O00282,P0070,1,357.0,0
OD000494,O00282,P0060,4,8945.0,0
OD000495,O00283,P0127,1,458.0,0
OD000496,O00284,P0101,3,1082.0,0
OD000497,O00284,P0131,2,2388.0,10
OD000498,O00285,P0052,4,8989.0,5
OD000499,O00285,P0089,1,2997.0,10
OD000500,O00286,P0106,4,2055.0,20
OD000501,O00286,P0061,4,3770.0,0
OD000502,O00287,P0058,4,2360.0,0
OD000503,O00287,P0143,4,4601.0,0
OD000504,O00288,P0017,4,39927.0,10
OD000505,O00289,P0101,4,1082.0,20
OD000506,O00289,P0107,4,1172.0,10
OD000507,O00290,P0028,4,30285.0,25
OD000508,O00291,P0105,2,2236.0,10
OD000509,O00291,P0007,3,27562.0,0
OD000510,O00291,P0102,1,4842.0,10
OD000511,O00292,P0056,3,9595.0,0
OD000512,O00293,P0075,4,3434.0,10
OD000513,O00293,P0022,2,84820.0,20
OD000514,O00293,P0028,2,30285.0,0
OD000515,O00293,P0034,2,36218.0,0
OD000516,O00294,P0038,3,2566.0,5
OD000517,O00294,P0022,1,84820.0,20
OD000518,O00295,P0059,3,9307.0,20
OD000519,O00296,P0095,4,1298.0,0
OD000520,O00296,P0088,1,3802.0,10
OD000521,O00297,P0083,1,62137.0,0
OD000522,O00298,P0050,3,10277.0,0
OD000523,O00298,P0004,1,5665.0,0
OD000524,O00298,P0028,1,30285.0,15
OD000525,O00299,P0064,2,8779.0,15
OD000526,O00299,P0058,1,2360.0,0
OD000527,O00300,P0129,2,890.0,15
OD000528,O00300,P0088,3,3802.0,25
OD000529,O00301,P0071,2,4311.0,10
OD000530,O00301,P0143,4,4601.0,10
OD000531,O00302,P0105,2,2236.0,5
OD000532,O00302,P0069,3,582.0,10
OD000533,O00303,P0071,2,4311.0,10
OD000534,O00303,P0075,4,3434.0,0
OD000535,O00304,P0108,1,2690.0,10
OD000536,O00304,P0156,4,58031.0,20
OD000537,O00305,P0140,3,6575.0,15
OD000538,O00305,P0036,2,78122.0,25
OD000539,O00306,P0060,4,8945.0,10
OD000540,O00306,P0137,2,4748.0,0
OD000541,O00306,P0122,1,2157.0,5
OD000542,O00307,P0067,4,4637.0,0
OD000543,O00308,P0014,4,80631.0,15
OD000544,O00308,P0118,3,1045.0,0
OD000545,O00308,P0133,2,3741.0,10
OD000546,O00309,P0035,3,75079.0,10
OD000547,O00310,P0075,2,3434.0,20
OD000548,O00310,P0100,2,656.0,10
OD000549,O00310,P0088,1,3802.0,0
OD000550,O00311,P0029,2,31521.0,0
OD000551,O00311,P0067,4,4637.0,0
OD000552,O00311,P0095,1,1298.0,10
OD000553,O00312,P0152,4,16657.0,0
OD000554,O00312,P0116,3,164.0,0
OD000555,O00313,P0102,3,4842.0,10
OD000556,O00313,P0143,2,4601.0,0
OD000557,O00314,P0149,1,6514.0,15
OD000558,O00315,P0052,2,8989.0,0
OD000559,O00315,P0072,2,4076.0,5
OD000560,O00315,P0156,3,58031.0,15
OD000561,O00315,P0103,2,771.0,15
OD000562,O00316,P0078,2,8600.0,0
OD000563,O00316,P0008,1,30393.0,0
OD000564,O00317,P0096,1,1121.0,0
OD000565,O00318,P0120,2,1825.0,0
OD000566,O00318,P0106,4,2055.0,25
OD000567,O00319,P0012,1,14896.0,10
OD000568,O00320,P0134,1,6094.0,0
OD000569,O00320,P0102,2,4842.0,10
OD000570,O00320,P0003,3,12895.0,0
OD000571,O00321,P0018,2,77174.0,0
OD000572,O00322,P0120,2,1825.0,0
OD000573,O00322,P0075,3,3434.0,5
OD000574,O00323,P0090,4,6696.0,15
OD000575,O00323,P0147,1,5117.0,5
OD000576,O00324,P0034,4,36218.0,0
OD000577,O00324,P0119,1,1373.0,25
OD000578,O00325,P0136,1,2962.0,0
OD000579,O00325,P0048,2,8501.0,15
OD000580,O00326,P0026,3,33587.0,10
OD000581,O00326,P0127,4,458.0,10
OD000582,O00327,P0065,1,4361.0,10
OD000583,O00327,P0023,2,50020.0,0
OD000584,O00328,P0030,1,54081.0,0
OD000585,O00328,P0121,3,2262.0,25
OD000586,O00328,P0099,2,1622.0,5
OD000587,O00328,P0148,1,24905.0,15
OD000588,O00329,P0112,2,1185.0,20
OD000589,O00330,P0017,3,39927.0,0
OD000590,O00330,P0051,1,6426.0,25
OD000591,O00331,P0079,1,54272.0,10
OD000592,O00331,P0103,2,771.0,15
OD000593,O00332,P0023,4,50020.0,15
OD000594,O00332,P0135,3,10468.0,0
OD000595,O00333,P0117,1,948.0,15
OD000596,O00333,P0098,4,565.0,15
OD000597,O00334,P0024,1,89341.0,25
OD000598,O00335,P0143,4,4601.0,0
OD000599,O00336,P0007,2,27562.0,15
OD000600,O00336,P0125,2,2245.0,15
OD000601,O00337,P0126,3,4619.0,0
OD000602,O00337,P0109,1,3854.0,15
OD000603,O00338,P0021,2,51323.0,20
OD000604,O00338,P0094,4,1258.0,0
OD000605,O00338,P0001,2,37548.0,0
OD000606,O00339,P0097,4,4219.0,20
OD000607,O00340,P0141,1,27658.0,5
OD000608,O00340,P0052,4,8989.0,15
OD000609,O00341,P0033,4,85759.0,10
OD000610,O00342,P0130,1,9352.0,20
OD000611,O00343,P0136,2,2962.0,10
OD000612,O00344,P0032,1,29369.0,0
OD000613,O00344,P0142,3,41501.0,10
OD000614,O00345,P0068,4,1904.0,20
OD000615,O00345,P0059,2,9307.0,15
OD000616,O00346,P0043,4,8969.0,15
OD000617,O00347,P0126,2,4619.0,25
OD000618,O00348,P0108,1,2690.0,10
OD000619,O00349,P0087,1,6958.0,10
OD000620,O00350,P0054,4,2132.0,0
OD000621,O00351,P0140,4,6575.0,10
OD000622,O00351,P0010,4,56892.0,25
OD000623,O00351,P0115,2,2578.0,0
OD000624,O00352,P0075,2,3434.0,10
OD000625,O00352,P0081,4,71792.0,10
OD000626,O00352,P0123,1,3569.0,25
OD000627,O00352,P0114,4,1392.0,0
OD000628,O00353,P0044,3,488.0,25
OD000629,O00353,P0132,4,6274.0,0
OD000630,O00354,P0084,3,59582.0,0
OD000631,O00355,P0054,2,2132.0,10
OD000632,O00356,P0102,2,4842.0,25
OD000633,O00357,P0058,4,2360.0,10
OD000634,O00357,P0023,4,50020.0,0
OD000635,O00357,P0082,2,56796.0,0
OD000636,O00358,P0024,2,89341.0,0
OD000637,O00358,P0089,1,2997.0,0
OD000638,O00359,P0044,2,488.0,10
OD000639,O00359,P0060,1,8945.0,0
OD000640,O00360,P0039,4,1789.0,0
OD000641,O00360,P0103,4,771.0,10
OD000642,O00361,P0114,1,1392.0,15
OD000643,O00362,P0075,3,3434.0,0
OD000644,O00362,P0140,2,6575.0,0
OD000645,O00363,P0150,2,58459.0,15
OD000646,O00364,P0132,1,6274.0,25
OD000647,O00364,P0099,1,1622.0,15
OD000648,O00365,P0013,1,14176.0,0
OD000649,O00366,P0072,4,4076.0,5
OD000650,O00366,P0118,1,1045.0,0
OD000651,O00367,P0154,2,58654.0,15
OD000652,O00367,P0111,4,1846.0,0
OD000653,O00367,P0065,3,4361.0,20
OD000654,O00368,P0119,4,1373.0,10
OD000655,O00369,P0131,3,2388.0,20
OD000656,O00369,P0122,1,2157.0,10
OD000657,O00369,P0143,3,4601.0,15
OD000658,O00369,P0072,3,4076.0,15
OD000659,O00370,P0080,4,34091.0,10
OD000660,O00370,P0138,1,55464.0,15
OD000661,O00371,P0121,4,2262.0,5
OD000662,O00371,P0137,3,4748.0,10
OD000663,O00372,P0043,3,8969.0,5
OD000664,O00373,P0120,1,1825.0,10
OD000665,O00374,P0010,4,56892.0,25
OD000666,O00375,P0125,4,2245.0,10
OD000667,O00375,P0128,2,11621.0,10
OD000668,O00375,P0091,2,4973.0,10
OD000669,O00375,P0132,2,6274.0,10
OD000670,O00376,P0135,4,10468.0,0
OD000671,O00376,P0083,4,62137.0,20
OD000672,O00377,P0033,4,85759.0,10
OD000673,O00378,P0113,2,2101.0,0
OD000674,O00378,P0056,1,9595.0,20
OD000675,O00379,P0099,4,1622.0,0
OD000676,O00380,P0081,3,71792.0,5
OD000677,O00380,P0037,2,6843.0,15
OD000678,O00380,P0117,2,948.0,10
OD000679,O00381,P0105,4,2236.0,10
OD000680,O00382,P0091,1,4973.0,10
OD000681,O00382,P0008,1,30393.0,10
OD000682,O00382,P0137,3,4748.0,0
OD000683,O00383,P0089,1,2997.0,0
OD000684,O00384,P0095,4,1298.0,20
OD000685,O00384,P0104,2,4730.0,0
OD000686,O00385,P0103,2,771.0,10
OD000687,O00386,P0148,2,24905.0,0
OD000688,O00387,P0030,4,54081.0,5
OD000689,O00387,P0118,4,1045.0,0
OD000690,O00388,P0075,3,3434.0,10
OD000691,O00388,P0056,3,9595.0,0
OD000692,O00388,P0033,2,85759.0,25
OD000693,O00389,P0044,1,488.0,15
OD000694,O00389,P0016,2,51115.0,10
OD000695,O00389,P0019,3,7506.0,0
OD000696,O00390,P0050,2,10277.0,0
OD000697,O00391,P0032,3,29369.0,0
OD000698,O00392,P0068,1,1904.0,10
OD000699,O00392,P0020,2,11958.0,10
OD000700,O00393,P0083,1,62137.0,0
OD000701,O00394,P0119,3,1373.0,5
OD000702,O00394,P0066,2,5839.0,20
OD000703,O00394,P0126,3,4619.0,5
OD000704,O00395,P0093,1,3411.0,0
OD000705,O00396,P0008,3,30393.0,0
OD000706,O00397,P0063,2,11304.0,15
OD000707,O00398,P0142,4,41501.0,10
OD000708,O00399,P0145,4,38085.0,15
OD000709,O00400,P0060,3,8945.0,0
OD000710,O00400,P0008,1,30393.0,25
OD000711,O00400,P0095,3,1298.0,20
OD000712,O00401,P0087,2,6958.0,25
OD000713,O00402,P0099,3,1622.0,10
OD000714,O00402,P0006,3,80407.0,10
OD000715,O00403,P0057,3,8262.0,15
OD000716,O00403,P0082,1,56796.0,0
OD000717,O00403,P0140,2,6575.0,10
OD000718,O00403,P0105,1,2236.0,0
OD000719,O00404,P0102,3,4842.0,10
OD000720,O00405,P0049,3,2043.0,5
OD000721,O00405,P0029,4,31521.0,0
OD000722,O00405,P0068,4,1904.0,0
OD000723,O00406,P0017,1,39927.0,15
OD000724,O00407,P0049,2,2043.0,20
OD000725,O00408,P0073,1,1183.0,0
OD000726,O00409,P0116,3,164.0,20
OD000727,O00409,P0034,3,36218.0,15
OD000728,O00409,P0063,2,11304.0,15
OD000729,O00410,P0119,1,1373.0,0
OD000730,O00411,P0111,1,1846.0,25
OD000731,O00411,P0049,3,2043.0,25
OD000732,O00412,P0081,4,71792.0,15
OD000733,O00413,P0014,1,80631.0,15
OD000734,O00414,P0114,1,1392.0,15
OD000735,O00414,P0087,2,6958.0,0
OD000736,O00415,P0132,2,6274.0,10
OD000737,O00415,P0019,1,7506.0,15
OD000738,O00416,P0006,1,80407.0,10
OD000739,O00416,P0031,3,29153.0,0
OD000740,O00417,P0141,2,27658.0,0
OD000741,O00417,P0144,4,44525.0,20
OD000742,O00418,P0141,1,27658.0,0
OD000743,O00419,P0003,2,12895.0,10
OD000744,O00419,P0061,2,3770.0,25
OD000745,O00419,P0125,1,2245.0,10
OD000746,O00419,P0133,3,3741.0,0
OD000747,O00420,P0100,2,656.0,0
OD000748,O00420,P0116,2,164.0,10
OD000749,O00421,P0131,2,2388.0,15
OD000750,O00421,P0054,3,2132.0,10
OD000751,O00422,P0004,2,5665.0,25
OD000752,O00423,P0129,2,890.0,0
OD000753,O00424,P0077,2,57019.0,20
OD000754,O00425,P0096,3,1121.0,20
OD000755,O00426,P0030,2,54081.0,0
OD000756,O00427,P0031,3,29153.0,10
OD000757,O00428,P0046,3,5108.0,10
OD000758,O00428,P0030,2,54081.0,0
OD000759,O00429,P0103,2,771.0,10
OD000760,O00429,P0068,2,1904.0,15
OD000761,O00430,P0132,3,6274.0,5
OD000762,O00430,P0149,1,6514.0,0
OD000763,O00430,P0139,2,22366.0,20
OD000764,O00431,P0148,1,24905.0,10
OD000765,O00432,P0118,2,1045.0,0
OD000766,O00433,P0140,4,6575.0,0
OD000767,O00433,P0040,4,2804.0,10
OD000768,O00433,P0099,1,1622.0,20
OD000769,O00434,P0069,2,582.0,25
OD000770,O00435,P0034,4,36218.0,0
OD000771,O00436,P0078,1,8600.0,0
OD000772,O00436,P0088,4,3802.0,5
OD000773,O00437,P0150,2,58459.0,0
OD000774,O00437,P0055,1,4223.0,25
OD000775,O00437,P0133,2,3741.0,15
OD000776,O00438,P0131,1,2388.0,10
OD000777,O00438,P0005,4,30157.0,5
OD000778,O00439,P0059,4,9307.0,20
OD000779,O00439,P0016,1,51115.0,0
OD000780,O00440,P0050,4,10277.0,20
OD000781,O00441,P0147,3,5117.0,10
OD000782,O00442,P0057,1,8262.0,10
OD000783,O00442,P0003,2,12895.0,0
OD000784,O00442,P0049,3,2043.0,10
OD000785,O00443,P0089,1,2997.0,0
OD000786,O00444,P0112,4,1185.0,25
OD000787,O00445,P0068,4,1904.0,25
OD000788,O00446,P0102,2,4842.0,10
OD000789,O00446,P0020,3,11958.0,0
OD000790,O00447,P0071,3,4311.0,25
OD000791,O00448,P0071,4,4311.0,0
OD000792,O00449,P0092,1,11144.0,10
OD000793,O00450,P0068,2,1904.0,10
OD000794,O00451,P0152,4,16657.0,10
OD000795,O00452,P0120,1,1825.0,25
OD000796,O00453,P0099,2,1622.0,5
OD000797,O00453,P0156,4,58031.0,25
OD000798,O00454,P0005,1,30157.0,0
OD000799,O00454,P0144,2,44525.0,25
OD000800,O00455,P0007,4,27562.0,0
OD000801,O00455,P0156,1,58031.0,0
OD000802,O00456,P0123,3,3569.0,0
OD000803,O00456,P0131,2,2388.0,5
OD000804,O00456,P0094,3,1258.0,15
OD000805,O00457,P0077,3,57019.0,0
OD000806,O00458,P0047,1,7733.0,5
OD000807,O00459,P0126,2,4619.0,10
OD000808,O00459,P0087,2,6958.0,0
OD000809,O00460,P0120,2,1825.0,0
OD000810,O00461,P0101,4,1082.0,25
OD000811,O00461,P0019,1,7506.0,15
OD000812,O00461,P0031,2,29153.0,15
OD000813,O00462,P0026,2,33587.0,25
OD000814,O00462,P0020,1,11958.0,20
OD000815,O00462,P0072,2,4076.0,15
OD000816,O00463,P0016,4,51115.0,25
OD000817,O00463,P0036,3,78122.0,20
OD000818,O00464,P0144,2,44525.0,0
OD000819,O00465,P0001,3,37548.0,0
OD000820,O00466,P0134,1,6094.0,0
OD000821,O00467,P0111,1,1846.0,20
OD000822,O00467,P0020,1,11958.0,15
OD000823,O00467,P0123,2,3569.0,10
OD000824,O00467,P0065,3,4361.0,0
OD000825,O00468,P0085,3,8130.0,0
OD000826,O00468,P0037,2,6843.0,5
OD000827,O00469,P0138,3,55464.0,0
OD000828,O00470,P0070,1,357.0,10
OD000829,O00470,P0152,3,16657.0,10
OD000830,O00471,P0007,3,27562.0,15
OD000831,O00472,P0140,2,6575.0,15
OD000832,O00472,P0013,3,14176.0,10
OD000833,O00473,P0020,1,11958.0,0
OD000834,O00474,P0012,4,14896.0,0
OD000835,O00475,P0154,4,58654.0,0
OD000836,O00476,P0051,4,6426.0,0
OD000837,O00476,P0038,4,2566.0,5
OD000838,O00477,P0141,4,27658.0,0
OD000839,O00477,P0043,2,8969.0,15
OD000840,O00478,P0140,4,6575.0,20
OD000841,O00478,P0054,2,2132.0,0
OD000842,O00479,P0109,4,3854.0,5
OD000843,O00480,P0150,2,58459.0,25
OD000844,O00481,P0059,4,9307.0,10
OD000845,O00481,P0016,1,51115.0,0
OD000846,O00481,P0043,2,8969.0,5
OD000847,O00482,P0012,3,14896.0,15
OD000848,O00482,P0016,1,51115.0,10
OD000849,O00483,P0017,4,39927.0,15
OD000850,O00484,P0057,4,8262.0,5
OD000851,O00485,P0033,1,85759.0,10
OD000852,O00485,P0053,1,5610.0,0
OD000853,O00486,P0064,4,8779.0,0
OD000854,O00486,P0054,3,2132.0,0
OD000855,O00486,P0001,1,37548.0,10
OD000856,O00487,P0102,2,4842.0,0
OD000857,O00488,P0011,4,21879.0,5
OD000858,O00488,P0096,4,1121.0,10
OD000859,O00489,P0084,3,59582.0,15
OD000860,O00490,P0015,4,61717.0,25
OD000861,O00491,P0097,1,4219.0,5
OD000862,O00491,P0060,4,8945.0,25
OD000863,O00491,P0140,2,6575.0,0
OD000864,O00492,P0084,2,59582.0,20
OD000865,O00493,P0012,2,14896.0,15
OD000866,O00493,P0088,2,3802.0,0
OD000867,O00494,P0155,2,72075.0,0
OD000868,O00494,P0093,1,3411.0,0
OD000869,O00495,P0153,1,26414.0,15
OD000870,O00496,P0015,2,61717.0,10
OD000871,O00497,P0011,3,21879.0,0
OD000872,O00498,P0053,2,5610.0,0
OD000873,O00499,P0087,4,6958.0,0
OD000874,O00500,P0072,2,4076.0,10
OD000875,O00501,P0080,2,34091.0,0
OD000876,O00502,P0053,1,5610.0,20
OD000877,O00503,P0113,4,2101.0,0
OD000878,O00503,P0080,4,34091.0,10
OD000879,O00504,P0140,3,6575.0,20
OD000880,O00504,P0155,3,72075.0,20
OD000881,O00505,P0108,1,2690.0,10
OD000882,O00505,P0092,2,11144.0,0
OD000883,O00506,P0052,1,8989.0,0
OD000884,O00507,P0124,4,129.0,10
OD000885,O00508,P0054,3,2132.0,25
OD000886,O00508,P0154,1,58654.0,25
OD000887,O00508,P0118,1,1045.0,0
OD000888,O00508,P0088,4,3802.0,0
OD000889,O00509,P0096,3,1121.0,15
OD000890,O00510,P0115,1,2578.0,15
OD000891,O00510,P0001,2,37548.0,0
OD000892,O00510,P0130,2,9352.0,20
OD000893,O00511,P0153,3,26414.0,10
OD000894,O00511,P0038,4,2566.0,0
OD000895,O00511,P0113,4,2101.0,0
OD000896,O00511,P0051,4,6426.0,10
OD000897,O00512,P0026,2,33587.0,20
OD000898,O00512,P0043,1,8969.0,0
OD000899,O00513,P0123,2,3569.0,25
OD000900,O00513,P0024,1,89341.0,15
OD000901,O00514,P0080,2,34091.0,0
OD000902,O00514,P0140,1,6575.0,5
OD000903,O00515,P0023,1,50020.0,20
OD000904,O00515,P0087,1,6958.0,15
OD000905,O00516,P0054,3,2132.0,5
OD000906,O00516,P0135,2,10468.0,0
OD000907,O00516,P0123,4,3569.0,5
OD000908,O00516,P0068,2,1904.0,15
OD000909,O00517,P0130,2,9352.0,0
OD000910,O00517,P0077,4,57019.0,25
OD000911,O00517,P0086,3,13724.0,10
OD000912,O00518,P0066,1,5839.0,10
OD000913,O00518,P0130,1,9352.0,5
OD000914,O00519,P0066,2,5839.0,10
OD000915,O00520,P0132,3,6274.0,25
OD000916,O00520,P0034,3,36218.0,25
OD000917,O00521,P0150,4,58459.0,5
OD000918,O00522,P0103,1,771.0,0
OD000919,O00522,P0054,4,2132.0,10
OD000920,O00523,P0013,2,14176.0,0
OD000921,O00523,P0012,2,14896.0,10
OD000922,O00523,P0048,3,8501.0,0
OD000923,O00523,P0073,4,1183.0,10
OD000924,O00524,P0030,2,54081.0,10
OD000925,O00525,P0133,1,3741.0,10
OD000926,O00525,P0071,4,4311.0,15
OD000927,O00526,P0056,1,9595.0,0
OD000928,O00526,P0126,2,4619.0,15
OD000929,O00526,P0094,1,1258.0,0
OD000930,O00527,P0111,4,1846.0,5
OD000931,O00527,P0083,3,62137.0,10
OD000932,O00528,P0003,2,12895.0,25
OD000933,O00529,P0014,2,80631.0,0
OD000934,O00530,P0087,2,6958.0,0
OD000935,O00531,P0144,1,44525.0,20
OD000936,O00531,P0007,4,27562.0,25
OD000937,O00532,P0002,3,19789.0,0
OD000938,O00532,P0142,4,41501.0,10
OD000939,O00533,P0051,4,6426.0,0
OD000940,O00534,P0044,1,488.0,25
OD000941,O00534,P0142,2,41501.0,0
OD000942,O00535,P0145,2,38085.0,10
OD000943,O00536,P0060,1,8945.0,15
OD000944,O00536,P0093,4,3411.0,25
OD000945,O00537,P0070,2,357.0,5
OD000946,O00538,P0095,4,1298.0,5
OD000947,O00538,P0046,4,5108.0,20
OD000948,O00538,P0052,1,8989.0,20
OD000949,O00538,P0155,2,72075.0,0
OD000950,O00539,P0154,2,58654.0,10
OD000951,O00540,P0091,2,4973.0,10
OD000952,O00540,P0004,2,5665.0,0
OD000953,O00540,P0133,2,3741.0,10
OD000954,O00540,P0132,1,6274.0,25
OD000955,O00541,P0139,2,22366.0,0
OD000956,O00541,P0053,4,5610.0,5
OD000957,O00541,P0103,2,771.0,5
OD000958,O00542,P0127,3,458.0,0
OD000959,O00543,P0141,1,27658.0,10
OD000960,O00544,P0123,2,3569.0,10
OD000961,O00545,P0152,3,16657.0,0
OD000962,O00545,P0047,1,7733.0,0
OD000963,O00546,P0058,2,2360.0,10
OD000964,O00546,P0068,1,1904.0,10
OD000965,O00547,P0125,3,2245.0,0
OD000966,O00548,P0042,4,6552.0,0
OD000967,O00549,P0125,4,2245.0,10
OD000968,O00549,P0068,1,1904.0,10
OD000969,O00549,P0056,1,9595.0,10
OD000970,O00549,P0012,4,14896.0,10
OD000971,O00550,P0148,1,24905.0,5
OD000972,O00551,P0108,3,2690.0,10
OD000973,O00552,P0048,2,8501.0,10
OD000974,O00552,P0144,3,44525.0,0
OD000975,O00552,P0127,1,458.0,25
OD000976,O00553,P0083,2,62137.0,15
OD000977,O00553,P0025,1,81340.0,0
OD000978,O00553,P0136,1,2962.0,5
OD000979,O00554,P0036,3,78122.0,10
OD000980,O00555,P0045,2,4671.0,0
OD000981,O00556,P0154,2,58654.0,5
OD000982,O00556,P0008,4,30393.0,15
OD000983,O00557,P0143,4,4601.0,15
OD000984,O00557,P0127,2,458.0,0
OD000985,O00558,P0031,2,29153.0,5
OD000986,O00558,P0120,4,1825.0,0
OD000987,O00559,P0120,1,1825.0,0
OD000988,O00559,P0025,2,81340.0,0
OD000989,O00560,P0028,2,30285.0,10
OD000990,O00560,P0050,2,10277.0,10
OD000991,O00560,P0032,2,29369.0,10
OD000992,O00561,P0111,4,1846.0,0
OD000993,O00562,P0047,2,7733.0,10
OD000994,O00562,P0075,4,3434.0,5
OD000995,O00563,P0019,3,7506.0,25
OD000996,O00564,P0065,2,4361.0,5
OD000997,O00564,P0043,3,8969.0,5
OD000998,O00565,P0117,1,948.0,25
OD000999,O00566,P0145,3,38085.0,0
OD001000,O00567,P0073,3,1183.0,10
OD001001,O00567,P0111,2,1846.0,10
OD001002,O00568,P0134,2,6094.0,15
OD001003,O00569,P0073,2,1183.0,25
OD001004,O00569,P0090,3,6696.0,10
OD001005,O00569,P0083,1,62137.0,20
OD001006,O00570,P0152,3,16657.0,0
OD001007,O00571,P0013,3,14176.0,0
OD001008,O00571,P0145,3,38085.0,10
OD001009,O00572,P0136,4,2962.0,0
OD001010,O00572,P0049,2,2043.0,15
OD001011,O00572,P0059,4,9307.0,10
OD001012,O00573,P0077,3,57019.0,0
OD001013,O00574,P0045,4,4671.0,15
OD001014,O00574,P0116,3,164.0,0
OD001015,O00574,P0118,3,1045.0,20
OD001016,O00575,P0022,2,84820.0,0
OD001017,O00576,P0153,3,26414.0,10
OD001018,O00577,P0148,4,24905.0,5
OD001019,O00578,P0028,3,30285.0,15
OD001020,O00578,P0066,4,5839.0,25
OD001021,O00578,P0156,4,58031.0,15
OD001022,O00579,P0019,3,7506.0,20
OD001023,O00580,P0023,1,50020.0,20
OD001024,O00581,P0043,1,8969.0,15
OD001025,O00581,P0049,1,2043.0,0
OD001026,O00582,P0076,4,894.0,0
OD001027,O00582,P0015,1,61717.0,0
OD001028,O00582,P0016,2,51115.0,25
OD001029,O00583,P0106,4,2055.0,0
OD001030,O00584,P0132,4,6274.0,10
OD001031,O00585,P0069,3,582.0,0
OD001032,O00586,P0006,1,80407.0,25
OD001033,O00586,P0109,4,3854.0,0
OD001034,O00587,P0133,4,3741.0,20
OD001035,O00587,P0124,3,129.0,10
OD001036,O00588,P0078,2,8600.0,5
OD001037,O00588,P0141,3,27658.0,5
OD001038,O00589,P0155,3,72075.0,15
OD001039,O00589,P0002,3,19789.0,0
OD001040,O00589,P0025,3,81340.0,10
OD001041,O00589,P0041,1,10071.0,10
OD001042,O00590,P0104,4,4730.0,5
OD001043,O00590,P0016,4,51115.0,10
OD001044,O00591,P0013,2,14176.0,10
OD001045,O00592,P0073,4,1183.0,0
OD001046,O00592,P0147,4,5117.0,25
OD001047,O00592,P0040,2,2804.0,10
OD001048,O00593,P0108,1,2690.0,10
OD001049,O00593,P0054,1,2132.0,0
OD001050,O00593,P0073,3,1183.0,0
OD001051,O00594,P0043,2,8969.0,25
OD001052,O00594,P0039,3,1789.0,20
OD001053,O00594,P0136,4,2962.0,0
OD001054,O00594,P0035,4,75079.0,10
OD001055,O00595,P0144,1,44525.0,15
OD001056,O00595,P0020,2,11958.0,25
OD001057,O00596,P0141,2,27658.0,15
OD001058,O00596,P0022,1,84820.0,15
OD001059,O00597,P0071,3,4311.0,5
OD001060,O00598,P0146,1,53886.0,0
OD001061,O00599,P0023,2,50020.0,20
OD001062,O00599,P0028,4,30285.0,10
OD001063,O00600,P0156,2,58031.0,0
OD001064,O00601,P0131,3,2388.0,0
OD001065,O00601,P0005,4,30157.0,20
OD001066,O00602,P0132,4,6274.0,20
OD001067,O00603,P0084,2,59582.0,15
OD001068,O00604,P0142,2,41501.0,0
OD001069,O00605,P0094,4,1258.0,5
OD001070,O00605,P0073,3,1183.0,10
OD001071,O00605,P0127,3,458.0,5
OD001072,O00606,P0116,3,164.0,15
OD001073,O00606,P0028,4,30285.0,5
OD001074,O00607,P0006,1,80407.0,0
OD001075,O00608,P0098,3,565.0,20
OD001076,O00609,P0123,1,3569.0,20
OD001077,O00609,P0038,1,2566.0,20
OD001078,O00610,P0040,1,2804.0,20
OD001079,O00610,P0152,3,16657.0,10
OD001080,O00610,P0010,3,56892.0,20
OD001081,O00611,P0155,4,72075.0,0
OD001082,O00612,P0156,2,58031.0,15
OD001083,O00612,P0126,2,4619.0,15
OD001084,O00613,P0033,3,85759.0,0
OD001085,O00614,P0142,4,41501.0,20
OD001086,O00614,P0006,3,80407.0,20
OD001087,O00615,P0015,3,61717.0,10
OD001088,O00615,P0076,3,894.0,5
OD001089,O00615,P0137,3,4748.0,25
OD001090,O00615,P0023,3,50020.0,0
OD001091,O00616,P0087,2,6958.0,20
OD001092,O00616,P0077,4,57019.0,10
OD001093,O00617,P0002,1,19789.0,5
OD001094,O00617,P0047,4,7733.0,15
OD001095,O00617,P0066,4,5839.0,15
OD001096,O00618,P0136,3,2962.0,0
OD001097,O00618,P0029,3,31521.0,0
OD001098,O00619,P0128,4,11621.0,15
OD001099,O00620,P0097,1,4219.0,10
OD001100,O00621,P0021,3,51323.0,5
OD001101,O00621,P0079,3,54272.0,0
OD001102,O00622,P0035,4,75079.0,5
OD001103,O00623,P0132,2,6274.0,0
OD001104,O00623,P0143,1,4601.0,0
OD001105,O00624,P0086,1,13724.0,10
OD001106,O00624,P0119,1,1373.0,15
OD001107,O00625,P0142,3,41501.0,25
OD001108,O00626,P0037,3,6843.0,10
OD001109,O00627,P0049,3,2043.0,15
OD001110,O00628,P0037,3,6843.0,0
OD001111,O00629,P0085,2,8130.0,15
OD001112,O00629,P0144,4,44525.0,0
OD001113,O00629,P0009,1,37963.0,0
OD001114,O00630,P0136,1,2962.0,0
OD001115,O00631,P0047,2,7733.0,10
OD001116,O00632,P0034,3,36218.0,15
OD001117,O00632,P0077,1,57019.0,0
OD001118,O00633,P0149,4,6514.0,10
OD001119,O00633,P0142,1,41501.0,0
OD001120,O00634,P0144,3,44525.0,25
OD001121,O00634,P0090,2,6696.0,20
OD001122,O00635,P0087,3,6958.0,15
OD001123,O00635,P0010,4,56892.0,0
OD001124,O00636,P0040,3,2804.0,20
OD001125,O00637,P0047,1,7733.0,25
OD001126,O00638,P0109,4,3854.0,25
OD001127,O00638,P0057,4,8262.0,0
OD001128,O00639,P0058,4,2360.0,15
OD001129,O00640,P0011,4,21879.0,25
OD001130,O00641,P0122,1,2157.0,10
OD001131,O00641,P0049,2,2043.0,10
OD001132,O00641,P0088,4,3802.0,10
OD001133,O00642,P0118,3,1045.0,0
OD001134,O00642,P0113,1,2101.0,10
OD001135,O00642,P0150,2,58459.0,5
OD001136,O00642,P0022,2,84820.0,0
OD001137,O00643,P0087,2,6958.0,20
OD001138,O00643,P0078,4,8600.0,10
OD001139,O00644,P0034,3,36218.0,10
OD001140,O00644,P0126,4,4619.0,5
OD001141,O00644,P0105,4,2236.0,0
OD001142,O00645,P0083,1,62137.0,10
OD001143,O00645,P0117,1,948.0,10
OD001144,O00645,P0018,1,77174.0,5
OD001145,O00646,P0120,4,1825.0,15
OD001146,O00646,P0061,1,3770.0,10
OD001147,O00646,P0109,4,3854.0,10
OD001148,O00647,P0029,2,31521.0,5
OD001149,O00648,P0156,1,58031.0,10
OD001150,O00648,P0089,4,2997.0,25
OD001151,O00649,P0151,3,58699.0,20
OD001152,O00650,P0089,3,2997.0,0
OD001153,O00651,P0028,3,30285.0,10
OD001154,O00652,P0133,1,3741.0,0
OD001155,O00653,P0049,2,2043.0,25
OD001156,O00653,P0032,4,29369.0,5
OD001157,O00653,P0027,3,51235.0,0
OD001158,O00654,P0068,4,1904.0,15
OD001159,O00654,P0077,3,57019.0,20
OD001160,O00655,P0138,1,55464.0,5
OD001161,O00656,P0088,2,3802.0,10
OD001162,O00657,P0117,2,948.0,0
OD001163,O00658,P0100,3,656.0,5
OD001164,O00659,P0003,4,12895.0,10
OD001165,O00660,P0114,1,1392.0,10
OD001166,O00660,P0063,2,11304.0,25
OD001167,O00661,P0100,3,656.0,0
OD001168,O00661,P0058,1,2360.0,20
OD001169,O00662,P0137,3,4748.0,10
OD001170,O00662,P0148,1,24905.0,25
OD001171,O00663,P0073,1,1183.0,0
OD001172,O00664,P0027,4,51235.0,10
OD001173,O00664,P0066,3,5839.0,25
OD001174,O00664,P0071,1,4311.0,15
OD001175,O00664,P0150,4,58459.0,10
OD001176,O00665,P0130,2,9352.0,5
OD001177,O00665,P0092,2,11144.0,0
OD001178,O00666,P0066,3,5839.0,25
OD001179,O00666,P0141,1,27658.0,25
OD001180,O00667,P0080,1,34091.0,0
OD001181,O00667,P0097,2,4219.0,25
OD001182,O00667,P0138,1,55464.0,10
OD001183,O00668,P0026,2,33587.0,10
OD001184,O00668,P0140,2,6575.0,0
OD001185,O00668,P0059,3,9307.0,0
OD001186,O00669,P0142,3,41501.0,20
OD001187,O00670,P0055,2,4223.0,0
OD001188,O00670,P0118,1,1045.0,0
OD001189,O00671,P0079,3,54272.0,0
OD001190,O00672,P0013,2,14176.0,10
OD001191,O00673,P0064,1,8779.0,10
OD001192,O00674,P0098,1,565.0,5
OD001193,O00674,P0022,2,84820.0,0
OD001194,O00675,P0122,3,2157.0,10
OD001195,O00676,P0043,1,8969.0,0
OD001196,O00677,P0140,1,6575.0,5
OD001197,O00678,P0153,3,26414.0,10
OD001198,O00679,P0025,4,81340.0,25
OD001199,O00680,P0077,1,57019.0,0
OD001200,O00681,P0128,4,11621.0,10
OD001201,O00681,P0155,3,72075.0,10
OD001202,O00682,P0069,4,582.0,15
OD001203,O00683,P0116,3,164.0,10
OD001204,O00684,P0152,3,16657.0,0
OD001205,O00684,P0005,2,30157.0,0
OD001206,O00684,P0051,2,6426.0,15
OD001207,O00684,P0075,3,3434.0,10
OD001208,O00685,P0067,4,4637.0,10
OD001209,O00686,P0155,1,72075.0,0
OD001210,O00686,P0130,4,9352.0,0
OD001211,O00687,P0059,4,9307.0,15
OD001212,O00687,P0085,1,8130.0,0
OD001213,O00687,P0148,1,24905.0,25
OD001214,O00688,P0142,2,41501.0,10
OD001215,O00688,P0121,2,2262.0,0
OD001216,O00689,P0138,2,55464.0,15
OD001217,O00690,P0016,2,51115.0,0
OD001218,O00690,P0141,1,27658.0,20
OD001219,O00690,P0131,3,2388.0,15
OD001220,O00691,P0010,4,56892.0,15
OD001221,O00692,P0019,1,7506.0,25
OD001222,O00692,P0140,2,6575.0,10
OD001223,O00692,P0103,4,771.0,0
OD001224,O00692,P0032,1,29369.0,0
OD001225,O00693,P0058,2,2360.0,0
OD001226,O00694,P0131,3,2388.0,20
OD001227,O00694,P0007,2,27562.0,0
OD001228,O00695,P0133,4,3741.0,0
OD001229,O00695,P0104,2,4730.0,0
OD001230,O00696,P0088,1,3802.0,20
OD001231,O00697,P0034,3,36218.0,25
OD001232,O00697,P0105,3,2236.0,20
OD001233,O00697,P0049,2,2043.0,10
OD001234,O00698,P0102,4,4842.0,0
OD001235,O00698,P0050,2,10277.0,10
OD001236,O00698,P0019,1,7506.0,10
OD001237,O00699,P0058,1,2360.0,10
OD001238,O00700,P0112,1,1185.0,0
OD001239,O00700,P0152,4,16657.0,0
OD001240,O00701,P0003,1,12895.0,10
OD001241,O00701,P0085,1,8130.0,0
OD001242,O00701,P0094,2,1258.0,10
OD001243,O00702,P0147,3,5117.0,10
OD001244,O00703,P0009,3,37963.0,20
OD001245,O00703,P0073,4,1183.0,10
OD001246,O00703,P0089,1,2997.0,0
OD001247,O00704,P0041,1,10071.0,25
OD001248,O00705,P0099,3,1622.0,15
OD001249,O00705,P0091,4,4973.0,10
OD001250,O00705,P0155,2,72075.0,0
OD001251,O00705,P0156,1,58031.0,15
OD001252,O00706,P0145,3,38085.0,15
OD001253,O00707,P0137,2,4748.0,25
OD001254,O00707,P0028,4,30285.0,25
OD001255,O00707,P0095,4,1298.0,15
OD001256,O00708,P0116,2,164.0,0
OD001257,O00709,P0063,1,11304.0,15
OD001258,O00710,P0152,2,16657.0,0
OD001259,O00710,P0030,1,54081.0,0
OD001260,O00711,P0109,2,3854.0,25
OD001261,O00711,P0123,4,3569.0,0
OD001262,O00712,P0118,4,1045.0,10
OD001263,O00712,P0133,4,3741.0,0
OD001264,O00712,P0023,1,50020.0,5
OD001265,O00713,P0122,2,2157.0,10
OD001266,O00713,P0118,1,1045.0,10
OD001267,O00714,P0104,3,4730.0,5
OD001268,O00714,P0090,2,6696.0,10
OD001269,O00714,P0101,3,1082.0,0
OD001270,O00715,P0138,1,55464.0,10
OD001271,O00715,P0108,4,2690.0,0
OD001272,O00716,P0021,2,51323.0,10
OD001273,O00716,P0018,4,77174.0,0
OD001274,O00716,P0009,2,37963.0,10
OD001275,O00716,P0039,1,1789.0,15
OD001276,O00717,P0058,1,2360.0,10
OD001277,O00718,P0117,2,948.0,15
OD001278,O00718,P0155,4,72075.0,0
OD001279,O00719,P0011,3,21879.0,25
OD001280,O00719,P0096,4,1121.0,25
OD001281,O00719,P0101,4,1082.0,10
OD001282,O00720,P0059,2,9307.0,0
OD001283,O00721,P0148,2,24905.0,0
OD001284,O00722,P0104,2,4730.0,25
OD001285,O00722,P0087,1,6958.0,0
OD001286,O00723,P0069,2,582.0,5
OD001287,O00723,P0090,3,6696.0,5
OD001288,O00724,P0128,3,11621.0,15
OD001289,O00725,P0059,3,9307.0,15
OD001290,O00725,P0086,4,13724.0,15
OD001291,O00726,P0034,1,36218.0,15
OD001292,O00726,P0067,3,4637.0,10
OD001293,O00727,P0052,2,8989.0,20
OD001294,O00727,P0085,3,8130.0,10
OD001295,O00727,P0038,3,2566.0,20
OD001296,O00728,P0136,1,2962.0,5
OD001297,O00729,P0092,2,11144.0,0
OD001298,O00730,P0064,3,8779.0,10
OD001299,O00730,P0150,3,58459.0,0
OD001300,O00730,P0131,4,2388.0,10
OD001301,O00731,P0024,4,89341.0,10
OD001302,O00731,P0139,1,22366.0,0
OD001303,O00732,P0134,3,6094.0,25
OD001304,O00732,P0048,4,8501.0,0
OD001305,O00733,P0135,3,10468.0,0
OD001306,O00734,P0040,1,2804.0,20
OD001307,O00734,P0003,4,12895.0,10
OD001308,O00734,P0085,3,8130.0,5
OD001309,O00735,P0036,4,78122.0,10
OD001310,O00736,P0134,1,6094.0,10
OD001311,O00736,P0022,4,84820.0,10
OD001312,O00737,P0057,4,8262.0,20
OD001313,O00737,P0063,4,11304.0,5
OD001314,O00737,P0109,1,3854.0,0
OD001315,O00738,P0111,2,1846.0,10
OD001316,O00738,P0144,2,44525.0,0
OD001317,O00739,P0013,4,14176.0,5
OD001318,O00739,P0136,1,2962.0,0
OD001319,O00739,P0102,3,4842.0,20
OD001320,O00740,P0064,2,8779.0,0
OD001321,O00740,P0009,3,37963.0,0
OD001322,O00741,P0056,3,9595.0,25
OD001323,O00742,P0008,2,30393.0,10
OD001324,O00742,P0062,2,11980.0,20
OD001325,O00743,P0141,1,27658.0,25
OD001326,O00744,P0123,4,3569.0,0
OD001327,O00744,P0079,1,54272.0,25
OD001328,O00745,P0045,3,4671.0,0
OD001329,O00745,P0077,2,57019.0,5
OD001330,O00745,P0061,3,3770.0,25
OD001331,O00745,P0058,1,2360.0,0
OD001332,O00746,P0042,3,6552.0,5
OD001333,O00746,P0016,4,51115.0,5
OD001334,O00746,P0031,3,29153.0,25
OD001335,O00747,P0090,4,6696.0,0
OD001336,O00748,P0028,3,30285.0,10
OD001337,O00748,P0064,3,8779.0,15
OD001338,O00748,P0018,1,77174.0,10
OD001339,O00749,P0103,2,771.0,15
OD001340,O00750,P0133,4,3741.0,20
OD001341,O00751,P0132,4,6274.0,0
OD001342,O00751,P0127,4,458.0,0
OD001343,O00751,P0109,1,3854.0,10
OD001344,O00752,P0121,4,2262.0,10
OD001345,O00752,P0089,1,2997.0,0
OD001346,O00753,P0051,2,6426.0,25
OD001347,O00753,P0095,3,1298.0,15
OD001348,O00754,P0096,2,1121.0,25
OD001349,O00755,P0043,1,8969.0,0
OD001350,O00756,P0101,3,1082.0,10
OD001351,O00756,P0050,2,10277.0,25
OD001352,O00756,P0087,2,6958.0,0
OD001353,O00756,P0006,4,80407.0,20
OD001354,O00757,P0005,3,30157.0,25
OD001355,O00758,P0021,2,51323.0,15
OD001356,O00759,P0147,3,5117.0,5
OD001357,O00760,P0108,3,2690.0,15
OD001358,O00760,P0111,4,1846.0,25
OD001359,O00760,P0068,3,1904.0,10
OD001360,O00761,P0040,1,2804.0,20
OD001361,O00761,P0092,1,11144.0,20
OD001362,O00762,P0052,1,8989.0,0
OD001363,O00762,P0148,1,24905.0,20
OD001364,O00762,P0070,4,357.0,10
OD001365,O00763,P0031,2,29153.0,10
OD001366,O00764,P0093,3,3411.0,0
OD001367,O00765,P0110,1,919.0,15
OD001368,O00766,P0117,2,948.0,25
OD001369,O00766,P0142,2,41501.0,25
OD001370,O00766,P0101,3,1082.0,20
OD001371,O00767,P0060,4,8945.0,15
OD001372,O00768,P0076,3,894.0,0
OD001373,O00769,P0154,3,58654.0,10
OD001374,O00770,P0066,3,5839.0,5
OD001375,O00771,P0144,3,44525.0,5
OD001376,O00771,P0030,4,54081.0,25
OD001377,O00772,P0034,4,36218.0,0
OD001378,O00773,P0146,4,53886.0,0
OD001379,O00774,P0009,1,37963.0,10
OD001380,O00774,P0061,1,3770.0,20
OD001381,O00774,P0133,4,3741.0,5
OD001382,O00774,P0027,3,51235.0,0
OD001383,O00775,P0008,3,30393.0,20
OD001384,O00776,P0004,1,5665.0,0
OD001385,O00777,P0033,3,85759.0,10
OD001386,O00778,P0111,2,1846.0,10
OD001387,O00779,P0029,3,31521.0,5
OD001388,O00779,P0034,1,36218.0,10
OD001389,O00780,P0064,4,8779.0,0
OD001390,O00780,P0129,2,890.0,10
OD001391,O00781,P0113,4,2101.0,25
OD001392,O00781,P0049,3,2043.0,15
OD001393,O00781,P0042,3,6552.0,0
OD001394,O00782,P0132,3,6274.0,20
OD001395,O00783,P0134,4,6094.0,25
OD001396,O00784,P0046,3,5108.0,20
OD001397,O00785,P0142,3,41501.0,0
OD001398,O00786,P0138,2,55464.0,25
OD001399,O00787,P0092,3,11144.0,10
OD001400,O00788,P0103,3,771.0,20
OD001401,O00788,P0123,3,3569.0,20
OD001402,O00789,P0152,1,16657.0,15
OD001403,O00790,P0111,2,1846.0,25
OD001404,O00791,P0090,3,6696.0,0
OD001405,O00791,P0123,2,3569.0,15
OD001406,O00792,P0111,2,1846.0,10
OD001407,O00793,P0016,3,51115.0,0
OD001408,O00794,P0134,3,6094.0,15
OD001409,O00795,P0041,4,10071.0,0
OD001410,O00795,P0144,3,44525.0,20
OD001411,O00795,P0089,4,2997.0,5
OD001412,O00796,P0140,1,6575.0,25
OD001413,O00796,P0019,3,7506.0,10
OD001414,O00796,P0080,3,34091.0,0
OD001415,O00796,P0088,2,3802.0,20
OD001416,O00797,P0031,3,29153.0,15
OD001417,O00797,P0062,1,11980.0,0
OD001418,O00797,P0150,4,58459.0,0
OD001419,O00798,P0059,4,9307.0,0
OD001420,O00799,P0103,4,771.0,10
OD001421,O00800,P0148,1,24905.0,0
OD001422,O00800,P0005,1,30157.0,20
OD001423,O00801,P0124,4,129.0,20
OD001424,O00801,P0043,3,8969.0,0
OD001425,O00802,P0134,4,6094.0,0
OD001426,O00803,P0119,3,1373.0,10
OD001427,O00803,P0052,1,8989.0,15
OD001428,O00803,P0027,2,51235.0,0
OD001429,O00804,P0035,3,75079.0,5
OD001430,O00804,P0038,4,2566.0,20
OD001431,O00805,P0032,2,29369.0,10
OD001432,O00806,P0052,4,8989.0,20
OD001433,O00806,P0077,2,57019.0,10
OD001434,O00806,P0106,3,2055.0,25
OD001435,O00806,P0026,4,33587.0,0
OD001436,O00807,P0059,4,9307.0,0
OD001437,O00808,P0037,2,6843.0,10
OD001438,O00809,P0046,2,5108.0,5
OD001439,O00809,P0077,3,57019.0,0
OD001440,O00810,P0109,1,3854.0,0
OD001441,O00810,P0057,3,8262.0,5
OD001442,O00811,P0016,4,51115.0,10
OD001443,O00812,P0021,3,51323.0,5
OD001444,O00813,P0055,2,4223.0,10
OD001445,O00814,P0097,4,4219.0,20
OD001446,O00815,P0043,1,8969.0,10
OD001447,O00815,P0041,1,10071.0,5
OD001448,O00816,P0087,1,6958.0,0
OD001449,O00816,P0007,4,27562.0,5
OD001450,O00817,P0139,4,22366.0,10
OD001451,O00817,P0100,2,656.0,15
OD001452,O00817,P0084,1,59582.0,25
OD001453,O00818,P0041,3,10071.0,0
OD001454,O00819,P0116,4,164.0,5
OD001455,O00819,P0076,4,894.0,10
OD001456,O00819,P0069,1,582.0,0
OD001457,O00820,P0106,4,2055.0,15
OD001458,O00820,P0153,1,26414.0,0
OD001459,O00820,P0096,2,1121.0,0
OD001460,O00821,P0037,2,6843.0,0
OD001461,O00821,P0008,3,30393.0,0
OD001462,O00821,P0086,3,13724.0,0
OD001463,O00821,P0125,4,2245.0,0
OD001464,O00822,P0090,4,6696.0,25
OD001465,O00822,P0145,2,38085.0,10
OD001466,O00822,P0151,3,58699.0,15
OD001467,O00823,P0050,3,10277.0,20
OD001468,O00823,P0128,3,11621.0,10
OD001469,O00823,P0029,4,31521.0,10
OD001470,O00823,P0081,2,71792.0,0
OD001471,O00824,P0117,3,948.0,10
OD001472,O00825,P0127,1,458.0,0
OD001473,O00826,P0066,3,5839.0,0
OD001474,O00826,P0041,2,10071.0,15
OD001475,O00827,P0076,2,894.0,25
OD001476,O00827,P0081,1,71792.0,10
OD001477,O00827,P0131,2,2388.0,0
OD001478,O00828,P0066,1,5839.0,5
OD001479,O00829,P0010,4,56892.0,25
OD001480,O00830,P0062,1,11980.0,25
OD001481,O00831,P0038,3,2566.0,20
OD001482,O00831,P0074,1,3972.0,10
OD001483,O00832,P0063,2,11304.0,0
OD001484,O00833,P0112,1,1185.0,10
OD001485,O00834,P0037,2,6843.0,5
OD001486,O00834,P0086,2,13724.0,10
OD001487,O00835,P0060,1,8945.0,0
OD001488,O00836,P0036,4,78122.0,0
OD001489,O00837,P0078,4,8600.0,0
OD001490,O00837,P0141,2,27658.0,0
OD001491,O00838,P0021,4,51323.0,10
OD001492,O00838,P0064,4,8779.0,20
OD001493,O00839,P0016,1,51115.0,15
OD001494,O00840,P0108,4,2690.0,15
OD001495,O00840,P0143,1,4601.0,25
OD001496,O00841,P0145,4,38085.0,15
OD001497,O00842,P0005,3,30157.0,0
OD001498,O00843,P0108,4,2690.0,0
OD001499,O00844,P0030,2,54081.0,0
OD001500,O00844,P0005,4,30157.0,0
OD001501,O00845,P0097,4,4219.0,25
OD001502,O00846,P0074,3,3972.0,0
OD001503,O00847,P0061,2,3770.0,0
OD001504,O00847,P0098,2,565.0,0
OD001505,O00848,P0105,3,2236.0,10
OD001506,O00849,P0153,3,26414.0,15
OD001507,O00849,P0028,4,30285.0,10
OD001508,O00850,P0061,1,3770.0,15
OD001509,O00851,P0146,2,53886.0,0
OD001510,O00852,P0149,3,6514.0,0
OD001511,O00853,P0001,4,37548.0,0
OD001512,O00853,P0126,2,4619.0,10
OD001513,O00853,P0098,2,565.0,10
OD001514,O00853,P0104,1,4730.0,20
OD001515,O00854,P0018,1,77174.0,25
OD001516,O00854,P0027,1,51235.0,10
OD001517,O00855,P0119,1,1373.0,5
OD001518,O00855,P0035,4,75079.0,25
OD001519,O00856,P0066,4,5839.0,20
OD001520,O00857,P0085,4,8130.0,10
OD001521,O00857,P0067,2,4637.0,0
OD001522,O00857,P0001,3,37548.0,5
OD001523,O00857,P0023,1,50020.0,5
OD001524,O00858,P0055,4,4223.0,0
OD001525,O00858,P0146,3,53886.0,0
OD001526,O00859,P0009,1,37963.0,0
OD001527,O00860,P0048,4,8501.0,0
OD001528,O00861,P0111,4,1846.0,10
OD001529,O00861,P0096,3,1121.0,25
OD001530,O00862,P0051,2,6426.0,5
OD001531,O00863,P0054,3,2132.0,25
OD001532,O00863,P0082,2,56796.0,25
OD001533,O00864,P0102,2,4842.0,0
OD001534,O00864,P0056,1,9595.0,15
OD001535,O00864,P0073,3,1183.0,20
OD001536,O00865,P0136,3,2962.0,0
OD001537,O00866,P0152,3,16657.0,10
OD001538,O00867,P0137,2,4748.0,10
OD001539,O00868,P0137,2,4748.0,0
OD001540,O00869,P0097,1,4219.0,0
OD001541,O00870,P0119,2,1373.0,5
OD001542,O00870,P0126,1,4619.0,10
OD001543,O00870,P0151,3,58699.0,25
OD001544,O00871,P0087,4,6958.0,0
OD001545,O00871,P0130,2,9352.0,10
OD001546,O00871,P0098,4,565.0,0
OD001547,O00871,P0089,4,2997.0,20
OD001548,O00872,P0101,4,1082.0,0
OD001549,O00873,P0017,3,39927.0,15
OD001550,O00874,P0136,1,2962.0,10
OD001551,O00874,P0154,1,58654.0,0
OD001552,O00875,P0050,4,10277.0,0
OD001553,O00876,P0141,4,27658.0,10
OD001554,O00877,P0077,2,57019.0,25
OD001555,O00877,P0151,3,58699.0,5
OD001556,O00878,P0069,4,582.0,25
OD001557,O00879,P0010,4,56892.0,15
OD001558,O00880,P0156,4,58031.0,0
OD001559,O00881,P0028,3,30285.0,5
OD001560,O00882,P0149,4,6514.0,5
OD001561,O00883,P0007,4,27562.0,5
OD001562,O00883,P0064,1,8779.0,5
OD001563,O00883,P0120,2,1825.0,0
OD001564,O00884,P0151,4,58699.0,20
OD001565,O00885,P0120,4,1825.0,10
OD001566,O00886,P0004,3,5665.0,0
OD001567,O00886,P0122,1,2157.0,10
OD001568,O00886,P0084,3,59582.0,25
OD001569,O00886,P0090,1,6696.0,10
OD001570,O00887,P0111,4,1846.0,5
OD001571,O00887,P0118,1,1045.0,25
OD001572,O00888,P0136,3,2962.0,15
OD001573,O00889,P0134,3,6094.0,10
OD001574,O00890,P0127,1,458.0,20
OD001575,O00891,P0065,3,4361.0,10
OD001576,O00891,P0143,4,4601.0,15
OD001577,O00892,P0033,1,85759.0,0
OD001578,O00892,P0071,1,4311.0,20
OD001579,O00892,P0107,4,1172.0,15
OD001580,O00893,P0041,4,10071.0,10
OD001581,O00894,P0043,3,8969.0,15
OD001582,O00895,P0081,2,71792.0,25
OD001583,O00896,P0077,4,57019.0,0
OD001584,O00896,P0043,2,8969.0,15
OD001585,O00897,P0018,2,77174.0,10
OD001586,O00897,P0045,3,4671.0,10
OD001587,O00898,P0084,1,59582.0,5
OD001588,O00898,P0037,1,6843.0,25
OD001589,O00898,P0053,3,5610.0,15
OD001590,O00899,P0010,3,56892.0,15
OD001591,O00899,P0011,1,21879.0,15
OD001592,O00900,P0049,2,2043.0,15
OD001593,O00901,P0085,2,8130.0,15
OD001594,O00902,P0127,4,458.0,0
OD001595,O00902,P0006,4,80407.0,20
OD001596,O00903,P0069,4,582.0,10
OD001597,O00903,P0039,4,1789.0,0
OD001598,O00903,P0009,2,37963.0,15
OD001599,O00904,P0123,2,3569.0,20
OD001600,O00905,P0040,2,2804.0,20
OD001601,O00906,P0016,1,51115.0,0
OD001602,O00907,P0003,2,12895.0,10
OD001603,O00907,P0010,1,56892.0,0
OD001604,O00907,P0025,4,81340.0,0
OD001605,O00908,P0082,1,56796.0,15
OD001606,O00909,P0048,2,8501.0,10
OD001607,O00909,P0074,2,3972.0,0
OD001608,O00910,P0146,2,53886.0,0
OD001609,O00911,P0069,2,582.0,5
OD001610,O00911,P0012,3,14896.0,10
OD001611,O00912,P0065,4,4361.0,0
OD001612,O00913,P0008,4,30393.0,10
OD001613,O00913,P0114,2,1392.0,0
OD001614,O00913,P0063,4,11304.0,10
OD001615,O00914,P0103,2,771.0,10
OD001616,O00914,P0008,4,30393.0,25
OD001617,O00915,P0121,3,2262.0,0
OD001618,O00915,P0112,3,1185.0,0
OD001619,O00915,P0111,2,1846.0,25
OD001620,O00916,P0099,4,1622.0,0
OD001621,O00917,P0037,4,6843.0,10
OD001622,O00918,P0035,3,75079.0,10
OD001623,O00919,P0127,3,458.0,5
OD001624,O00919,P0045,1,4671.0,0
OD001625,O00920,P0142,1,41501.0,10
OD001626,O00920,P0091,2,4973.0,10
OD001627,O00920,P0133,3,3741.0,10
OD001628,O00920,P0053,2,5610.0,25
OD001629,O00921,P0056,3,9595.0,5
OD001630,O00921,P0107,4,1172.0,15
OD001631,O00921,P0036,3,78122.0,0
OD001632,O00922,P0089,1,2997.0,20
OD001633,O00923,P0104,4,4730.0,25
OD001634,O00923,P0054,4,2132.0,25
OD001635,O00924,P0098,2,565.0,0
OD001636,O00925,P0067,2,4637.0,0
OD001637,O00926,P0017,1,39927.0,20
OD001638,O00927,P0108,1,2690.0,10
OD001639,O00928,P0007,4,27562.0,5
OD001640,O00928,P0072,2,4076.0,25
OD001641,O00929,P0094,4,1258.0,0
OD001642,O00929,P0090,4,6696.0,5
OD001643,O00929,P0141,1,27658.0,10
OD001644,O00930,P0094,3,1258.0,10
OD001645,O00930,P0074,4,3972.0,0
OD001646,O00930,P0064,1,8779.0,20
OD001647,O00931,P0109,4,3854.0,10
OD001648,O00931,P0146,3,53886.0,0
OD001649,O00931,P0118,4,1045.0,0
OD001650,O00932,P0089,2,2997.0,25
OD001651,O00933,P0145,1,38085.0,20
OD001652,O00933,P0079,1,54272.0,0
OD001653,O00934,P0096,1,1121.0,0
OD001654,O00935,P0107,3,1172.0,10
OD001655,O00935,P0053,1,5610.0,0
OD001656,O00936,P0004,2,5665.0,0
OD001657,O00936,P0139,1,22366.0,0
OD001658,O00936,P0150,4,58459.0,10
OD001659,O00937,P0113,3,2101.0,0
OD001660,O00938,P0103,4,771.0,0
OD001661,O00939,P0114,1,1392.0,0
OD001662,O00939,P0091,3,4973.0,15
OD001663,O00940,P0042,4,6552.0,10
OD001664,O00941,P0098,1,565.0,0
OD001665,O00941,P0047,3,7733.0,0
OD001666,O00942,P0140,4,6575.0,10
OD001667,O00943,P0090,1,6696.0,5
OD001668,O00944,P0113,4,2101.0,0
OD001669,O00944,P0007,4,27562.0,25
OD001670,O00944,P0147,3,5117.0,10
OD001671,O00945,P0056,2,9595.0,5
OD001672,O00945,P0122,1,2157.0,10
OD001673,O00946,P0049,4,2043.0,0
OD001674,O00946,P0127,2,458.0,25
OD001675,O00947,P0132,1,6274.0,15
OD001676,O00948,P0122,1,2157.0,10
OD001677,O00949,P0147,2,5117.0,5
OD001678,O00950,P0126,4,4619.0,0
OD001679,O00951,P0109,3,3854.0,25
OD001680,O00952,P0098,4,565.0,0
OD001681,O00952,P0014,1,80631.0,10
OD001682,O00953,P0005,1,30157.0,15
OD001683,O00954,P0142,4,41501.0,0
OD001684,O00955,P0092,2,11144.0,10
OD001685,O00956,P0036,2,78122.0,0
OD001686,O00957,P0060,2,8945.0,25
OD001687,O00958,P0089,3,2997.0,0
OD001688,O00958,P0066,2,5839.0,5
OD001689,O00959,P0006,4,80407.0,0
OD001690,O00959,P0092,3,11144.0,5
OD001691,O00960,P0128,3,11621.0,25
OD001692,O00960,P0029,2,31521.0,0
OD001693,O00961,P0020,3,11958.0,10
OD001694,O00962,P0047,1,7733.0,15
OD001695,O00962,P0007,2,27562.0,20
OD001696,O00962,P0142,1,41501.0,10
OD001697,O00963,P0063,1,11304.0,20
OD001698,O00963,P0058,3,2360.0,20
OD001699,O00964,P0108,1,2690.0,10
OD001700,O00965,P0018,3,77174.0,25
OD001701,O00965,P0062,4,11980.0,5
OD001702,O00965,P0001,4,37548.0,0
OD001703,O00966,P0044,3,488.0,0
OD001704,O00967,P0082,2,56796.0,0
OD001705,O00967,P0049,2,2043.0,10
OD001706,O00968,P0004,4,5665.0,20
OD001707,O00968,P0063,2,11304.0,15
OD001708,O00969,P0144,4,44525.0,20
OD001709,O00969,P0103,2,771.0,10
OD001710,O00970,P0001,3,37548.0,5
OD001711,O00971,P0029,3,31521.0,10
OD001712,O00971,P0057,4,8262.0,25
OD001713,O00972,P0110,4,919.0,10
OD001714,O00973,P0062,3,11980.0,15
OD001715,O00974,P0127,3,458.0,5
OD001716,O00974,P0058,1,2360.0,0
OD001717,O00975,P0058,1,2360.0,5
OD001718,O00975,P0062,3,11980.0,25
OD001719,O00976,P0135,3,10468.0,0
OD001720,O00976,P0066,3,5839.0,20
OD001721,O00977,P0070,4,357.0,0
OD001722,O00977,P0047,1,7733.0,0
OD001723,O00978,P0042,1,6552.0,0
OD001724,O00978,P0069,4,582.0,10
OD001725,O00979,P0147,4,5117.0,15
OD001726,O00980,P0036,2,78122.0,15
OD001727,O00981,P0126,2,4619.0,0
OD001728,O00982,P0030,2,54081.0,0
OD001729,O00983,P0106,2,2055.0,0
OD001730,O00984,P0050,1,10277.0,10
OD001731,O00984,P0023,1,50020.0,0
OD001732,O00985,P0090,2,6696.0,20
OD001733,O00985,P0133,2,3741.0,0
OD001734,O00986,P0070,1,357.0,20
OD001735,O00986,P0064,2,8779.0,0
OD001736,O00986,P0037,4,6843.0,10
OD001737,O00987,P0110,3,919.0,20
OD001738,O00987,P0029,3,31521.0,15
OD001739,O00987,P0096,1,1121.0,0
OD001740,O00988,P0114,3,1392.0,0
OD001741,O00988,P0104,2,4730.0,5
OD001742,O00989,P0050,3,10277.0,20
OD001743,O00989,P0143,3,4601.0,0
OD001744,O00989,P0090,2,6696.0,25
OD001745,O00989,P0072,2,4076.0,10
OD001746,O00990,P0098,4,565.0,20
OD001747,O00990,P0033,4,85759.0,0
OD001748,O00991,P0116,2,164.0,0
OD001749,O00991,P0123,2,3569.0,0
OD001750,O00991,P0128,4,11621.0,0
OD001751,O00991,P0133,3,3741.0,20
OD001752,O00992,P0018,2,77174.0,15
OD001753,O00992,P0002,3,19789.0,0
OD001754,O00993,P0084,2,59582.0,0
OD001755,O00994,P0153,1,26414.0,0
OD001756,O00994,P0106,1,2055.0,15
OD001757,O00995,P0022,4,84820.0,15
OD001758,O00996,P0107,3,1172.0,10
OD001759,O00997,P0115,4,2578.0,5
OD001760,O00998,P0070,3,357.0,10
OD001761,O00998,P0120,3,1825.0,0
OD001762,O00998,P0088,3,3802.0,0
OD001763,O00999,P0151,1,58699.0,15
OD001764,O00999,P0062,4,11980.0,0
OD001765,O01000,P0057,1,8262.0,15
OD001766,O01000,P0013,4,14176.0,10
OD001767,O01001,P0005,3,30157.0,5
OD001768,O01001,P0060,2,8945.0,10
OD001769,O01001,P0032,2,29369.0,15
OD001770,O01002,P0138,3,55464.0,10
OD001771,O01002,P0120,2,1825.0,0
OD001772,O01003,P0048,3,8501.0,0
OD001773,O01003,P0127,4,458.0,25
OD001774,O01004,P0095,3,1298.0,20
OD001775,O01004,P0008,2,30393.0,5
OD001776,O01005,P0099,1,1622.0,5
OD001777,O01005,P0044,2,488.0,0
OD001778,O01005,P0139,4,22366.0,5
OD001779,O01006,P0041,2,10071.0,5
OD001780,O01007,P0133,2,3741.0,15
OD001781,O01008,P0031,2,29153.0,0
OD001782,O01009,P0028,4,30285.0,10
OD001783,O01010,P0101,3,1082.0,5
OD001784,O01011,P0101,4,1082.0,0
OD001785,O01011,P0052,1,8989.0,5
OD001786,O01012,P0075,1,3434.0,10
OD001787,O01013,P0029,4,31521.0,0
OD001788,O01013,P0024,2,89341.0,5
OD001789,O01013,P0027,2,51235.0,10
OD001790,O01014,P0107,1,1172.0,20
OD001791,O01015,P0134,3,6094.0,10
OD001792,O01015,P0028,3,30285.0,25
OD001793,O01016,P0015,1,61717.0,10
OD001794,O01016,P0091,1,4973.0,10
OD001795,O01016,P0132,2,6274.0,0
OD001796,O01017,P0132,3,6274.0,10
OD001797,O01017,P0100,4,656.0,10
OD001798,O01017,P0136,1,2962.0,0
OD001799,O01018,P0048,2,8501.0,10
OD001800,O01018,P0079,3,54272.0,0
OD001801,O01019,P0105,2,2236.0,25
OD001802,O01020,P0140,1,6575.0,20
OD001803,O01020,P0146,1,53886.0,0
OD001804,O01020,P0125,2,2245.0,10
OD001805,O01021,P0038,3,2566.0,5
OD001806,O01021,P0082,3,56796.0,10
OD001807,O01021,P0016,1,51115.0,20
OD001808,O01022,P0033,4,85759.0,10
OD001809,O01023,P0087,1,6958.0,15
OD001810,O01024,P0036,2,78122.0,0
OD001811,O01025,P0108,2,2690.0,10
OD001812,O01025,P0117,4,948.0,5
OD001813,O01025,P0042,1,6552.0,15
OD001814,O01025,P0066,1,5839.0,15
OD001815,O01026,P0149,1,6514.0,25
OD001816,O01027,P0147,4,5117.0,5
OD001817,O01027,P0100,3,656.0,0
OD001818,O01028,P0040,1,2804.0,20
OD001819,O01029,P0137,1,4748.0,10
OD001820,O01030,P0053,2,5610.0,0
OD001821,O01031,P0040,4,2804.0,25
OD001822,O01032,P0071,4,4311.0,20
OD001823,O01032,P0090,4,6696.0,0
OD001824,O01032,P0074,3,3972.0,5
OD001825,O01033,P0025,4,81340.0,0
OD001826,O01033,P0100,1,656.0,0
OD001827,O01034,P0083,1,62137.0,10
OD001828,O01035,P0048,4,8501.0,0
OD001829,O01035,P0077,1,57019.0,5
OD001830,O01036,P0069,4,582.0,25
OD001831,O01036,P0094,1,1258.0,25
OD001832,O01037,P0095,1,1298.0,10
OD001833,O01037,P0014,4,80631.0,0
OD001834,O01038,P0094,2,1258.0,25
OD001835,O01039,P0154,4,58654.0,25
OD001836,O01039,P0091,4,4973.0,25
OD001837,O01040,P0142,1,41501.0,25
OD001838,O01040,P0132,3,6274.0,15
OD001839,O01041,P0026,1,33587.0,10
OD001840,O01041,P0153,1,26414.0,15
OD001841,O01041,P0089,3,2997.0,15
OD001842,O01042,P0074,2,3972.0,15
OD001843,O01042,P0153,4,26414.0,0
OD001844,O01043,P0040,1,2804.0,20
OD001845,O01043,P0024,2,89341.0,20
OD001846,O01044,P0149,1,6514.0,25
OD001847,O01045,P0150,3,58459.0,20
OD001848,O01046,P0086,2,13724.0,20
OD001849,O01047,P0103,4,771.0,10
OD001850,O01048,P0028,2,30285.0,0
OD001851,O01049,P0153,2,26414.0,0
OD001852,O01049,P0155,4,72075.0,20
OD001853,O01049,P0128,3,11621.0,0
OD001854,O01049,P0149,3,6514.0,10
OD001855,O01050,P0016,2,51115.0,15
OD001856,O01050,P0136,4,2962.0,0
OD001857,O01050,P0110,3,919.0,15
OD001858,O01050,P0040,4,2804.0,10
OD001859,O01051,P0036,4,78122.0,15
OD001860,O01051,P0011,4,21879.0,20
OD001861,O01052,P0145,3,38085.0,20
OD001862,O01053,P0083,1,62137.0,15
OD001863,O01053,P0032,3,29369.0,10
OD001864,O01053,P0007,4,27562.0,0
OD001865,O01054,P0132,3,6274.0,15
OD001866,O01055,P0080,3,34091.0,5
OD001867,O01056,P0042,1,6552.0,25
OD001868,O01056,P0106,1,2055.0,20
OD001869,O01056,P0036,2,78122.0,0
OD001870,O01057,P0029,1,31521.0,0
OD001871,O01058,P0154,3,58654.0,15
OD001872,O01059,P0033,2,85759.0,5
OD001873,O01060,P0033,4,85759.0,20
OD001874,O01060,P0026,2,33587.0,0
OD001875,O01061,P0128,1,11621.0,15
OD001876,O01061,P0109,4,3854.0,25
OD001877,O01062,P0043,2,8969.0,15
OD001878,O01063,P0035,3,75079.0,25
OD001879,O01064,P0083,2,62137.0,0
OD001880,O01065,P0032,2,29369.0,10
OD001881,O01065,P0038,1,2566.0,0
OD001882,O01065,P0146,3,53886.0,10
OD001883,O01066,P0058,1,2360.0,0
OD001884,O01067,P0038,3,2566.0,0
OD001885,O01067,P0153,1,26414.0,25
OD001886,O01067,P0046,2,5108.0,20
OD001887,O01067,P0135,4,10468.0,20
OD001888,O01068,P0155,4,72075.0,0
OD001889,O01069,P0074,1,3972.0,15
OD001890,O01070,P0016,2,51115.0,10
OD001891,O01071,P0025,2,81340.0,0
OD001892,O01072,P0117,1,948.0,10
OD001893,O01073,P0057,2,8262.0,10
OD001894,O01074,P0065,2,4361.0,0
OD001895,O01074,P0119,4,1373.0,10
OD001896,O01075,P0041,4,10071.0,10
OD001897,O01076,P0089,4,2997.0,15
OD001898,O01076,P0026,2,33587.0,25
OD001899,O01076,P0155,4,72075.0,5
OD001900,O01076,P0052,3,8989.0,0
OD001901,O01077,P0049,4,2043.0,0
OD001902,O01077,P0106,2,2055.0,10
OD001903,O01078,P0013,3,14176.0,15
OD001904,O01079,P0119,2,1373.0,0
OD001905,O01080,P0037,2,6843.0,5
OD001906,O01081,P0083,3,62137.0,0
OD001907,O01081,P0096,3,1121.0,15
OD001908,O01081,P0097,4,4219.0,20
OD001909,O01082,P0008,1,30393.0,0
OD001910,O01082,P0028,3,30285.0,0
OD001911,O01082,P0121,3,2262.0,25
OD001912,O01083,P0008,1,30393.0,10
OD001913,O01083,P0017,1,39927.0,25
OD001914,O01084,P0075,2,3434.0,25
OD001915,O01084,P0033,1,85759.0,10
OD001916,O01084,P0031,1,29153.0,15
OD001917,O01085,P0003,1,12895.0,25
OD001918,O01086,P0125,2,2245.0,5
OD001919,O01086,P0153,2,26414.0,20
OD001920,O01086,P0040,3,2804.0,10
OD001921,O01087,P0143,1,4601.0,25
OD001922,O01088,P0064,2,8779.0,15
OD001923,O01089,P0035,2,75079.0,20
OD001924,O01090,P0042,3,6552.0,25
OD001925,O01091,P0027,3,51235.0,10
OD001926,O01091,P0012,3,14896.0,0
OD001927,O01091,P0011,1,21879.0,0
OD001928,O01092,P0096,3,1121.0,25
OD001929,O01093,P0017,4,39927.0,5
OD001930,O01094,P0032,2,29369.0,20
OD001931,O01094,P0033,2,85759.0,20
OD001932,O01095,P0125,3,2245.0,0
OD001933,O01096,P0131,1,2388.0,0
OD001934,O01097,P0156,1,58031.0,0
OD001935,O01097,P0077,4,57019.0,15
OD001936,O01097,P0014,1,80631.0,10
OD001937,O01098,P0011,2,21879.0,15
OD001938,O01098,P0058,1,2360.0,15
OD001939,O01099,P0021,3,51323.0,20
OD001940,O01100,P0087,1,6958.0,25
OD001941,O01100,P0043,1,8969.0,0
OD001942,O01100,P0140,2,6575.0,10
OD001943,O01101,P0128,4,11621.0,0
OD001944,O01101,P0063,3,11304.0,20
OD001945,O01101,P0013,4,14176.0,25
OD001946,O01102,P0055,2,4223.0,10
OD001947,O01102,P0018,1,77174.0,0
OD001948,O01103,P0050,1,10277.0,10
OD001949,O01104,P0103,1,771.0,25
OD001950,O01105,P0013,1,14176.0,10
OD001951,O01106,P0094,3,1258.0,0
OD001952,O01107,P0048,2,8501.0,0
OD001953,O01107,P0005,3,30157.0,0
OD001954,O01108,P0153,1,26414.0,10
OD001955,O01109,P0034,1,36218.0,25
OD001956,O01110,P0141,1,27658.0,10
OD001957,O01111,P0061,4,3770.0,20
OD001958,O01111,P0112,1,1185.0,10
OD001959,O01112,P0156,4,58031.0,25
OD001960,O01112,P0069,2,582.0,0
OD001961,O01113,P0152,1,16657.0,10
OD001962,O01114,P0134,3,6094.0,15
OD001963,O01114,P0131,3,2388.0,10
OD001964,O01114,P0105,4,2236.0,0
OD001965,O01115,P0093,2,3411.0,20
OD001966,O01115,P0028,3,30285.0,20
OD001967,O01115,P0068,3,1904.0,0
OD001968,O01116,P0039,3,1789.0,0
OD001969,O01117,P0027,4,51235.0,10
OD001970,O01118,P0103,4,771.0,0
OD001971,O01119,P0119,2,1373.0,5
OD001972,O01119,P0130,1,9352.0,5
OD001973,O01120,P0137,3,4748.0,0
OD001974,O01121,P0070,4,357.0,10
OD001975,O01122,P0092,4,11144.0,0
OD001976,O01123,P0078,4,8600.0,20
OD001977,O01124,P0150,1,58459.0,25
OD001978,O01125,P0006,4,80407.0,15
OD001979,O01126,P0017,1,39927.0,0
OD001980,O01127,P0109,4,3854.0,10
OD001981,O01128,P0077,1,57019.0,0
OD001982,O01129,P0106,4,2055.0,0
OD001983,O01130,P0075,3,3434.0,0
OD001984,O01131,P0154,4,58654.0,10
OD001985,O01132,P0073,4,1183.0,20
OD001986,O01132,P0091,3,4973.0,25
OD001987,O01132,P0149,4,6514.0,25
OD001988,O01132,P0056,3,9595.0,25
OD001989,O01133,P0067,1,4637.0,20
OD001990,O01134,P0066,2,5839.0,15
OD001991,O01135,P0133,1,3741.0,0
OD001992,O01135,P0099,4,1622.0,20
OD001993,O01135,P0130,1,9352.0,0
OD001994,O01136,P0123,2,3569.0,20
OD001995,O01137,P0055,3,4223.0,5
OD001996,O01138,P0112,1,1185.0,20
OD001997,O01138,P0021,1,51323.0,0
OD001998,O01138,P0120,1,1825.0,20
OD001999,O01139,P0141,4,27658.0,0
OD002000,O01140,P0085,3,8130.0,0
OD002001,O01140,P0049,2,2043.0,0
OD002002,O01140,P0047,3,7733.0,10
OD002003,O01140,P0008,3,30393.0,0
OD002004,O01141,P0113,3,2101.0,10
OD002005,O01141,P0020,4,11958.0,20
OD002006,O01141,P0006,3,80407.0,5
OD002007,O01142,P0127,3,458.0,15
OD002008,O01143,P0113,3,2101.0,10
OD002009,O01143,P0003,2,12895.0,5
OD002010,O01143,P0114,1,1392.0,20
OD002011,O01143,P0062,1,11980.0,5
OD002012,O01144,P0127,3,458.0,5
OD002013,O01144,P0129,1,890.0,0
OD002014,O01145,P0036,2,78122.0,15
OD002015,O01146,P0010,3,56892.0,5
OD002016,O01146,P0067,4,4637.0,0
OD002017,O01147,P0113,4,2101.0,20
OD002018,O01147,P0085,2,8130.0,0
OD002019,O01147,P0080,4,34091.0,5
OD002020,O01147,P0120,3,1825.0,15
OD002021,O01148,P0135,2,10468.0,10
OD002022,O01148,P0015,4,61717.0,0
OD002023,O01149,P0123,2,3569.0,25
OD002024,O01149,P0077,3,57019.0,25
OD002025,O01149,P0105,4,2236.0,10
OD002026,O01150,P0070,2,357.0,0
OD002027,O01150,P0096,4,1121.0,15
OD002028,O01150,P0089,4,2997.0,0
OD002029,O01150,P0008,3,30393.0,0
OD002030,O01151,P0111,2,1846.0,10
OD002031,O01151,P0127,2,458.0,0
OD002032,O01151,P0099,4,1622.0,15
OD002033,O01151,P0020,4,11958.0,0
OD002034,O01152,P0032,3,29369.0,10
OD002035,O01153,P0012,1,14896.0,20
OD002036,O01153,P0129,2,890.0,10
OD002037,O01154,P0090,2,6696.0,0
OD002038,O01155,P0082,1,56796.0,15
OD002039,O01155,P0127,2,458.0,10
OD002040,O01155,P0052,1,8989.0,15
OD002041,O01156,P0096,2,1121.0,10
OD002042,O01156,P0075,3,3434.0,15
OD002043,O01157,P0001,2,37548.0,25
OD002044,O01158,P0086,4,13724.0,0
OD002045,O01158,P0033,1,85759.0,10
OD002046,O01159,P0058,3,2360.0,10
OD002047,O01159,P0075,4,3434.0,0
OD002048,O01160,P0131,2,2388.0,5
OD002049,O01160,P0099,3,1622.0,0
OD002050,O01160,P0016,4,51115.0,0
OD002051,O01161,P0108,4,2690.0,15
OD002052,O01161,P0147,2,5117.0,10
OD002053,O01162,P0011,1,21879.0,10
OD002054,O01163,P0020,2,11958.0,15
OD002055,O01164,P0153,1,26414.0,0
OD002056,O01164,P0028,1,30285.0,0
OD002057,O01164,P0040,1,2804.0,0
OD002058,O01164,P0104,3,4730.0,15
OD002059,O01165,P0019,1,7506.0,20
OD002060,O01166,P0049,3,2043.0,10
OD002061,O01167,P0072,1,4076.0,0
OD002062,O01167,P0050,1,10277.0,5
OD002063,O01167,P0145,1,38085.0,0
OD002064,O01167,P0092,2,11144.0,5
OD002065,O01168,P0038,3,2566.0,15
OD002066,O01168,P0040,1,2804.0,25
OD002067,O01169,P0114,4,1392.0,0
OD002068,O01169,P0067,2,4637.0,5
OD002069,O01169,P0085,1,8130.0,0
OD002070,O01170,P0125,3,2245.0,25
OD002071,O01171,P0152,4,16657.0,5
OD002072,O01172,P0101,4,1082.0,10
OD002073,O01172,P0117,3,948.0,15
OD002074,O01173,P0026,2,33587.0,0
OD002075,O01174,P0089,2,2997.0,0
OD002076,O01174,P0074,1,3972.0,15
OD002077,O01174,P0138,2,55464.0,0
OD002078,O01174,P0010,4,56892.0,10
OD002079,O01175,P0150,4,58459.0,0
OD002080,O01176,P0071,2,4311.0,0
OD002081,O01176,P0051,2,6426.0,5
OD002082,O01177,P0084,1,59582.0,15
OD002083,O01178,P0082,4,56796.0,25
OD002084,O01178,P0032,2,29369.0,10
OD002085,O01179,P0145,1,38085.0,15
OD002086,O01179,P0127,4,458.0,15
OD002087,O01179,P0001,3,37548.0,0
OD002088,O01180,P0139,2,22366.0,5
OD002089,O01180,P0030,1,54081.0,5
OD002090,O01180,P0114,2,1392.0,10
OD002091,O01181,P0092,2,11144.0,15
OD002092,O01182,P0148,1,24905.0,0
OD002093,O01182,P0057,4,8262.0,5
OD002094,O01182,P0086,4,13724.0,10
OD002095,O01183,P0131,3,2388.0,0
OD002096,O01183,P0045,2,4671.0,10
OD002097,O01184,P0093,4,3411.0,10
OD002098,O01185,P0111,3,1846.0,5
OD002099,O01186,P0069,4,582.0,25
OD002100,O01186,P0040,4,2804.0,25
OD002101,O01186,P0071,1,4311.0,0
OD002102,O01187,P0150,2,58459.0,5
OD002103,O01188,P0042,3,6552.0,0
OD002104,O01189,P0031,1,29153.0,10
OD002105,O01189,P0008,4,30393.0,20
OD002106,O01190,P0068,3,1904.0,10
OD002107,O01191,P0014,1,80631.0,15
OD002108,O01191,P0148,2,24905.0,20
OD002109,O01192,P0074,1,3972.0,0
OD002110,O01192,P0022,3,84820.0,0
OD002111,O01193,P0130,1,9352.0,10
OD002112,O01193,P0057,4,8262.0,5
OD002113,O01194,P0022,1,84820.0,15
OD002114,O01195,P0047,4,7733.0,15
OD002115,O01196,P0064,2,8779.0,0
OD002116,O01196,P0145,2,38085.0,10
OD002117,O01197,P0153,1,26414.0,25
OD002118,O01197,P0045,1,4671.0,0
OD002119,O01198,P0018,3,77174.0,20
OD002120,O01198,P0108,4,2690.0,5
OD002121,O01199,P0132,2,6274.0,10
OD002122,O01199,P0035,4,75079.0,10
OD002123,O01200,P0066,1,5839.0,0
OD002124,O01200,P0101,3,1082.0,20
OD002125,O01201,P0034,1,36218.0,0
OD002126,O01202,P0140,2,6575.0,15
OD002127,O01203,P0142,4,41501.0,0
OD002128,O01203,P0113,2,2101.0,25
OD002129,O01203,P0060,4,8945.0,0
OD002130,O01203,P0050,3,10277.0,15
OD002131,O01204,P0059,4,9307.0,15
OD002132,O01204,P0147,1,5117.0,0
OD002133,O01204,P0091,2,4973.0,10
OD002134,O01204,P0053,3,5610.0,0
OD002135,O01205,P0074,1,3972.0,0
OD002136,O01206,P0058,3,2360.0,15
OD002137,O01206,P0116,2,164.0,0
OD002138,O01207,P0081,2,71792.0,0
OD002139,O01207,P0131,3,2388.0,25
OD002140,O01208,P0024,4,89341.0,5
OD002141,O01209,P0124,2,129.0,0
OD002142,O01209,P0072,1,4076.0,20
OD002143,O01209,P0125,2,2245.0,0
OD002144,O01209,P0001,2,37548.0,20
OD002145,O01210,P0057,4,8262.0,10
OD002146,O01211,P0116,3,164.0,25
OD002147,O01211,P0060,3,8945.0,0
OD002148,O01212,P0007,4,27562.0,0
OD002149,O01213,P0112,4,1185.0,0
OD002150,O01214,P0100,2,656.0,25
OD002151,O01214,P0059,4,9307.0,10
OD002152,O01215,P0040,1,2804.0,15
OD002153,O01215,P0107,2,1172.0,20
OD002154,O01215,P0048,4,8501.0,5
OD002155,O01216,P0005,3,30157.0,0
OD002156,O01216,P0038,2,2566.0,10
OD002157,O01217,P0134,1,6094.0,0
OD002158,O01218,P0087,3,6958.0,0
OD002159,O01219,P0087,1,6958.0,10
OD002160,O01220,P0064,3,8779.0,0
OD002161,O01220,P0076,2,894.0,15
OD002162,O01221,P0066,2,5839.0,0
OD002163,O01221,P0082,1,56796.0,5
OD002164,O01221,P0024,4,89341.0,0
OD002165,O01222,P0053,2,5610.0,0
OD002166,O01222,P0032,2,29369.0,10
OD002167,O01222,P0086,1,13724.0,0
OD002168,O01222,P0056,2,9595.0,0
OD002169,O01223,P0108,2,2690.0,10
OD002170,O01223,P0102,2,4842.0,10
OD002171,O01224,P0021,4,51323.0,10
OD002172,O01225,P0031,1,29153.0,15
OD002173,O01225,P0029,2,31521.0,25
OD002174,O01225,P0062,1,11980.0,0
OD002175,O01226,P0038,4,2566.0,5
OD002176,O01226,P0148,1,24905.0,15
OD002177,O01226,P0017,4,39927.0,15
OD002178,O01227,P0023,4,50020.0,10
OD002179,O01227,P0067,1,4637.0,5
OD002180,O01227,P0001,2,37548.0,0
OD002181,O01228,P0118,3,1045.0,10
OD002182,O01229,P0090,1,6696.0,15
OD002183,O01230,P0103,4,771.0,10
OD002184,O01231,P0059,1,9307.0,0
OD002185,O01231,P0122,3,2157.0,10
OD002186,O01232,P0140,3,6575.0,25
OD002187,O01232,P0010,1,56892.0,0
OD002188,O01233,P0129,1,890.0,20
OD002189,O01234,P0095,2,1298.0,15
OD002190,O01235,P0041,2,10071.0,25
OD002191,O01235,P0097,1,4219.0,0
OD002192,O01235,P0122,3,2157.0,0
OD002193,O01236,P0143,1,4601.0,10
OD002194,O01237,P0111,4,1846.0,15
OD002195,O01237,P0149,1,6514.0,5
OD002196,O01237,P0037,1,6843.0,10
OD002197,O01238,P0001,3,37548.0,10
OD002198,O01238,P0005,2,30157.0,5
OD002199,O01238,P0078,2,8600.0,0
OD002200,O01239,P0057,1,8262.0,10
OD002201,O01239,P0153,2,26414.0,20
OD002202,O01240,P0103,3,771.0,5
OD002203,O01240,P0053,3,5610.0,10
OD002204,O01241,P0095,3,1298.0,20
OD002205,O01241,P0073,4,1183.0,0
OD002206,O01242,P0080,2,34091.0,10
OD002207,O01242,P0125,1,2245.0,0
OD002208,O01242,P0128,1,11621.0,0
OD002209,O01243,P0011,2,21879.0,10
OD002210,O01243,P0085,3,8130.0,25
OD002211,O01243,P0078,4,8600.0,0
OD002212,O01244,P0136,2,2962.0,15
OD002213,O01245,P0143,1,4601.0,20
OD002214,O01246,P0120,1,1825.0,5
OD002215,O01247,P0112,3,1185.0,25
OD002216,O01248,P0115,1,2578.0,20
OD002217,O01248,P0071,1,4311.0,25
OD002218,O01248,P0056,4,9595.0,0
OD002219,O01249,P0045,3,4671.0,0
OD002220,O01249,P0097,2,4219.0,5
OD002221,O01250,P0047,3,7733.0,10
OD002222,O01251,P0141,3,27658.0,0
OD002223,O01251,P0084,1,59582.0,10
OD002224,O01252,P0139,3,22366.0,15
OD002225,O01252,P0007,4,27562.0,10
OD002226,O01253,P0017,1,39927.0,0
OD002227,O01254,P0076,4,894.0,25
OD002228,O01254,P0066,2,5839.0,0
OD002229,O01255,P0100,3,656.0,20
OD002230,O01255,P0115,4,2578.0,0
OD002231,O01256,P0103,3,771.0,10
OD002232,O01257,P0096,1,1121.0,0
OD002233,O01257,P0021,4,51323.0,0
OD002234,O01258,P0016,3,51115.0,25
OD002235,O01258,P0074,4,3972.0,0
OD002236,O01259,P0010,1,56892.0,10
OD002237,O01259,P0028,2,30285.0,0
OD002238,O01260,P0074,2,3972.0,5
OD002239,O01261,P0048,4,8501.0,0
OD002240,O01262,P0118,2,1045.0,10
OD002241,O01263,P0083,1,62137.0,0
OD002242,O01264,P0017,2,39927.0,0
OD002243,O01264,P0008,4,30393.0,10
OD002244,O01265,P0029,1,31521.0,0
OD002245,O01266,P0109,4,3854.0,0
OD002246,O01266,P0035,4,75079.0,0
OD002247,O01267,P0051,3,6426.0,15
OD002248,O01267,P0082,1,56796.0,5
OD002249,O01268,P0093,4,3411.0,25
OD002250,O01269,P0136,3,2962.0,0
OD002251,O01269,P0086,3,13724.0,25
OD002252,O01269,P0128,4,11621.0,25
OD002253,O01270,P0149,3,6514.0,5
OD002254,O01270,P0135,4,10468.0,15
OD002255,O01271,P0074,1,3972.0,0
OD002256,O01271,P0008,1,30393.0,20
OD002257,O01272,P0006,3,80407.0,10
OD002258,O01273,P0109,3,3854.0,20
OD002259,O01273,P0019,3,7506.0,10
OD002260,O01274,P0101,1,1082.0,20
OD002261,O01275,P0050,2,10277.0,15
OD002262,O01276,P0096,3,1121.0,10
OD002263,O01277,P0057,3,8262.0,20
OD002264,O01277,P0061,3,3770.0,0
OD002265,O01278,P0096,1,1121.0,10
OD002266,O01278,P0129,2,890.0,10
OD002267,O01279,P0122,2,2157.0,25
OD002268,O01279,P0079,3,54272.0,0
OD002269,O01280,P0020,4,11958.0,10
OD002270,O01281,P0052,3,8989.0,20
OD002271,O01281,P0130,2,9352.0,20
OD002272,O01282,P0016,1,51115.0,15
OD002273,O01283,P0138,3,55464.0,5
OD002274,O01284,P0091,1,4973.0,20
OD002275,O01284,P0076,2,894.0,0
OD002276,O01284,P0040,4,2804.0,0
OD002277,O01284,P0050,4,10277.0,20
OD002278,O01285,P0041,1,10071.0,5
OD002279,O01285,P0058,3,2360.0,0
OD002280,O01285,P0155,1,72075.0,20
OD002281,O01285,P0051,2,6426.0,15
OD002282,O01286,P0035,2,75079.0,5
OD002283,O01286,P0040,2,2804.0,25
OD002284,O01287,P0082,1,56796.0,5
OD002285,O01288,P0143,4,4601.0,10
OD002286,O01288,P0005,2,30157.0,25
OD002287,O01288,P0018,3,77174.0,0
OD002288,O01289,P0128,2,11621.0,0
OD002289,O01289,P0106,2,2055.0,15
OD002290,O01290,P0063,2,11304.0,20
OD002291,O01291,P0081,3,71792.0,0
OD002292,O01292,P0147,4,5117.0,0
OD002293,O01293,P0134,1,6094.0,5
OD002294,O01294,P0059,2,9307.0,5
OD002295,O01295,P0063,4,11304.0,0
OD002296,O01296,P0106,3,2055.0,0
OD002297,O01297,P0127,3,458.0,10
OD002298,O01297,P0020,3,11958.0,10
OD002299,O01298,P0148,1,24905.0,0
OD002300,O01298,P0089,1,2997.0,0
OD002301,O01299,P0001,4,37548.0,10
OD002302,O01300,P0116,4,164.0,10
OD002303,O01301,P0017,3,39927.0,10
OD002304,O01302,P0035,4,75079.0,0
OD002305,O01302,P0016,2,51115.0,0
OD002306,O01303,P0066,2,5839.0,0
OD002307,O01303,P0104,2,4730.0,20
OD002308,O01304,P0034,1,36218.0,15
OD002309,O01304,P0137,3,4748.0,0
OD002310,O01305,P0135,4,10468.0,0
OD002311,O01306,P0005,2,30157.0,0
OD002312,O01306,P0105,2,2236.0,0
OD002313,O01306,P0070,3,357.0,15
OD002314,O01307,P0003,4,12895.0,25
OD002315,O01308,P0073,2,1183.0,0
OD002316,O01308,P0117,3,948.0,10
OD002317,O01309,P0080,3,34091.0,10
OD002318,O01310,P0063,4,11304.0,5
OD002319,O01311,P0049,4,2043.0,0
OD002320,O01311,P0153,4,26414.0,20
OD002321,O01312,P0022,3,84820.0,5
OD002322,O01313,P0044,2,488.0,20
OD002323,O01314,P0134,2,6094.0,0
OD002324,O01315,P0022,4,84820.0,0
OD002325,O01316,P0092,2,11144.0,5
OD002326,O01317,P0083,4,62137.0,0
OD002327,O01318,P0079,4,54272.0,0
OD002328,O01318,P0102,2,4842.0,0
OD002329,O01318,P0006,2,80407.0,0
OD002330,O01319,P0093,3,3411.0,10
OD002331,O01319,P0081,1,71792.0,15
OD002332,O01320,P0056,1,9595.0,15
OD002333,O01321,P0076,4,894.0,0
OD002334,O01321,P0023,1,50020.0,10
OD002335,O01322,P0148,2,24905.0,0
OD002336,O01322,P0089,1,2997.0,5
OD002337,O01323,P0066,2,5839.0,10
OD002338,O01323,P0005,3,30157.0,0
OD002339,O01324,P0082,4,56796.0,0
OD002340,O01325,P0063,4,11304.0,0
OD002341,O01325,P0118,1,1045.0,25
OD002342,O01325,P0046,2,5108.0,5
OD002343,O01326,P0005,2,30157.0,0
OD002344,O01326,P0084,2,59582.0,15
OD002345,O01327,P0062,2,11980.0,0
OD002346,O01327,P0027,1,51235.0,10
OD002347,O01328,P0013,4,14176.0,0
OD002348,O01329,P0046,4,5108.0,0
OD002349,O01330,P0045,2,4671.0,0
OD002350,O01330,P0079,2,54272.0,20
OD002351,O01330,P0028,4,30285.0,10
OD002352,O01331,P0090,1,6696.0,10
OD002353,O01332,P0034,3,36218.0,20
OD002354,O01333,P0137,4,4748.0,0
OD002355,O01333,P0105,2,2236.0,0
OD002356,O01334,P0095,2,1298.0,0
OD002357,O01335,P0102,1,4842.0,0
OD002358,O01335,P0072,2,4076.0,15
OD002359,O01336,P0049,1,2043.0,10
OD002360,O01336,P0123,3,3569.0,15
OD002361,O01336,P0081,4,71792.0,10
OD002362,O01336,P0019,3,7506.0,0
OD002363,O01337,P0117,3,948.0,20
OD002364,O01337,P0155,4,72075.0,0
OD002365,O01338,P0081,4,71792.0,0
OD002366,O01338,P0055,4,4223.0,10
OD002367,O01338,P0073,4,1183.0,0
OD002368,O01339,P0088,3,3802.0,10
OD002369,O01339,P0005,2,30157.0,10
OD002370,O01340,P0046,4,5108.0,25
OD002371,O01341,P0085,3,8130.0,20
OD002372,O01342,P0153,3,26414.0,0
OD002373,O01343,P0120,3,1825.0,15
OD002374,O01344,P0100,4,656.0,20
OD002375,O01345,P0034,1,36218.0,15
OD002376,O01345,P0067,1,4637.0,0
OD002377,O01346,P0105,4,2236.0,0
OD002378,O01346,P0120,3,1825.0,0
OD002379,O01346,P0133,4,3741.0,25
OD002380,O01347,P0029,2,31521.0,25
OD002381,O01348,P0049,2,2043.0,15
OD002382,O01348,P0034,1,36218.0,15
OD002383,O01349,P0126,4,4619.0,0
OD002384,O01350,P0121,2,2262.0,20
OD002385,O01351,P0066,4,5839.0,0
OD002386,O01352,P0007,4,27562.0,25
OD002387,O01353,P0024,2,89341.0,0
OD002388,O01353,P0038,4,2566.0,15
OD002389,O01354,P0040,4,2804.0,10
OD002390,O01355,P0034,2,36218.0,20
OD002391,O01355,P0062,2,11980.0,0
OD002392,O01356,P0154,3,58654.0,0
OD002393,O01356,P0004,3,5665.0,5
OD002394,O01356,P0011,3,21879.0,10
OD002395,O01357,P0089,4,2997.0,0
OD002396,O01358,P0082,1,56796.0,25
OD002397,O01359,P0017,1,39927.0,25
OD002398,O01359,P0143,4,4601.0,0
OD002399,O01360,P0092,1,11144.0,20
OD002400,O01360,P0114,1,1392.0,25
OD002401,O01360,P0037,4,6843.0,20
OD002402,O01361,P0087,1,6958.0,10
OD002403,O01361,P0079,2,54272.0,0
OD002404,O01361,P0039,4,1789.0,20
OD002405,O01362,P0055,1,4223.0,20
OD002406,O01362,P0033,3,85759.0,0
OD002407,O01363,P0145,2,38085.0,15
OD002408,O01364,P0098,3,565.0,20
OD002409,O01364,P0114,4,1392.0,20
OD002410,O01364,P0061,2,3770.0,10
OD002411,O01364,P0059,4,9307.0,0
OD002412,O01365,P0071,3,4311.0,0
OD002413,O01365,P0076,1,894.0,0
OD002414,O01366,P0081,1,71792.0,0
OD002415,O01366,P0036,4,78122.0,0
OD002416,O01366,P0130,1,9352.0,20
OD002417,O01367,P0119,3,1373.0,0
OD002418,O01367,P0118,2,1045.0,0
OD002419,O01368,P0151,2,58699.0,10
OD002420,O01369,P0061,4,3770.0,0
OD002421,O01369,P0007,2,27562.0,0
OD002422,O01370,P0085,1,8130.0,0
OD002423,O01371,P0039,4,1789.0,10
OD002424,O01371,P0117,4,948.0,10
OD002425,O01372,P0047,3,7733.0,5
OD002426,O01372,P0116,4,164.0,10
OD002427,O01373,P0118,4,1045.0,10
OD002428,O01373,P0009,3,37963.0,0
OD002429,O01374,P0004,4,5665.0,10
OD002430,O01375,P0039,2,1789.0,0
OD002431,O01375,P0076,3,894.0,0
OD002432,O01376,P0023,1,50020.0,10
OD002433,O01377,P0075,2,3434.0,20
OD002434,O01377,P0140,3,6575.0,0
OD002435,O01378,P0119,3,1373.0,0
OD002436,O01378,P0104,2,4730.0,5
OD002437,O01378,P0082,4,56796.0,5
OD002438,O01379,P0152,4,16657.0,15
OD002439,O01379,P0068,4,1904.0,15
OD002440,O01379,P0075,1,3434.0,15
OD002441,O01380,P0131,1,2388.0,25
OD002442,O01380,P0007,3,27562.0,10
OD002443,O01381,P0131,1,2388.0,20
OD002444,O01382,P0074,1,3972.0,10
OD002445,O01383,P0094,4,1258.0,25
OD002446,O01383,P0117,1,948.0,10
OD002447,O01384,P0148,1,24905.0,25
OD002448,O01385,P0131,3,2388.0,25
OD002449,O01386,P0112,3,1185.0,0
OD002450,O01387,P0051,4,6426.0,10
OD002451,O01387,P0100,3,656.0,10
OD002452,O01388,P0053,4,5610.0,5
OD002453,O01389,P0088,3,3802.0,5
OD002454,O01390,P0035,4,75079.0,0
OD002455,O01391,P0068,1,1904.0,0
OD002456,O01392,P0058,1,2360.0,25
OD002457,O01392,P0016,3,51115.0,0
OD002458,O01393,P0024,3,89341.0,15
OD002459,O01393,P0126,4,4619.0,25
OD002460,O01393,P0019,3,7506.0,5
OD002461,O01393,P0092,2,11144.0,0
OD002462,O01394,P0088,4,3802.0,0
OD002463,O01395,P0005,2,30157.0,0
OD002464,O01395,P0130,4,9352.0,5
OD002465,O01396,P0143,1,4601.0,0
OD002466,O01396,P0117,2,948.0,0
OD002467,O01397,P0086,4,13724.0,10
OD002468,O01397,P0151,2,58699.0,10
OD002469,O01398,P0111,4,1846.0,0
OD002470,O01398,P0009,1,37963.0,10
OD002471,O01399,P0036,3,78122.0,25
OD002472,O01399,P0109,2,3854.0,25
OD002473,O01399,P0143,4,4601.0,25
OD002474,O01400,P0122,2,2157.0,0
OD002475,O01400,P0111,3,1846.0,20
OD002476,O01400,P0061,3,3770.0,25
OD002477,O01401,P0066,3,5839.0,15
OD002478,O01402,P0033,2,85759.0,5
OD002479,O01403,P0087,1,6958.0,20
OD002480,O01403,P0037,3,6843.0,20
OD002481,O01403,P0149,2,6514.0,0
OD002482,O01404,P0139,1,22366.0,20
OD002483,O01405,P0062,3,11980.0,25
OD002484,O01406,P0011,3,21879.0,10
OD002485,O01407,P0138,2,55464.0,15
OD002486,O01407,P0154,4,58654.0,15
OD002487,O01407,P0121,4,2262.0,25
OD002488,O01408,P0133,4,3741.0,10
OD002489,O01408,P0004,3,5665.0,10
OD002490,O01409,P0016,3,51115.0,20
OD002491,O01410,P0110,1,919.0,5
OD002492,O01410,P0087,3,6958.0,0
OD002493,O01411,P0130,2,9352.0,5
OD002494,O01412,P0123,1,3569.0,10
OD002495,O01413,P0015,4,61717.0,0
OD002496,O01413,P0078,4,8600.0,10
OD002497,O01413,P0144,1,44525.0,5
OD002498,O01413,P0075,3,3434.0,15
OD002499,O01414,P0131,1,2388.0,0
OD002500,O01414,P0004,2,5665.0,10
OD002501,O01414,P0143,3,4601.0,10
OD002502,O01415,P0101,2,1082.0,15
OD002503,O01416,P0090,3,6696.0,15
OD002504,O01416,P0012,1,14896.0,0
OD002505,O01417,P0100,4,656.0,25
OD002506,O01417,P0013,4,14176.0,0
OD002507,O01417,P0027,2,51235.0,5
OD002508,O01417,P0024,1,89341.0,20
OD002509,O01418,P0118,4,1045.0,10
OD002510,O01419,P0137,1,4748.0,10
OD002511,O01419,P0087,2,6958.0,0
OD002512,O01420,P0044,2,488.0,0
OD002513,O01421,P0092,3,11144.0,5
OD002514,O01422,P0105,2,2236.0,20
OD002515,O01423,P0121,2,2262.0,20
OD002516,O01423,P0139,1,22366.0,25
OD002517,O01423,P0066,4,5839.0,0
OD002518,O01423,P0070,3,357.0,10
OD002519,O01424,P0129,3,890.0,15
OD002520,O01425,P0046,1,5108.0,0
OD002521,O01426,P0024,1,89341.0,5
OD002522,O01427,P0148,1,24905.0,20
OD002523,O01427,P0005,2,30157.0,25
OD002524,O01428,P0046,1,5108.0,15
OD002525,O01428,P0092,4,11144.0,0
OD002526,O01428,P0043,3,8969.0,10
OD002527,O01429,P0096,3,1121.0,25
OD002528,O01430,P0041,2,10071.0,10
OD002529,O01431,P0062,3,11980.0,0
OD002530,O01432,P0154,1,58654.0,0
OD002531,O01432,P0150,2,58459.0,10
OD002532,O01433,P0124,2,129.0,25
OD002533,O01434,P0079,4,54272.0,15
OD002534,O01434,P0132,1,6274.0,10
OD002535,O01435,P0132,3,6274.0,15
OD002536,O01435,P0030,3,54081.0,0
OD002537,O01435,P0147,2,5117.0,25
OD002538,O01436,P0064,4,8779.0,0
OD002539,O01436,P0103,3,771.0,0
OD002540,O01436,P0108,1,2690.0,5
OD002541,O01436,P0148,1,24905.0,5
OD002542,O01437,P0100,2,656.0,25
OD002543,O01437,P0064,4,8779.0,0
OD002544,O01437,P0034,2,36218.0,5
OD002545,O01438,P0050,1,10277.0,5
OD002546,O01438,P0130,4,9352.0,15
OD002547,O01439,P0121,3,2262.0,0
OD002548,O01439,P0098,4,565.0,20
OD002549,O01440,P0070,2,357.0,15
OD002550,O01440,P0073,3,1183.0,0
OD002551,O01441,P0022,4,84820.0,15
OD002552,O01442,P0147,2,5117.0,0
OD002553,O01442,P0040,1,2804.0,25
OD002554,O01442,P0057,4,8262.0,20
OD002555,O01442,P0118,2,1045.0,10
OD002556,O01443,P0040,1,2804.0,0
OD002557,O01444,P0028,2,30285.0,5
OD002558,O01445,P0041,3,10071.0,10
OD002559,O01446,P0054,3,2132.0,15
OD002560,O01447,P0105,2,2236.0,20
OD002561,O01448,P0065,1,4361.0,0
OD002562,O01449,P0056,2,9595.0,10
OD002563,O01450,P0142,4,41501.0,5
OD002564,O01450,P0117,1,948.0,0
OD002565,O01451,P0045,2,4671.0,0
OD002566,O01451,P0083,2,62137.0,25
OD002567,O01452,P0020,4,11958.0,0
OD002568,O01453,P0012,2,14896.0,10
OD002569,O01454,P0081,2,71792.0,10
OD002570,O01455,P0142,3,41501.0,15
OD002571,O01456,P0099,2,1622.0,20
OD002572,O01456,P0076,4,894.0,0
OD002573,O01457,P0115,1,2578.0,15
OD002574,O01458,P0149,1,6514.0,10
OD002575,O01459,P0116,4,164.0,10
OD002576,O01459,P0002,4,19789.0,20
OD002577,O01460,P0078,4,8600.0,10
OD002578,O01461,P0028,1,30285.0,10
OD002579,O01462,P0106,3,2055.0,25
OD002580,O01462,P0125,3,2245.0,15
OD002581,O01462,P0144,4,44525.0,5
OD002582,O01462,P0038,2,2566.0,0
OD002583,O01463,P0036,1,78122.0,0
OD002584,O01463,P0041,3,10071.0,25
OD002585,O01464,P0054,3,2132.0,25
OD002586,O01464,P0095,4,1298.0,20
OD002587,O01465,P0011,4,21879.0,0
OD002588,O01466,P0063,3,11304.0,10
OD002589,O01467,P0063,3,11304.0,0
OD002590,O01467,P0054,4,2132.0,10
OD002591,O01468,P0100,4,656.0,0
OD002592,O01469,P0057,3,8262.0,5
OD002593,O01469,P0150,1,58459.0,0
OD002594,O01470,P0103,1,771.0,5
OD002595,O01471,P0005,2,30157.0,25
OD002596,O01471,P0014,1,80631.0,0
OD002597,O01471,P0079,2,54272.0,25
OD002598,O01472,P0077,4,57019.0,0
OD002599,O01473,P0048,2,8501.0,10
OD002600,O01473,P0119,4,1373.0,25
OD002601,O01474,P0054,3,2132.0,25
OD002602,O01474,P0104,1,4730.0,0
OD002603,O01475,P0112,1,1185.0,0
OD002604,O01475,P0136,3,2962.0,5
OD002605,O01476,P0118,3,1045.0,5
OD002606,O01477,P0152,4,16657.0,0
OD002607,O01478,P0147,4,5117.0,20
OD002608,O01479,P0121,4,2262.0,0
OD002609,O01480,P0124,4,129.0,10
OD002610,O01480,P0116,4,164.0,10
OD002611,O01480,P0097,4,4219.0,10
OD002612,O01480,P0063,3,11304.0,20
OD002613,O01481,P0085,3,8130.0,10
OD002614,O01482,P0153,1,26414.0,10
OD002615,O01482,P0086,3,13724.0,5
OD002616,O01482,P0032,4,29369.0,0
OD002617,O01482,P0130,1,9352.0,20
OD002618,O01483,P0016,3,51115.0,10
OD002619,O01484,P0133,2,3741.0,10
OD002620,O01484,P0054,2,2132.0,10
OD002621,O01484,P0141,2,27658.0,10
OD002622,O01485,P0027,1,51235.0,20
OD002623,O01486,P0009,2,37963.0,0
OD002624,O01486,P0035,4,75079.0,10
OD002625,O01486,P0065,1,4361.0,0
OD002626,O01487,P0053,2,5610.0,0
OD002627,O01487,P0103,3,771.0,10
OD002628,O01488,P0084,3,59582.0,10
OD002629,O01489,P0147,2,5117.0,0
OD002630,O01490,P0154,2,58654.0,20
OD002631,O01490,P0049,4,2043.0,10
OD002632,O01491,P0085,1,8130.0,25
OD002633,O01492,P0118,2,1045.0,10
OD002634,O01492,P0055,1,4223.0,5
OD002635,O01493,P0121,3,2262.0,5
OD002636,O01493,P0075,2,3434.0,0
OD002637,O01493,P0065,2,4361.0,10
OD002638,O01494,P0146,3,53886.0,0
OD002639,O01494,P0074,2,3972.0,5
OD002640,O01494,P0009,4,37963.0,5
OD002641,O01495,P0003,1,12895.0,10
OD002642,O01496,P0062,1,11980.0,25
OD002643,O01497,P0081,3,71792.0,0
OD002644,O01497,P0099,3,1622.0,20
OD002645,O01497,P0055,3,4223.0,0
OD002646,O01498,P0009,3,37963.0,20
OD002647,O01498,P0029,3,31521.0,0
OD002648,O01499,P0063,2,11304.0,0
OD002649,O01500,P0128,4,11621.0,0
OD002650,O01501,P0084,1,59582.0,0
OD002651,O01502,P0071,3,4311.0,5
OD002652,O01503,P0130,3,9352.0,20
OD002653,O01504,P0105,2,2236.0,15
OD002654,O01505,P0120,4,1825.0,15
OD002655,O01505,P0100,4,656.0,0
OD002656,O01506,P0045,2,4671.0,10
OD002657,O01507,P0022,1,84820.0,0
OD002658,O01507,P0015,2,61717.0,0
OD002659,O01507,P0070,2,357.0,0
OD002660,O01508,P0108,2,2690.0,25
OD002661,O01508,P0041,1,10071.0,5
OD002662,O01508,P0003,1,12895.0,0
OD002663,O01509,P0119,3,1373.0,25
OD002664,O01510,P0049,1,2043.0,25
OD002665,O01511,P0019,1,7506.0,15
OD002666,O01511,P0043,4,8969.0,10
OD002667,O01512,P0054,2,2132.0,5
OD002668,O01512,P0137,1,4748.0,0
OD002669,O01512,P0095,1,1298.0,25
OD002670,O01513,P0122,2,2157.0,5
OD002671,O01514,P0088,2,3802.0,0
OD002672,O01515,P0044,2,488.0,5
OD002673,O01516,P0077,4,57019.0,20
OD002674,O01516,P0120,1,1825.0,10
OD002675,O01517,P0099,1,1622.0,20
OD002676,O01517,P0011,1,21879.0,0
OD002677,O01517,P0038,2,2566.0,25
OD002678,O01517,P0095,1,1298.0,0
OD002679,O01518,P0148,4,24905.0,10
OD002680,O01518,P0052,1,8989.0,10
OD002681,O01518,P0143,1,4601.0,0
OD002682,O01519,P0083,2,62137.0,0
OD002683,O01520,P0091,2,4973.0,10
OD002684,O01521,P0091,3,4973.0,10
OD002685,O01521,P0085,4,8130.0,0
OD002686,O01521,P0062,4,11980.0,0
OD002687,O01521,P0003,3,12895.0,25
OD002688,O01522,P0006,4,80407.0,10
OD002689,O01523,P0037,4,6843.0,20
OD002690,O01524,P0123,2,3569.0,10
OD002691,O01525,P0051,4,6426.0,0
OD002692,O01525,P0141,2,27658.0,0
OD002693,O01526,P0131,2,2388.0,0
OD002694,O01526,P0146,4,53886.0,0
OD002695,O01526,P0016,2,51115.0,20
OD002696,O01527,P0049,1,2043.0,0
OD002697,O01527,P0084,1,59582.0,10
OD002698,O01527,P0013,4,14176.0,0
OD002699,O01527,P0056,2,9595.0,15
OD002700,O01528,P0063,2,11304.0,0
OD002701,O01528,P0156,4,58031.0,15
OD002702,O01528,P0137,4,4748.0,0
OD002703,O01529,P0053,3,5610.0,15
OD002704,O01530,P0129,4,890.0,15
OD002705,O01530,P0145,2,38085.0,0
OD002706,O01530,P0146,2,53886.0,5
OD002707,O01531,P0085,1,8130.0,0
OD002708,O01531,P0116,4,164.0,0
OD002709,O01532,P0017,3,39927.0,25
OD002710,O01532,P0146,1,53886.0,0
OD002711,O01533,P0083,1,62137.0,10
OD002712,O01533,P0122,1,2157.0,25
OD002713,O01534,P0058,2,2360.0,0
OD002714,O01535,P0077,2,57019.0,0
OD002715,O01536,P0084,4,59582.0,10
OD002716,O01536,P0134,4,6094.0,10
OD002717,O01537,P0095,2,1298.0,0
OD002718,O01538,P0030,3,54081.0,0
OD002719,O01539,P0084,4,59582.0,0
OD002720,O01539,P0067,2,4637.0,25
OD002721,O01539,P0074,3,3972.0,25
OD002722,O01540,P0155,2,72075.0,10
OD002723,O01540,P0075,3,3434.0,10
OD002724,O01540,P0073,3,1183.0,10
OD002725,O01541,P0087,1,6958.0,5
OD002726,O01541,P0024,1,89341.0,15
OD002727,O01541,P0055,1,4223.0,5
OD002728,O01541,P0016,3,51115.0,25
OD002729,O01542,P0147,2,5117.0,15
OD002730,O01542,P0076,4,894.0,25
OD002731,O01542,P0074,2,3972.0,25
OD002732,O01543,P0038,2,2566.0,15
OD002733,O01543,P0053,2,5610.0,0
OD002734,O01544,P0132,1,6274.0,0
OD002735,O01544,P0111,3,1846.0,5
OD002736,O01544,P0085,4,8130.0,10
OD002737,O01544,P0004,4,5665.0,10
OD002738,O01545,P0130,4,9352.0,15
OD002739,O01545,P0144,3,44525.0,25
OD002740,O01546,P0021,4,51323.0,10
OD002741,O01547,P0094,2,1258.0,20
OD002742,O01548,P0019,2,7506.0,0
OD002743,O01548,P0057,4,8262.0,5
OD002744,O01549,P0084,3,59582.0,10
OD002745,O01550,P0083,4,62137.0,20
OD002746,O01550,P0095,4,1298.0,0
OD002747,O01550,P0127,1,458.0,10
OD002748,O01551,P0140,3,6575.0,0
OD002749,O01552,P0016,1,51115.0,10
OD002750,O01552,P0015,3,61717.0,0
OD002751,O01553,P0066,2,5839.0,25
OD002752,O01554,P0046,3,5108.0,5
OD002753,O01555,P0035,1,75079.0,0
OD002754,O01555,P0037,4,6843.0,25
OD002755,O01556,P0129,1,890.0,10
OD002756,O01557,P0136,1,2962.0,5
OD002757,O01558,P0044,1,488.0,0
OD002758,O01558,P0040,2,2804.0,15
OD002759,O01558,P0011,1,21879.0,10
OD002760,O01559,P0088,3,3802.0,15
OD002761,O01560,P0017,3,39927.0,0
OD002762,O01560,P0074,4,3972.0,25
OD002763,O01560,P0107,2,1172.0,15
OD002764,O01560,P0050,3,10277.0,5
OD002765,O01561,P0070,1,357.0,10
OD002766,O01562,P0037,2,6843.0,10
OD002767,O01562,P0022,3,84820.0,10
OD002768,O01562,P0008,3,30393.0,10
OD002769,O01563,P0035,3,75079.0,15
OD002770,O01563,P0105,4,2236.0,0
OD002771,O01563,P0083,1,62137.0,5
OD002772,O01564,P0041,1,10071.0,0
OD002773,O01564,P0002,4,19789.0,0
OD002774,O01564,P0096,2,1121.0,20
OD002775,O01564,P0052,2,8989.0,5
OD002776,O01565,P0127,4,458.0,20
OD002777,O01565,P0099,3,1622.0,0
OD002778,O01565,P0079,1,54272.0,20
OD002779,O01565,P0101,2,1082.0,15
OD002780,O01566,P0105,2,2236.0,25
OD002781,O01566,P0036,3,78122.0,0
OD002782,O01567,P0100,3,656.0,20
OD002783,O01567,P0006,1,80407.0,5
OD002784,O01567,P0145,3,38085.0,0
OD002785,O01568,P0139,1,22366.0,15
OD002786,O01568,P0154,3,58654.0,0
OD002787,O01569,P0153,1,26414.0,5
OD002788,O01569,P0018,4,77174.0,10
OD002789,O01570,P0144,1,44525.0,5
OD002790,O01570,P0151,3,58699.0,25
OD002791,O01570,P0090,3,6696.0,25
OD002792,O01571,P0017,4,39927.0,20
OD002793,O01572,P0006,4,80407.0,0
OD002794,O01573,P0128,3,11621.0,10
OD002795,O01573,P0125,1,2245.0,10
OD002796,O01573,P0140,2,6575.0,10
OD002797,O01574,P0098,4,565.0,15
OD002798,O01575,P0028,3,30285.0,0
OD002799,O01575,P0146,1,53886.0,20
OD002800,O01576,P0005,3,30157.0,15
OD002801,O01576,P0020,2,11958.0,20
OD002802,O01576,P0023,3,50020.0,0
OD002803,O01577,P0138,1,55464.0,0
OD002804,O01577,P0016,4,51115.0,0
OD002805,O01578,P0068,4,1904.0,5
OD002806,O01578,P0126,3,4619.0,10
OD002807,O01579,P0050,3,10277.0,10
OD002808,O01580,P0073,2,1183.0,10
OD002809,O01580,P0118,1,1045.0,15
OD002810,O01581,P0106,2,2055.0,0
OD002811,O01581,P0048,4,8501.0,10
OD002812,O01582,P0054,4,2132.0,0
OD002813,O01582,P0085,1,8130.0,0
OD002814,O01582,P0124,1,129.0,20
OD002815,O01583,P0058,1,2360.0,0
OD002816,O01584,P0020,3,11958.0,10
OD002817,O01584,P0146,4,53886.0,15
OD002818,O01585,P0026,2,33587.0,0
OD002819,O01585,P0156,3,58031.0,10
OD002820,O01585,P0084,3,59582.0,0
OD002821,O01585,P0116,3,164.0,0
OD002822,O01586,P0017,2,39927.0,10
OD002823,O01586,P0046,3,5108.0,0
OD002824,O01587,P0055,2,4223.0,5
OD002825,O01587,P0042,4,6552.0,0
OD002826,O01588,P0028,4,30285.0,10
OD002827,O01588,P0121,4,2262.0,20
OD002828,O01589,P0090,1,6696.0,5
OD002829,O01589,P0111,1,1846.0,0
OD002830,O01590,P0020,3,11958.0,15
OD002831,O01591,P0124,4,129.0,20
OD002832,O01592,P0100,1,656.0,10
OD002833,O01593,P0097,2,4219.0,0
OD002834,O01593,P0020,4,11958.0,0
OD002835,O01594,P0057,3,8262.0,0
OD002836,O01594,P0047,1,7733.0,20
OD002837,O01595,P0078,1,8600.0,0
OD002838,O01595,P0152,4,16657.0,0
OD002839,O01596,P0138,4,55464.0,10
OD002840,O01597,P0095,1,1298.0,0
OD002841,O01598,P0065,2,4361.0,0
OD002842,O01598,P0127,4,458.0,10
OD002843,O01598,P0117,3,948.0,0
OD002844,O01598,P0142,3,41501.0,20
OD002845,O01599,P0003,3,12895.0,0
OD002846,O01600,P0066,4,5839.0,10
OD002847,O01601,P0144,4,44525.0,20
OD002848,O01601,P0043,1,8969.0,0
OD002849,O01602,P0026,1,33587.0,0
OD002850,O01603,P0064,2,8779.0,10
OD002851,O01604,P0074,2,3972.0,0
OD002852,O01604,P0033,1,85759.0,25
OD002853,O01604,P0030,2,54081.0,0
OD002854,O01605,P0115,1,2578.0,15
OD002855,O01606,P0091,4,4973.0,0
OD002856,O01606,P0118,2,1045.0,25
OD002857,O01607,P0091,2,4973.0,25
OD002858,O01608,P0069,3,582.0,20
OD002859,O01608,P0045,1,4671.0,15
OD002860,O01608,P0001,3,37548.0,15
OD002861,O01608,P0080,2,34091.0,0
OD002862,O01609,P0020,1,11958.0,0
OD002863,O01609,P0077,2,57019.0,20
OD002864,O01610,P0054,1,2132.0,20
OD002865,O01611,P0060,2,8945.0,20
OD002866,O01612,P0047,1,7733.0,25
OD002867,O01612,P0132,4,6274.0,15
OD002868,O01613,P0046,2,5108.0,0
OD002869,O01613,P0032,1,29369.0,20
OD002870,O01614,P0104,1,4730.0,25
OD002871,O01614,P0119,2,1373.0,10
OD002872,O01614,P0150,3,58459.0,0
OD002873,O01615,P0012,4,14896.0,20
OD002874,O01615,P0051,3,6426.0,25
OD002875,O01616,P0036,4,78122.0,0
OD002876,O01617,P0078,3,8600.0,0
OD002877,O01617,P0012,4,14896.0,10
OD002878,O01618,P0036,3,78122.0,10
OD002879,O01618,P0015,4,61717.0,10
OD002880,O01619,P0140,4,6575.0,20
OD002881,O01620,P0072,3,4076.0,0
OD002882,O01621,P0069,2,582.0,25
OD002883,O01621,P0058,1,2360.0,20
OD002884,O01622,P0055,3,4223.0,20
OD002885,O01622,P0038,4,2566.0,10
OD002886,O01622,P0080,1,34091.0,0
OD002887,O01622,P0131,2,2388.0,10
OD002888,O01623,P0133,2,3741.0,0
OD002889,O01624,P0007,4,27562.0,0
OD002890,O01625,P0046,2,5108.0,0
OD002891,O01626,P0074,4,3972.0,10
OD002892,O01627,P0011,3,21879.0,20
OD002893,O01628,P0036,1,78122.0,0
OD002894,O01629,P0145,4,38085.0,10
OD002895,O01629,P0098,1,565.0,15
OD002896,O01629,P0035,2,75079.0,10
OD002897,O01629,P0061,1,3770.0,15
OD002898,O01630,P0095,2,1298.0,0
OD002899,O01630,P0038,3,2566.0,20
OD002900,O01631,P0143,4,4601.0,10
OD002901,O01632,P0004,3,5665.0,25
OD002902,O01633,P0132,1,6274.0,0
OD002903,O01634,P0129,3,890.0,5
OD002904,O01634,P0154,4,58654.0,15
OD002905,O01635,P0037,2,6843.0,5
OD002906,O01635,P0039,2,1789.0,20
OD002907,O01636,P0130,2,9352.0,10
OD002908,O01637,P0062,3,11980.0,15
OD002909,O01638,P0004,2,5665.0,20
OD002910,O01639,P0052,2,8989.0,20
OD002911,O01640,P0052,2,8989.0,10
OD002912,O01640,P0136,2,2962.0,0
OD002913,O01641,P0113,2,2101.0,20
OD002914,O01642,P0073,1,1183.0,0
OD002915,O01642,P0094,3,1258.0,0
OD002916,O01642,P0027,2,51235.0,10
OD002917,O01643,P0100,1,656.0,5
OD002918,O01643,P0010,4,56892.0,0
OD002919,O01643,P0065,3,4361.0,5
OD002920,O01644,P0060,2,8945.0,0
OD002921,O01645,P0103,2,771.0,25
OD002922,O01645,P0086,3,13724.0,10
OD002923,O01646,P0016,1,51115.0,0
OD002924,O01647,P0002,4,19789.0,25
OD002925,O01648,P0119,1,1373.0,10
OD002926,O01648,P0135,4,10468.0,5
OD002927,O01649,P0130,3,9352.0,0
OD002928,O01650,P0006,4,80407.0,15
OD002929,O01651,P0141,4,27658.0,10
OD002930,O01651,P0119,3,1373.0,10
OD002931,O01652,P0015,2,61717.0,0
OD002932,O01653,P0078,2,8600.0,20
OD002933,O01654,P0124,2,129.0,15
OD002934,O01654,P0118,3,1045.0,0
OD002935,O01655,P0056,2,9595.0,20
OD002936,O01656,P0097,4,4219.0,25
OD002937,O01657,P0079,2,54272.0,10
OD002938,O01657,P0128,2,11621.0,25
OD002939,O01658,P0072,2,4076.0,0
OD002940,O01658,P0034,2,36218.0,20
OD002941,O01658,P0149,4,6514.0,25
OD002942,O01658,P0018,2,77174.0,5
OD002943,O01659,P0096,3,1121.0,0
OD002944,O01660,P0101,1,1082.0,25
OD002945,O01661,P0112,4,1185.0,10
OD002946,O01662,P0094,1,1258.0,0
OD002947,O01662,P0079,2,54272.0,10
OD002948,O01663,P0090,4,6696.0,15
OD002949,O01664,P0093,4,3411.0,0
OD002950,O01664,P0021,4,51323.0,20
OD002951,O01664,P0118,2,1045.0,10
OD002952,O01665,P0123,4,3569.0,0
OD002953,O01666,P0118,4,1045.0,5
OD002954,O01666,P0138,2,55464.0,25
OD002955,O01666,P0098,3,565.0,0
OD002956,O01667,P0076,1,894.0,5
OD002957,O01667,P0048,3,8501.0,0
OD002958,O01667,P0016,3,51115.0,0
OD002959,O01668,P0025,4,81340.0,0
OD002960,O01668,P0147,2,5117.0,0
OD002961,O01668,P0144,3,44525.0,10
OD002962,O01669,P0084,4,59582.0,5
OD002963,O01669,P0152,4,16657.0,10
OD002964,O01670,P0110,4,919.0,5
OD002965,O01671,P0144,3,44525.0,10
OD002966,O01671,P0142,3,41501.0,0
OD002967,O01672,P0057,3,8262.0,10
OD002968,O01673,P0045,3,4671.0,15
OD002969,O01673,P0145,3,38085.0,15
OD002970,O01674,P0009,3,37963.0,5
OD002971,O01674,P0088,1,3802.0,20
OD002972,O01675,P0148,4,24905.0,5
OD002973,O01676,P0156,2,58031.0,0
OD002974,O01677,P0038,2,2566.0,20
OD002975,O01678,P0060,4,8945.0,15
OD002976,O01678,P0068,2,1904.0,0
OD002977,O01678,P0056,3,9595.0,15
OD002978,O01679,P0120,4,1825.0,5
OD002979,O01679,P0034,2,36218.0,0
OD002980,O01680,P0078,2,8600.0,10
OD002981,O01680,P0147,4,5117.0,10
OD002982,O01680,P0144,2,44525.0,0
OD002983,O01681,P0094,4,1258.0,0
OD002984,O01682,P0026,1,33587.0,0
OD002985,O01682,P0087,1,6958.0,10
OD002986,O01683,P0048,4,8501.0,15
OD002987,O01683,P0023,1,50020.0,20
OD002988,O01684,P0150,2,58459.0,15
OD002989,O01685,P0081,4,71792.0,25
OD002990,O01686,P0088,2,3802.0,20
OD002991,O01686,P0041,3,10071.0,10
OD002992,O01686,P0152,3,16657.0,0
OD002993,O01687,P0123,4,3569.0,0
OD002994,O01688,P0154,1,58654.0,5
OD002995,O01688,P0007,4,27562.0,0
OD002996,O01689,P0105,3,2236.0,10
OD002997,O01689,P0081,1,71792.0,0
OD002998,O01689,P0140,3,6575.0,10
OD002999,O01690,P0137,2,4748.0,10
OD003000,O01690,P0072,4,4076.0,15
OD003001,O01691,P0128,3,11621.0,10
OD003002,O01691,P0002,4,19789.0,5
OD003003,O01691,P0038,2,2566.0,25
OD003004,O01691,P0132,4,6274.0,25
OD003005,O01692,P0087,3,6958.0,0
OD003006,O01692,P0038,1,2566.0,10
OD003007,O01692,P0064,4,8779.0,15
OD003008,O01693,P0096,1,1121.0,25
OD003009,O01694,P0077,3,57019.0,20
OD003010,O01695,P0131,2,2388.0,20
OD003011,O01696,P0095,3,1298.0,10
OD003012,O01697,P0079,4,54272.0,25
OD003013,O01698,P0120,2,1825.0,25
OD003014,O01699,P0101,2,1082.0,10
OD003015,O01700,P0022,2,84820.0,0
OD003016,O01701,P0137,4,4748.0,10
OD003017,O01701,P0122,4,2157.0,0
OD003018,O01702,P0143,2,4601.0,10
OD003019,O01703,P0038,2,2566.0,10
OD003020,O01703,P0011,3,21879.0,25
OD003021,O01704,P0139,3,22366.0,0
OD003022,O01705,P0072,2,4076.0,0
OD003023,O01705,P0056,3,9595.0,15
OD003024,O01705,P0103,1,771.0,5
OD003025,O01705,P0046,4,5108.0,0
OD003026,O01706,P0105,1,2236.0,5
OD003027,O01707,P0009,3,37963.0,15
OD003028,O01708,P0024,4,89341.0,15
OD003029,O01708,P0022,1,84820.0,10
OD003030,O01709,P0063,1,11304.0,5
OD003031,O01709,P0043,4,8969.0,15
OD003032,O01710,P0152,3,16657.0,20
OD003033,O01711,P0038,1,2566.0,0
OD003034,O01712,P0097,2,4219.0,0
OD003035,O01713,P0011,3,21879.0,0
OD003036,O01714,P0067,2,4637.0,15
OD003037,O01714,P0012,3,14896.0,10
OD003038,O01714,P0085,4,8130.0,25
OD003039,O01714,P0137,1,4748.0,0
OD003040,O01715,P0048,3,8501.0,0
OD003041,O01716,P0104,2,4730.0,5
OD003042,O01717,P0086,2,13724.0,25
OD003043,O01718,P0038,4,2566.0,0
OD003044,O01719,P0135,2,10468.0,25
OD003045,O01720,P0134,1,6094.0,0
OD003046,O01721,P0133,3,3741.0,20
OD003047,O01722,P0147,1,5117.0,0
OD003048,O01723,P0062,1,11980.0,0
OD003049,O01723,P0135,2,10468.0,10
OD003050,O01723,P0047,3,7733.0,20
OD003051,O01723,P0107,1,1172.0,25
OD003052,O01724,P0056,3,9595.0,25
OD003053,O01725,P0106,1,2055.0,10
OD003054,O01726,P0084,1,59582.0,5
OD003055,O01726,P0147,4,5117.0,10
OD003056,O01727,P0008,3,30393.0,10
OD003057,O01728,P0094,1,1258.0,5
OD003058,O01729,P0154,4,58654.0,25
OD003059,O01729,P0122,4,2157.0,0
OD003060,O01729,P0057,4,8262.0,20
OD003061,O01730,P0108,1,2690.0,25
OD003062,O01731,P0086,3,13724.0,0
OD003063,O01732,P0076,2,894.0,0
OD003064,O01732,P0021,3,51323.0,0
OD003065,O01733,P0150,1,58459.0,15
OD003066,O01734,P0119,2,1373.0,5
OD003067,O01735,P0137,1,4748.0,5
OD003068,O01735,P0019,3,7506.0,10
OD003069,O01735,P0111,2,1846.0,0
OD003070,O01736,P0128,3,11621.0,0
OD003071,O01737,P0010,2,56892.0,20
OD003072,O01737,P0124,1,129.0,20
OD003073,O01738,P0020,3,11958.0,15
OD003074,O01739,P0012,4,14896.0,10
OD003075,O01740,P0116,4,164.0,15
OD003076,O01740,P0043,1,8969.0,0
OD003077,O01741,P0106,2,2055.0,15
OD003078,O01741,P0122,2,2157.0,0
OD003079,O01742,P0129,1,890.0,15
OD003080,O01742,P0107,3,1172.0,0
OD003081,O01743,P0024,4,89341.0,0
OD003082,O01744,P0025,1,81340.0,25
OD003083,O01745,P0074,1,3972.0,25
OD003084,O01746,P0009,1,37963.0,0
OD003085,O01747,P0127,2,458.0,5
OD003086,O01747,P0070,2,357.0,0
OD003087,O01747,P0052,2,8989.0,10
OD003088,O01748,P0029,4,31521.0,0
OD003089,O01749,P0040,2,2804.0,5
OD003090,O01750,P0016,3,51115.0,10
OD003091,O01751,P0144,1,44525.0,0
OD003092,O01751,P0116,4,164.0,0
OD003093,O01752,P0017,4,39927.0,25
OD003094,O01752,P0077,1,57019.0,10
OD003095,O01753,P0040,3,2804.0,0
OD003096,O01754,P0073,2,1183.0,0
OD003097,O01755,P0106,4,2055.0,0
OD003098,O01755,P0146,1,53886.0,15
OD003099,O01755,P0104,3,4730.0,0
OD003100,O01756,P0004,1,5665.0,10
OD003101,O01756,P0115,3,2578.0,15
OD003102,O01756,P0067,1,4637.0,25
OD003103,O01757,P0007,4,27562.0,0
OD003104,O01757,P0128,3,11621.0,0
OD003105,O01758,P0112,2,1185.0,10
OD003106,O01758,P0118,4,1045.0,10
OD003107,O01758,P0035,3,75079.0,10
OD003108,O01759,P0074,3,3972.0,0
OD003109,O01759,P0023,4,50020.0,0
OD003110,O01760,P0098,3,565.0,25
OD003111,O01760,P0091,1,4973.0,15
OD003112,O01761,P0019,4,7506.0,10
OD003113,O01761,P0142,3,41501.0,15
OD003114,O01761,P0085,4,8130.0,25
OD003115,O01762,P0041,3,10071.0,0
OD003116,O01763,P0118,2,1045.0,10
OD003117,O01764,P0070,2,357.0,0
OD003118,O01765,P0060,3,8945.0,20
OD003119,O01766,P0146,4,53886.0,15
OD003120,O01766,P0041,2,10071.0,10
OD003121,O01766,P0014,2,80631.0,25
OD003122,O01767,P0048,4,8501.0,15
OD003123,O01768,P0114,3,1392.0,5
OD003124,O01768,P0015,1,61717.0,0
OD003125,O01769,P0050,3,10277.0,20
OD003126,O01770,P0078,4,8600.0,0
OD003127,O01771,P0052,3,8989.0,15
OD003128,O01772,P0142,3,41501.0,0
OD003129,O01772,P0150,2,58459.0,15
OD003130,O01772,P0039,2,1789.0,20
OD003131,O01773,P0129,1,890.0,0
OD003132,O01773,P0122,4,2157.0,15
OD003133,O01773,P0141,2,27658.0,25
OD003134,O01773,P0025,4,81340.0,15
OD003135,O01774,P0009,2,37963.0,10
OD003136,O01775,P0136,2,2962.0,10
OD003137,O01775,P0092,4,11144.0,25
OD003138,O01776,P0052,4,8989.0,20
OD003139,O01776,P0041,1,10071.0,0
OD003140,O01777,P0118,4,1045.0,0
OD003141,O01778,P0041,4,10071.0,10
OD003142,O01778,P0051,1,6426.0,0
OD003143,O01778,P0095,1,1298.0,10
OD003144,O01779,P0016,4,51115.0,0
OD003145,O01779,P0139,2,22366.0,0
OD003146,O01779,P0091,2,4973.0,10
OD003147,O01780,P0045,2,4671.0,5
OD003148,O01781,P0071,3,4311.0,15
OD003149,O01782,P0126,1,4619.0,25
OD003150,O01782,P0054,3,2132.0,25
OD003151,O01782,P0058,3,2360.0,15
OD003152,O01783,P0143,4,4601.0,0
OD003153,O01783,P0038,1,2566.0,10
OD003154,O01783,P0084,1,59582.0,10
OD003155,O01784,P0149,1,6514.0,10
OD003156,O01784,P0033,2,85759.0,10
OD003157,O01785,P0011,1,21879.0,5
OD003158,O01786,P0021,3,51323.0,10
OD003159,O01786,P0045,4,4671.0,0
OD003160,O01787,P0136,2,2962.0,10
OD003161,O01788,P0150,2,58459.0,0
OD003162,O01788,P0153,2,26414.0,0
OD003163,O01789,P0027,1,51235.0,0
OD003164,O01790,P0044,3,488.0,10
OD003165,O01790,P0089,2,2997.0,0
OD003166,O01790,P0012,3,14896.0,0
OD003167,O01791,P0143,1,4601.0,25
OD003168,O01792,P0039,4,1789.0,25
OD003169,O01792,P0134,2,6094.0,10
OD003170,O01792,P0101,2,1082.0,20
OD003171,O01793,P0050,4,10277.0,25
OD003172,O01793,P0133,2,3741.0,10
OD003173,O01793,P0063,1,11304.0,0
OD003174,O01794,P0092,1,11144.0,15
OD003175,O01795,P0119,2,1373.0,5
OD003176,O01795,P0090,1,6696.0,5
OD003177,O01795,P0151,4,58699.0,25
OD003178,O01796,P0144,1,44525.0,0
OD003179,O01797,P0057,4,8262.0,0
OD003180,O01797,P0097,3,4219.0,0
OD003181,O01797,P0046,4,5108.0,10
OD003182,O01797,P0013,4,14176.0,25
OD003183,O01798,P0048,4,8501.0,5
OD003184,O01798,P0116,3,164.0,10
OD003185,O01799,P0053,4,5610.0,10
OD003186,O01799,P0093,3,3411.0,0
OD003187,O01800,P0114,3,1392.0,25
OD003188,O01801,P0125,2,2245.0,5
OD003189,O01801,P0134,4,6094.0,0
OD003190,O01802,P0072,3,4076.0,0
OD003191,O01803,P0103,3,771.0,5
OD003192,O01804,P0015,1,61717.0,20
OD003193,O01805,P0090,2,6696.0,25
OD003194,O01805,P0148,1,24905.0,10
OD003195,O01805,P0072,1,4076.0,5
OD003196,O01805,P0129,3,890.0,10
OD003197,O01806,P0080,2,34091.0,25
OD003198,O01807,P0004,2,5665.0,0
OD003199,O01807,P0138,3,55464.0,20
OD003200,O01807,P0070,4,357.0,20
OD003201,O01807,P0113,4,2101.0,15
OD003202,O01808,P0135,1,10468.0,25
OD003203,O01808,P0117,2,948.0,25
OD003204,O01808,P0069,4,582.0,10
OD003205,O01809,P0130,4,9352.0,0
OD003206,O01810,P0057,2,8262.0,0
OD003207,O01810,P0063,4,11304.0,10
OD003208,O01811,P0088,2,3802.0,15
OD003209,O01812,P0117,2,948.0,0
OD003210,O01812,P0119,3,1373.0,0
OD003211,O01813,P0094,1,1258.0,0
OD003212,O01814,P0007,3,27562.0,0
OD003213,O01815,P0007,3,27562.0,5
OD003214,O01816,P0124,1,129.0,0
OD003215,O01817,P0022,1,84820.0,10
OD003216,O01817,P0112,3,1185.0,10
OD003217,O01817,P0150,2,58459.0,15
OD003218,O01818,P0013,3,14176.0,20
OD003219,O01818,P0083,3,62137.0,10
OD003220,O01818,P0124,2,129.0,5
OD003221,O01819,P0116,4,164.0,0
OD003222,O01820,P0016,3,51115.0,5
OD003223,O01820,P0052,2,8989.0,5
OD003224,O01820,P0146,3,53886.0,20
OD003225,O01821,P0074,4,3972.0,20
OD003226,O01822,P0095,1,1298.0,0
OD003227,O01823,P0056,3,9595.0,5
OD003228,O01823,P0152,3,16657.0,10
OD003229,O01824,P0013,4,14176.0,10
OD003230,O01824,P0156,3,58031.0,25
OD003231,O01825,P0117,1,948.0,25
OD003232,O01825,P0099,1,1622.0,20
OD003233,O01826,P0057,1,8262.0,0
OD003234,O01826,P0070,1,357.0,10
OD003235,O01827,P0084,2,59582.0,20
OD003236,O01827,P0065,3,4361.0,5
OD003237,O01828,P0136,2,2962.0,25
OD003238,O01829,P0050,3,10277.0,0
OD003239,O01830,P0056,2,9595.0,5
OD003240,O01830,P0111,1,1846.0,0
OD003241,O01830,P0117,2,948.0,0
OD003242,O01830,P0078,2,8600.0,10
OD003243,O01831,P0069,1,582.0,20
OD003244,O01832,P0011,4,21879.0,5
OD003245,O01833,P0101,3,1082.0,25
OD003246,O01833,P0009,2,37963.0,15
OD003247,O01834,P0150,3,58459.0,20
OD003248,O01834,P0036,4,78122.0,20
OD003249,O01835,P0009,4,37963.0,0
OD003250,O01836,P0154,4,58654.0,15
OD003251,O01837,P0007,3,27562.0,15
OD003252,O01837,P0025,1,81340.0,0
OD003253,O01837,P0124,4,129.0,15
OD003254,O01838,P0023,2,50020.0,0
OD003255,O01838,P0058,2,2360.0,0
OD003256,O01838,P0037,2,6843.0,25
OD003257,O01838,P0082,2,56796.0,0
OD003258,O01839,P0140,2,6575.0,25
OD003259,O01839,P0052,4,8989.0,25
OD003260,O01840,P0078,3,8600.0,20
OD003261,O01841,P0001,3,37548.0,5
OD003262,O01842,P0148,2,24905.0,0
OD003263,O01842,P0064,3,8779.0,10
OD003264,O01843,P0124,4,129.0,0
OD003265,O01843,P0015,1,61717.0,15
OD003266,O01844,P0058,4,2360.0,0
OD003267,O01845,P0142,3,41501.0,5
OD003268,O01845,P0041,1,10071.0,0
OD003269,O01845,P0146,2,53886.0,10
OD003270,O01846,P0090,3,6696.0,5
OD003271,O01846,P0048,3,8501.0,25
OD003272,O01847,P0082,3,56796.0,25
OD003273,O01847,P0036,1,78122.0,0
OD003274,O01847,P0006,3,80407.0,15
OD003275,O01848,P0119,2,1373.0,10
OD003276,O01849,P0051,1,6426.0,15
OD003277,O01850,P0029,4,31521.0,25
OD003278,O01850,P0002,1,19789.0,20
OD003279,O01851,P0085,1,8130.0,10
OD003280,O01851,P0005,2,30157.0,15
OD003281,O01852,P0049,1,2043.0,0
OD003282,O01853,P0132,3,6274.0,10
OD003283,O01853,P0122,3,2157.0,25
OD003284,O01854,P0055,3,4223.0,10
OD003285,O01854,P0011,2,21879.0,0
OD003286,O01854,P0015,2,61717.0,20
OD003287,O01855,P0106,2,2055.0,0
OD003288,O01855,P0015,2,61717.0,15
OD003289,O01856,P0116,4,164.0,10
OD003290,O01857,P0003,2,12895.0,20
OD003291,O01857,P0151,4,58699.0,20
OD003292,O01858,P0103,4,771.0,20
OD003293,O01859,P0037,2,6843.0,10
OD003294,O01860,P0006,4,80407.0,0
OD003295,O01860,P0049,2,2043.0,10
OD003296,O01861,P0056,3,9595.0,0
OD003297,O01862,P0136,2,2962.0,25
OD003298,O01862,P0110,1,919.0,25
OD003299,O01863,P0004,3,5665.0,0
OD003300,O01863,P0146,4,53886.0,20
OD003301,O01864,P0113,2,2101.0,5
OD003302,O01864,P0132,1,6274.0,20
OD003303,O01864,P0022,4,84820.0,0
OD003304,O01865,P0013,1,14176.0,0
OD003305,O01866,P0021,1,51323.0,5
OD003306,O01867,P0076,3,894.0,10
OD003307,O01867,P0046,1,5108.0,10
OD003308,O01868,P0146,2,53886.0,15
OD003309,O01869,P0075,4,3434.0,0
OD003310,O01869,P0105,1,2236.0,10
OD003311,O01869,P0097,1,4219.0,0
OD003312,O01869,P0109,1,3854.0,25
OD003313,O01870,P0116,1,164.0,15
OD003314,O01870,P0002,3,19789.0,20
OD003315,O01870,P0138,1,55464.0,10
OD003316,O01870,P0082,1,56796.0,10
OD003317,O01871,P0068,4,1904.0,5
OD003318,O01871,P0088,1,3802.0,15
OD003319,O01871,P0016,4,51115.0,15
OD003320,O01871,P0156,4,58031.0,5
OD003321,O01872,P0067,2,4637.0,0
OD003322,O01873,P0044,4,488.0,0
OD003323,O01873,P0006,1,80407.0,0
OD003324,O01874,P0144,4,44525.0,0
OD003325,O01874,P0102,4,4842.0,10
OD003326,O01875,P0004,2,5665.0,0
OD003327,O01876,P0087,4,6958.0,20
OD003328,O01877,P0092,3,11144.0,10
OD003329,O01877,P0018,4,77174.0,0
OD003330,O01877,P0034,3,36218.0,10
OD003331,O01877,P0096,4,1121.0,5
OD003332,O01878,P0114,4,1392.0,20
OD003333,O01879,P0140,1,6575.0,10
OD003334,O01880,P0134,1,6094.0,20
OD003335,O01881,P0008,2,30393.0,0
OD003336,O01881,P0087,4,6958.0,0
OD003337,O01882,P0069,4,582.0,25
OD003338,O01882,P0117,3,948.0,15
OD003339,O01882,P0014,4,80631.0,0
OD003340,O01883,P0131,3,2388.0,20
OD003341,O01884,P0138,3,55464.0,25
OD003342,O01885,P0055,4,4223.0,10
OD003343,O01886,P0141,2,27658.0,15
OD003344,O01886,P0010,3,56892.0,10
OD003345,O01886,P0049,4,2043.0,0
OD003346,O01887,P0078,2,8600.0,0
OD003347,O01888,P0142,4,41501.0,15
OD003348,O01889,P0138,3,55464.0,15
OD003349,O01889,P0036,3,78122.0,10
OD003350,O01889,P0153,4,26414.0,15
OD003351,O01890,P0014,3,80631.0,10
OD003352,O01891,P0044,1,488.0,10
OD003353,O01891,P0082,3,56796.0,5
OD003354,O01891,P0017,3,39927.0,20
OD003355,O01891,P0075,3,3434.0,10
OD003356,O01892,P0090,2,6696.0,10
OD003357,O01892,P0145,1,38085.0,10
OD003358,O01893,P0098,4,565.0,0
OD003359,O01894,P0039,1,1789.0,25
OD003360,O01894,P0132,3,6274.0,25
OD003361,O01895,P0042,3,6552.0,5
OD003362,O01895,P0013,3,14176.0,10
OD003363,O01896,P0010,2,56892.0,20
OD003364,O01896,P0027,3,51235.0,10
OD003365,O01896,P0084,1,59582.0,20
OD003366,O01897,P0042,3,6552.0,5
OD003367,O01897,P0069,2,582.0,5
OD003368,O01898,P0082,3,56796.0,15
OD003369,O01898,P0010,2,56892.0,0
OD003370,O01899,P0056,1,9595.0,5
OD003371,O01899,P0019,4,7506.0,15
OD003372,O01900,P0119,1,1373.0,10
OD003373,O01901,P0132,1,6274.0,20
OD003374,O01901,P0032,2,29369.0,20
OD003375,O01901,P0018,2,77174.0,0
OD003376,O01902,P0148,3,24905.0,0
OD003377,O01902,P0052,3,8989.0,0
OD003378,O01902,P0018,4,77174.0,5
OD003379,O01902,P0075,2,3434.0,10
OD003380,O01903,P0116,3,164.0,0
OD003381,O01903,P0073,1,1183.0,0
OD003382,O01903,P0150,4,58459.0,10
OD003383,O01904,P0034,4,36218.0,15
OD003384,O01904,P0113,2,2101.0,5
OD003385,O01905,P0009,4,37963.0,20
OD003386,O01905,P0135,3,10468.0,15
OD003387,O01905,P0087,3,6958.0,15
OD003388,O01906,P0088,1,3802.0,5
OD003389,O01906,P0115,2,2578.0,0
OD003390,O01906,P0116,4,164.0,5
OD003391,O01907,P0033,4,85759.0,10
OD003392,O01907,P0114,1,1392.0,10
OD003393,O01907,P0016,2,51115.0,0
OD003394,O01908,P0077,3,57019.0,0
OD003395,O01908,P0046,1,5108.0,0
OD003396,O01909,P0127,4,458.0,15
OD003397,O01910,P0024,1,89341.0,10
OD003398,O01911,P0007,3,27562.0,25
OD003399,O01912,P0138,4,55464.0,20
OD003400,O01913,P0082,4,56796.0,5
OD003401,O01913,P0024,2,89341.0,5
OD003402,O01914,P0006,1,80407.0,15
OD003403,O01914,P0078,1,8600.0,10
OD003404,O01914,P0125,3,2245.0,5
OD003405,O01915,P0020,4,11958.0,10
OD003406,O01915,P0105,3,2236.0,20
OD003407,O01915,P0026,2,33587.0,10
OD003408,O01916,P0153,3,26414.0,0
OD003409,O01917,P0061,2,3770.0,20
OD003410,O01918,P0031,4,29153.0,25
OD003411,O01919,P0148,4,24905.0,20
OD003412,O01920,P0061,1,3770.0,25
OD003413,O01921,P0044,1,488.0,0
OD003414,O01921,P0068,2,1904.0,5
OD003415,O01922,P0150,4,58459.0,0
OD003416,O01922,P0113,2,2101.0,0
OD003417,O01922,P0094,2,1258.0,5
OD003418,O01923,P0106,3,2055.0,10
OD003419,O01924,P0061,3,3770.0,0
OD003420,O01924,P0030,2,54081.0,5
OD003421,O01925,P0080,4,34091.0,0
OD003422,O01926,P0083,1,62137.0,20
OD003423,O01927,P0035,1,75079.0,15
OD003424,O01927,P0083,3,62137.0,0
OD003425,O01928,P0115,4,2578.0,10
OD003426,O01928,P0124,1,129.0,20
OD003427,O01928,P0102,1,4842.0,20
OD003428,O01929,P0041,3,10071.0,20
OD003429,O01929,P0049,3,2043.0,25
OD003430,O01930,P0011,1,21879.0,5
OD003431,O01930,P0027,3,51235.0,25
OD003432,O01930,P0044,3,488.0,20
OD003433,O01930,P0008,2,30393.0,15
OD003434,O01931,P0114,3,1392.0,10
OD003435,O01931,P0134,1,6094.0,10
OD003436,O01931,P0109,3,3854.0,0
OD003437,O01932,P0081,1,71792.0,0
OD003438,O01933,P0096,4,1121.0,25
OD003439,O01934,P0099,2,1622.0,15
OD003440,O01934,P0141,3,27658.0,5
OD003441,O01934,P0144,1,44525.0,15
OD003442,O01935,P0004,3,5665.0,25
OD003443,O01936,P0059,3,9307.0,10
OD003444,O01936,P0032,1,29369.0,25
OD003445,O01936,P0127,3,458.0,5
OD003446,O01937,P0129,2,890.0,0
OD003447,O01938,P0141,3,27658.0,15
OD003448,O01939,P0134,3,6094.0,0
OD003449,O01940,P0064,1,8779.0,0
OD003450,O01941,P0063,2,11304.0,5
OD003451,O01941,P0077,1,57019.0,0
OD003452,O01942,P0096,4,1121.0,15
OD003453,O01942,P0053,2,5610.0,5
OD003454,O01943,P0008,2,30393.0,5
OD003455,O01944,P0071,4,4311.0,10
OD003456,O01945,P0030,1,54081.0,5
OD003457,O01946,P0144,1,44525.0,10
OD003458,O01947,P0029,1,31521.0,0
OD003459,O01948,P0124,2,129.0,0
OD003460,O01948,P0109,1,3854.0,0
OD003461,O01949,P0121,3,2262.0,5
OD003462,O01950,P0009,3,37963.0,0
OD003463,O01951,P0128,2,11621.0,5
OD003464,O01952,P0080,2,34091.0,0
OD003465,O01953,P0007,4,27562.0,25
OD003466,O01953,P0129,2,890.0,0
OD003467,O01954,P0113,1,2101.0,0
OD003468,O01955,P0006,1,80407.0,10
OD003469,O01955,P0128,3,11621.0,25
OD003470,O01956,P0058,4,2360.0,5
OD003471,O01957,P0006,3,80407.0,20
OD003472,O01957,P0038,4,2566.0,20
OD003473,O01957,P0025,2,81340.0,25
OD003474,O01958,P0135,2,10468.0,10
OD003475,O01958,P0013,3,14176.0,10
OD003476,O01958,P0062,2,11980.0,25
OD003477,O01959,P0061,3,3770.0,0
OD003478,O01959,P0031,2,29153.0,20
OD003479,O01959,P0105,2,2236.0,5
OD003480,O01960,P0027,2,51235.0,15
OD003481,O01960,P0050,3,10277.0,0
OD003482,O01961,P0025,1,81340.0,25
OD003483,O01961,P0070,3,357.0,0
OD003484,O01962,P0056,3,9595.0,20
OD003485,O01962,P0043,4,8969.0,25
OD003486,O01962,P0128,1,11621.0,10
OD003487,O01963,P0029,1,31521.0,5
OD003488,O01963,P0038,1,2566.0,25
OD003489,O01963,P0102,1,4842.0,15
OD003490,O01964,P0137,3,4748.0,10
OD003491,O01964,P0082,3,56796.0,25
OD003492,O01965,P0115,1,2578.0,10
OD003493,O01966,P0153,3,26414.0,25
OD003494,O01967,P0040,1,2804.0,10
OD003495,O01967,P0137,1,4748.0,25
OD003496,O01968,P0100,3,656.0,10
OD003497,O01968,P0052,4,8989.0,10
OD003498,O01969,P0151,3,58699.0,0
OD003499,O01970,P0025,4,81340.0,10
OD003500,O01971,P0155,3,72075.0,5
OD003501,O01972,P0109,3,3854.0,25
OD003502,O01973,P0110,1,919.0,25
OD003503,O01973,P0139,2,22366.0,0
OD003504,O01974,P0104,3,4730.0,10
OD003505,O01975,P0079,4,54272.0,20
OD003506,O01976,P0068,3,1904.0,10
OD003507,O01976,P0092,2,11144.0,10
OD003508,O01976,P0090,3,6696.0,0
OD003509,O01977,P0018,4,77174.0,0
OD003510,O01978,P0068,2,1904.0,20
OD003511,O01978,P0072,4,4076.0,0
OD003512,O01978,P0146,1,53886.0,20
OD003513,O01979,P0027,3,51235.0,10
OD003514,O01980,P0138,3,55464.0,25
OD003515,O01980,P0115,3,2578.0,15
OD003516,O01980,P0147,4,5117.0,10
OD003517,O01981,P0028,1,30285.0,15
OD003518,O01981,P0080,4,34091.0,0
OD003519,O01981,P0021,2,51323.0,10
OD003520,O01982,P0085,4,8130.0,0
OD003521,O01982,P0112,2,1185.0,10
OD003522,O01983,P0045,2,4671.0,10
OD003523,O01984,P0155,2,72075.0,20
OD003524,O01984,P0038,4,2566.0,20
OD003525,O01984,P0129,3,890.0,0
OD003526,O01985,P0007,1,27562.0,0
OD003527,O01986,P0008,2,30393.0,20
OD003528,O01986,P0034,2,36218.0,20
OD003529,O01986,P0004,4,5665.0,10
OD003530,O01987,P0112,1,1185.0,10
OD003531,O01988,P0071,1,4311.0,5
OD003532,O01988,P0038,3,2566.0,0
OD003533,O01988,P0040,4,2804.0,0
OD003534,O01989,P0102,3,4842.0,10
OD003535,O01990,P0065,2,4361.0,10
OD003536,O01991,P0047,3,7733.0,10
OD003537,O01992,P0047,2,7733.0,0
OD003538,O01992,P0030,4,54081.0,25
OD003539,O01992,P0013,2,14176.0,5
OD003540,O01993,P0137,4,4748.0,15
OD003541,O01994,P0105,1,2236.0,25
OD003542,O01995,P0092,3,11144.0,0
OD003543,O01995,P0077,3,57019.0,0
OD003544,O01995,P0037,1,6843.0,25
OD003545,O01996,P0090,1,6696.0,10
OD003546,O01997,P0053,4,5610.0,0
OD003547,O01998,P0104,3,4730.0,20
OD003548,O01999,P0075,2,3434.0,0
OD003549,O01999,P0064,4,8779.0,5
OD003550,O02000,P0014,4,80631.0,0
OD003551,O02001,P0134,2,6094.0,0
OD003552,O02001,P0096,4,1121.0,0
OD003553,O02002,P0016,3,51115.0,0
OD003554,O02002,P0137,1,4748.0,0
OD003555,O02003,P0032,2,29369.0,0
OD003556,O02004,P0112,3,1185.0,5
OD003557,O02005,P0030,2,54081.0,15
OD003558,O02006,P0053,1,5610.0,5
OD003559,O02007,P0030,2,54081.0,5
OD003560,O02007,P0120,4,1825.0,5
OD003561,O02008,P0118,1,1045.0,0
OD003562,O02009,P0075,2,3434.0,25
OD003563,O02009,P0004,4,5665.0,25
OD003564,O02009,P0079,2,54272.0,0
OD003565,O02010,P0059,2,9307.0,25
OD003566,O02010,P0029,3,31521.0,10
OD003567,O02011,P0099,4,1622.0,25
OD003568,O02011,P0122,1,2157.0,15
OD003569,O02011,P0050,4,10277.0,15
OD003570,O02011,P0022,4,84820.0,5
OD003571,O02012,P0131,3,2388.0,0
OD003572,O02012,P0068,1,1904.0,25
OD003573,O02013,P0059,1,9307.0,0
OD003574,O02014,P0097,4,4219.0,15
OD003575,O02015,P0075,3,3434.0,0
OD003576,O02016,P0127,4,458.0,10
OD003577,O02016,P0117,3,948.0,0
OD003578,O02017,P0071,2,4311.0,0
OD003579,O02018,P0058,4,2360.0,15
OD003580,O02018,P0125,2,2245.0,20
OD003581,O02019,P0015,3,61717.0,25
OD003582,O02019,P0036,1,78122.0,25
OD003583,O02020,P0017,3,39927.0,10
OD003584,O02021,P0058,2,2360.0,10
OD003585,O02021,P0138,4,55464.0,25
OD003586,O02022,P0099,1,1622.0,10
OD003587,O02023,P0056,3,9595.0,15
OD003588,O02023,P0085,2,8130.0,10
OD003589,O02023,P0131,2,2388.0,0
OD003590,O02024,P0122,3,2157.0,15
OD003591,O02024,P0077,4,57019.0,10
OD003592,O02024,P0028,2,30285.0,5
OD003593,O02025,P0114,1,1392.0,0
OD003594,O02025,P0086,4,13724.0,0
OD003595,O02026,P0042,4,6552.0,10
OD003596,O02026,P0022,4,84820.0,15
OD003597,O02026,P0129,4,890.0,25
OD003598,O02027,P0018,1,77174.0,25
OD003599,O02028,P0011,2,21879.0,0
OD003600,O02029,P0030,2,54081.0,10
OD003601,O02030,P0034,4,36218.0,0
OD003602,O02031,P0025,1,81340.0,5
OD003603,O02032,P0126,2,4619.0,20
OD003604,O02033,P0026,3,33587.0,0
OD003605,O02033,P0073,4,1183.0,0
OD003606,O02034,P0056,4,9595.0,20
OD003607,O02035,P0018,3,77174.0,20
OD003608,O02035,P0066,2,5839.0,0
OD003609,O02035,P0093,3,3411.0,10
OD003610,O02036,P0033,4,85759.0,10
OD003611,O02037,P0067,4,4637.0,15
OD003612,O02037,P0047,3,7733.0,20
OD003613,O02038,P0148,1,24905.0,0
OD003614,O02038,P0017,3,39927.0,10
OD003615,O02039,P0142,2,41501.0,15
OD003616,O02040,P0038,4,2566.0,15
OD003617,O02040,P0025,3,81340.0,10
OD003618,O02041,P0039,3,1789.0,5
OD003619,O02041,P0102,4,4842.0,5
OD003620,O02041,P0147,2,5117.0,20
OD003621,O02042,P0023,4,50020.0,0
OD003622,O02043,P0097,4,4219.0,10
OD003623,O02044,P0015,3,61717.0,10
OD003624,O02045,P0027,1,51235.0,10
OD003625,O02046,P0085,4,8130.0,20
OD003626,O02047,P0027,1,51235.0,10
OD003627,O02048,P0044,2,488.0,10
OD003628,O02049,P0063,1,11304.0,25
OD003629,O02050,P0031,1,29153.0,10
OD003630,O02051,P0110,1,919.0,5
OD003631,O02052,P0038,3,2566.0,0
OD003632,O02053,P0112,3,1185.0,5
OD003633,O02053,P0053,2,5610.0,0
OD003634,O02054,P0153,4,26414.0,15
OD003635,O02054,P0152,4,16657.0,5
OD003636,O02055,P0090,4,6696.0,0
OD003637,O02056,P0077,2,57019.0,5
OD003638,O02056,P0007,2,27562.0,25
OD003639,O02057,P0112,4,1185.0,0
OD003640,O02058,P0087,1,6958.0,20
OD003641,O02058,P0095,1,1298.0,0
OD003642,O02058,P0032,3,29369.0,0
OD003643,O02059,P0153,1,26414.0,25
OD003644,O02060,P0092,4,11144.0,10
OD003645,O02061,P0082,4,56796.0,10
OD003646,O02061,P0142,1,41501.0,10
OD003647,O02062,P0040,4,2804.0,0
OD003648,O02062,P0126,2,4619.0,10
OD003649,O02062,P0111,4,1846.0,0
OD003650,O02063,P0003,3,12895.0,5
OD003651,O02063,P0040,3,2804.0,25
OD003652,O02063,P0075,2,3434.0,0
OD003653,O02063,P0031,3,29153.0,0
OD003654,O02064,P0067,4,4637.0,10
OD003655,O02064,P0106,1,2055.0,5
OD003656,O02065,P0023,1,50020.0,0
OD003657,O02066,P0144,2,44525.0,0
OD003658,O02066,P0018,1,77174.0,15
OD003659,O02067,P0070,4,357.0,10
OD003660,O02067,P0147,3,5117.0,5
OD003661,O02068,P0086,1,13724.0,10
OD003662,O02068,P0093,4,3411.0,5
OD003663,O02068,P0013,2,14176.0,0
OD003664,O02069,P0087,1,6958.0,0
OD003665,O02070,P0097,2,4219.0,0
OD003666,O02071,P0090,4,6696.0,15
OD003667,O02072,P0087,1,6958.0,0
OD003668,O02073,P0151,4,58699.0,0
OD003669,O02074,P0076,3,894.0,10
OD003670,O02074,P0145,1,38085.0,15
OD003671,O02074,P0037,2,6843.0,10
OD003672,O02075,P0126,3,4619.0,10
OD003673,O02076,P0056,4,9595.0,0
OD003674,O02077,P0133,2,3741.0,15
OD003675,O02077,P0041,4,10071.0,0
OD003676,O02077,P0036,2,78122.0,20
OD003677,O02078,P0008,1,30393.0,0
OD003678,O02078,P0095,1,1298.0,10
OD003679,O02079,P0108,4,2690.0,25
OD003680,O02079,P0124,4,129.0,0
OD003681,O02079,P0095,4,1298.0,0
OD003682,O02080,P0127,1,458.0,0
OD003683,O02081,P0098,1,565.0,25
OD003684,O02081,P0139,1,22366.0,15
OD003685,O02081,P0121,4,2262.0,5
OD003686,O02081,P0131,2,2388.0,5
OD003687,O02082,P0151,2,58699.0,5
OD003688,O02083,P0097,2,4219.0,0
OD003689,O02083,P0098,3,565.0,10
OD003690,O02084,P0109,3,3854.0,0
OD003691,O02084,P0005,4,30157.0,10
OD003692,O02085,P0071,1,4311.0,20
OD003693,O02086,P0085,2,8130.0,0
OD003694,O02086,P0072,1,4076.0,25
OD003695,O02087,P0130,2,9352.0,10
OD003696,O02088,P0084,3,59582.0,15
OD003697,O02089,P0009,3,37963.0,10
OD003698,O02089,P0032,1,29369.0,0
OD003699,O02090,P0139,1,22366.0,10
OD003700,O02091,P0032,1,29369.0,10
OD003701,O02092,P0069,1,582.0,10
OD003702,O02092,P0067,1,4637.0,0
OD003703,O02093,P0008,2,30393.0,10
OD003704,O02093,P0057,4,8262.0,10
OD003705,O02094,P0089,2,2997.0,15
OD003706,O02094,P0101,2,1082.0,5
OD003707,O02095,P0127,4,458.0,10
OD003708,O02096,P0095,2,1298.0,20
OD003709,O02096,P0051,1,6426.0,0
OD003710,O02097,P0051,3,6426.0,0
OD003711,O02097,P0056,4,9595.0,10
OD003712,O02098,P0065,4,4361.0,0
OD003713,O02099,P0041,2,10071.0,0
OD003714,O02099,P0043,4,8969.0,0
OD003715,O02100,P0017,3,39927.0,20
OD003716,O02100,P0112,1,1185.0,0
OD003717,O02100,P0131,2,2388.0,10
OD003718,O02101,P0031,2,29153.0,25
OD003719,O02101,P0155,2,72075.0,5
OD003720,O02102,P0030,4,54081.0,0
OD003721,O02102,P0128,4,11621.0,25
OD003722,O02102,P0039,3,1789.0,15
OD003723,O02103,P0016,4,51115.0,15
OD003724,O02103,P0074,4,3972.0,10
OD003725,O02104,P0142,1,41501.0,20
OD003726,O02105,P0154,2,58654.0,5
OD003727,O02105,P0128,1,11621.0,0
OD003728,O02105,P0061,1,3770.0,10
OD003729,O02105,P0030,3,54081.0,0
OD003730,O02106,P0019,2,7506.0,5
OD003731,O02106,P0062,1,11980.0,20
OD003732,O02107,P0095,4,1298.0,10
OD003733,O02107,P0018,4,77174.0,0
OD003734,O02108,P0098,3,565.0,10
OD003735,O02108,P0024,1,89341.0,15
OD003736,O02109,P0017,3,39927.0,10
OD003737,O02110,P0119,3,1373.0,5
OD003738,O02110,P0083,3,62137.0,20
OD003739,O02110,P0071,1,4311.0,20
OD003740,O02111,P0094,4,1258.0,10
OD003741,O02111,P0101,1,1082.0,10
OD003742,O02111,P0075,4,3434.0,0
OD003743,O02112,P0086,4,13724.0,25
OD003744,O02112,P0026,3,33587.0,15
OD003745,O02112,P0042,2,6552.0,0
OD003746,O02113,P0024,2,89341.0,15
OD003747,O02114,P0123,2,3569.0,15
OD003748,O02115,P0154,1,58654.0,0
OD003749,O02115,P0056,4,9595.0,25
OD003750,O02116,P0142,1,41501.0,0
OD003751,O02116,P0108,1,2690.0,5
OD003752,O02116,P0141,4,27658.0,0
OD003753,O02117,P0111,1,1846.0,10
OD003754,O02117,P0003,1,12895.0,25
OD003755,O02118,P0105,4,2236.0,0
OD003756,O02119,P0014,2,80631.0,0
OD003757,O02120,P0128,4,11621.0,0
OD003758,O02121,P0152,3,16657.0,25
OD003759,O02121,P0021,4,51323.0,20
OD003760,O02122,P0038,4,2566.0,0
OD003761,O02122,P0066,1,5839.0,10
OD003762,O02122,P0063,4,11304.0,0
OD003763,O02123,P0055,2,4223.0,0
OD003764,O02123,P0010,1,56892.0,10
OD003765,O02124,P0077,4,57019.0,10
OD003766,O02125,P0008,4,30393.0,20
OD003767,O02126,P0068,3,1904.0,10
OD003768,O02127,P0074,1,3972.0,0
OD003769,O02128,P0101,3,1082.0,0
OD003770,O02129,P0072,3,4076.0,15
OD003771,O02129,P0136,2,2962.0,20
OD003772,O02129,P0075,3,3434.0,25
OD003773,O02129,P0011,2,21879.0,10
OD003774,O02130,P0018,4,77174.0,10
OD003775,O02131,P0140,4,6575.0,10
OD003776,O02132,P0060,4,8945.0,20
OD003777,O02132,P0040,2,2804.0,10
OD003778,O02132,P0121,1,2262.0,25
OD003779,O02133,P0038,1,2566.0,20
OD003780,O02134,P0057,3,8262.0,25
OD003781,O02134,P0027,4,51235.0,10
OD003782,O02135,P0117,2,948.0,10
OD003783,O02136,P0017,3,39927.0,25
OD003784,O02136,P0123,3,3569.0,5
OD003785,O02136,P0074,2,3972.0,10
OD003786,O02137,P0101,4,1082.0,0
OD003787,O02138,P0120,2,1825.0,0
OD003788,O02139,P0064,2,8779.0,0
OD003789,O02139,P0085,4,8130.0,10
OD003790,O02139,P0032,4,29369.0,0
OD003791,O02140,P0102,4,4842.0,0
OD003792,O02141,P0023,4,50020.0,5
OD003793,O02141,P0061,2,3770.0,10
OD003794,O02142,P0012,1,14896.0,5
OD003795,O02143,P0001,2,37548.0,25
OD003796,O02143,P0019,4,7506.0,25
OD003797,O02144,P0002,3,19789.0,15
OD003798,O02145,P0130,4,9352.0,10
OD003799,O02145,P0026,2,33587.0,5
OD003800,O02146,P0142,3,41501.0,0
OD003801,O02147,P0080,2,34091.0,0
OD003802,O02148,P0010,3,56892.0,25
OD003803,O02149,P0069,3,582.0,20
OD003804,O02149,P0110,1,919.0,0
OD003805,O02149,P0097,2,4219.0,25
OD003806,O02149,P0075,2,3434.0,15
OD003807,O02150,P0058,2,2360.0,10
OD003808,O02150,P0082,3,56796.0,0
OD003809,O02151,P0144,2,44525.0,0
OD003810,O02152,P0034,2,36218.0,0
OD003811,O02153,P0107,4,1172.0,25
OD003812,O02154,P0082,1,56796.0,5
OD003813,O02155,P0069,3,582.0,20
OD003814,O02155,P0025,3,81340.0,0
OD003815,O02156,P0094,4,1258.0,20
OD003816,O02157,P0124,1,129.0,20
OD003817,O02157,P0128,3,11621.0,5
OD003818,O02158,P0079,2,54272.0,10
OD003819,O02159,P0064,3,8779.0,5
OD003820,O02160,P0004,1,5665.0,0
OD003821,O02161,P0045,4,4671.0,10
OD003822,O02161,P0047,1,7733.0,0
OD003823,O02162,P0107,4,1172.0,0
OD003824,O02162,P0050,1,10277.0,10
OD003825,O02162,P0119,1,1373.0,5
OD003826,O02163,P0129,3,890.0,20
OD003827,O02164,P0133,4,3741.0,0
OD003828,O02164,P0113,3,2101.0,5
OD003829,O02165,P0088,1,3802.0,15
OD003830,O02166,P0136,4,2962.0,0
OD003831,O02166,P0082,3,56796.0,10
OD003832,O02167,P0107,3,1172.0,5
OD003833,O02168,P0140,3,6575.0,10
OD003834,O02168,P0043,1,8969.0,0
OD003835,O02169,P0056,1,9595.0,0
OD003836,O02169,P0026,3,33587.0,0
OD003837,O02170,P0128,4,11621.0,10
OD003838,O02170,P0052,2,8989.0,10
OD003839,O02170,P0136,3,2962.0,0
OD003840,O02171,P0096,1,1121.0,0
OD003841,O02172,P0019,1,7506.0,25
OD003842,O02172,P0030,4,54081.0,0
OD003843,O02172,P0066,2,5839.0,0
OD003844,O02173,P0149,2,6514.0,10
OD003845,O02173,P0006,4,80407.0,10
OD003846,O02174,P0019,3,7506.0,25
OD003847,O02175,P0028,1,30285.0,0
OD003848,O02175,P0136,1,2962.0,10
OD003849,O02175,P0045,4,4671.0,0
OD003850,O02176,P0079,3,54272.0,20
OD003851,O02176,P0008,3,30393.0,15
OD003852,O02176,P0129,1,890.0,0
OD003853,O02177,P0041,4,10071.0,10
OD003854,O02177,P0058,2,2360.0,15
OD003855,O02177,P0082,2,56796.0,10
OD003856,O02178,P0019,3,7506.0,10
OD003857,O02178,P0153,3,26414.0,15
OD003858,O02178,P0147,2,5117.0,0
OD003859,O02179,P0136,1,2962.0,5
OD003860,O02179,P0125,3,2245.0,10
OD003861,O02179,P0106,4,2055.0,0
OD003862,O02180,P0007,2,27562.0,10
OD003863,O02181,P0115,1,2578.0,20
OD003864,O02182,P0134,3,6094.0,5
OD003865,O02183,P0065,4,4361.0,0
OD003866,O02184,P0031,3,29153.0,10
OD003867,O02184,P0009,4,37963.0,0
OD003868,O02184,P0093,1,3411.0,15
OD003869,O02185,P0097,2,4219.0,25
OD003870,O02186,P0002,1,19789.0,0
OD003871,O02186,P0079,4,54272.0,10
OD003872,O02186,P0090,1,6696.0,15
OD003873,O02187,P0053,2,5610.0,0
OD003874,O02188,P0126,1,4619.0,0
OD003875,O02189,P0129,2,890.0,0
OD003876,O02190,P0017,1,39927.0,20
OD003877,O02191,P0143,1,4601.0,15
OD003878,O02192,P0092,3,11144.0,15
OD003879,O02192,P0031,3,29153.0,0
OD003880,O02193,P0046,3,5108.0,10
OD003881,O02193,P0006,1,80407.0,5
OD003882,O02194,P0107,2,1172.0,15
OD003883,O02195,P0061,1,3770.0,0
OD003884,O02196,P0075,1,3434.0,10
OD003885,O02196,P0002,4,19789.0,10
OD003886,O02197,P0154,4,58654.0,0
OD003887,O02197,P0140,3,6575.0,20
OD003888,O02198,P0136,1,2962.0,10
OD003889,O02198,P0091,2,4973.0,10
OD003890,O02199,P0093,2,3411.0,0
OD003891,O02199,P0056,1,9595.0,0
OD003892,O02200,P0030,2,54081.0,10
OD003893,O02200,P0008,1,30393.0,10
OD003894,O02201,P0114,1,1392.0,0
OD003895,O02202,P0112,3,1185.0,15
OD003896,O02203,P0105,2,2236.0,0
OD003897,O02203,P0022,3,84820.0,0
OD003898,O02203,P0003,4,12895.0,10
OD003899,O02204,P0084,1,59582.0,0
OD003900,O02205,P0129,1,890.0,0
OD003901,O02205,P0147,4,5117.0,10
OD003902,O02205,P0054,1,2132.0,0
OD003903,O02206,P0043,3,8969.0,10
OD003904,O02207,P0009,4,37963.0,15
OD003905,O02208,P0037,3,6843.0,25
OD003906,O02209,P0022,2,84820.0,20
OD003907,O02210,P0108,1,2690.0,5
OD003908,O02211,P0119,4,1373.0,10
OD003909,O02211,P0039,1,1789.0,15
OD003910,O02212,P0138,3,55464.0,0
OD003911,O02213,P0099,3,1622.0,5
OD003912,O02213,P0060,2,8945.0,0
OD003913,O02213,P0130,1,9352.0,0
OD003914,O02213,P0104,1,4730.0,5
OD003915,O02214,P0044,3,488.0,0
OD003916,O02215,P0011,3,21879.0,15
OD003917,O02216,P0104,2,4730.0,5
OD003918,O02216,P0014,3,80631.0,0
OD003919,O02216,P0114,3,1392.0,0
OD003920,O02217,P0103,2,771.0,10
OD003921,O02217,P0027,4,51235.0,0
OD003922,O02218,P0135,4,10468.0,0
OD003923,O02218,P0073,2,1183.0,0
OD003924,O02218,P0076,1,894.0,0
OD003925,O02219,P0020,3,11958.0,0
OD003926,O02220,P0136,4,2962.0,20
OD003927,O02221,P0047,4,7733.0,20
OD003928,O02221,P0021,4,51323.0,0
OD003929,O02222,P0027,2,51235.0,5
OD003930,O02223,P0091,4,4973.0,15
OD003931,O02223,P0096,4,1121.0,20
OD003932,O02224,P0091,4,4973.0,20
OD003933,O02225,P0036,1,78122.0,0
OD003934,O02225,P0002,4,19789.0,10
OD003935,O02225,P0133,2,3741.0,10
OD003936,O02226,P0115,1,2578.0,0
OD003937,O02226,P0032,2,29369.0,5
OD003938,O02226,P0039,1,1789.0,10
OD003939,O02227,P0144,1,44525.0,20
OD003940,O02227,P0040,2,2804.0,10
OD003941,O02227,P0025,4,81340.0,0
OD003942,O02228,P0047,2,7733.0,15
OD003943,O02229,P0114,1,1392.0,15
OD003944,O02230,P0078,2,8600.0,0
OD003945,O02230,P0096,4,1121.0,15
OD003946,O02231,P0019,2,7506.0,25
OD003947,O02231,P0015,3,61717.0,0
OD003948,O02232,P0042,1,6552.0,25
OD003949,O02233,P0117,2,948.0,15
OD003950,O02234,P0136,2,2962.0,20
OD003951,O02234,P0120,4,1825.0,25
OD003952,O02235,P0009,1,37963.0,10
OD003953,O02236,P0132,2,6274.0,10
OD003954,O02237,P0074,4,3972.0,5
OD003955,O02237,P0098,1,565.0,25
OD003956,O02237,P0089,3,2997.0,5
OD003957,O02238,P0098,1,565.0,15
OD003958,O02239,P0075,2,3434.0,0
OD003959,O02239,P0127,2,458.0,10
OD003960,O02240,P0006,4,80407.0,0
OD003961,O02241,P0134,4,6094.0,0
OD003962,O02242,P0147,3,5117.0,0
OD003963,O02243,P0132,3,6274.0,10
OD003964,O02243,P0087,4,6958.0,5
OD003965,O02244,P0100,4,656.0,15
OD003966,O02244,P0018,4,77174.0,15
OD003967,O02245,P0120,1,1825.0,5
OD003968,O02246,P0027,1,51235.0,10
OD003969,O02246,P0142,3,41501.0,0
OD003970,O02247,P0079,3,54272.0,25
OD003971,O02247,P0106,3,2055.0,10
OD003972,O02248,P0035,2,75079.0,0
OD003973,O02249,P0140,3,6575.0,10
OD003974,O02249,P0087,1,6958.0,5
OD003975,O02249,P0110,2,919.0,0
OD003976,O02250,P0018,1,77174.0,10
OD003977,O02250,P0088,3,3802.0,0
OD003978,O02251,P0049,2,2043.0,10
OD003979,O02251,P0045,1,4671.0,0
OD003980,O02252,P0059,4,9307.0,20
OD003981,O02253,P0119,1,1373.0,5
OD003982,O02254,P0039,4,1789.0,5
OD003983,O02254,P0112,4,1185.0,10
OD003984,O02254,P0048,1,8501.0,10
OD003985,O02254,P0127,1,458.0,10
OD003986,O02255,P0066,2,5839.0,20
OD003987,O02256,P0083,2,62137.0,0
OD003988,O02256,P0025,2,81340.0,10
OD003989,O02256,P0017,2,39927.0,15
OD003990,O02257,P0108,4,2690.0,25
OD003991,O02257,P0096,4,1121.0,0
OD003992,O02257,P0089,2,2997.0,0
OD003993,O02258,P0099,1,1622.0,0
OD003994,O02259,P0079,4,54272.0,0
OD003995,O02259,P0053,2,5610.0,10
OD003996,O02260,P0037,3,6843.0,20
OD003997,O02260,P0062,3,11980.0,0
OD003998,O02260,P0156,1,58031.0,0
OD003999,O02261,P0048,4,8501.0,10
OD004000,O02261,P0150,4,58459.0,5
OD004001,O02261,P0142,4,41501.0,5
OD004002,O02262,P0034,3,36218.0,5
OD004003,O02263,P0146,1,53886.0,0
OD004004,O02264,P0067,4,4637.0,0
OD004005,O02264,P0056,2,9595.0,0
OD004006,O02264,P0107,4,1172.0,10
OD004007,O02264,P0020,3,11958.0,0
OD004008,O02265,P0002,1,19789.0,25
OD004009,O02266,P0047,2,7733.0,15
OD004010,O02266,P0106,3,2055.0,25
OD004011,O02266,P0143,3,4601.0,0
OD004012,O02267,P0063,1,11304.0,0
OD004013,O02267,P0022,1,84820.0,25
OD004014,O02268,P0107,1,1172.0,10
OD004015,O02269,P0144,1,44525.0,20
OD004016,O02270,P0132,3,6274.0,15
OD004017,O02271,P0091,4,4973.0,25
OD004018,O02272,P0033,2,85759.0,0
OD004019,O02273,P0024,3,89341.0,20
OD004020,O02273,P0139,1,22366.0,5
OD004021,O02274,P0022,1,84820.0,10
OD004022,O02274,P0130,2,9352.0,10
OD004023,O02275,P0031,3,29153.0,5
OD004024,O02275,P0045,2,4671.0,10
OD004025,O02276,P0030,1,54081.0,0
OD004026,O02277,P0120,1,1825.0,0
OD004027,O02278,P0146,3,53886.0,15
OD004028,O02278,P0085,1,8130.0,0
OD004029,O02278,P0096,1,1121.0,10
OD004030,O02279,P0016,1,51115.0,5
OD004031,O02280,P0089,3,2997.0,20
OD004032,O02281,P0124,2,129.0,0
OD004033,O02281,P0136,4,2962.0,0
OD004034,O02282,P0046,2,5108.0,5
OD004035,O02282,P0058,3,2360.0,15
OD004036,O02283,P0136,4,2962.0,0
OD004037,O02283,P0047,1,7733.0,20
OD004038,O02284,P0021,1,51323.0,25
OD004039,O02285,P0012,4,14896.0,25
OD004040,O02285,P0016,4,51115.0,20
OD004041,O02285,P0085,4,8130.0,20
OD004042,O02286,P0119,3,1373.0,0
OD004043,O02286,P0014,2,80631.0,25
OD004044,O02287,P0071,1,4311.0,0
OD004045,O02288,P0038,1,2566.0,25
OD004046,O02288,P0040,2,2804.0,20
OD004047,O02289,P0072,2,4076.0,0
OD004048,O02289,P0028,3,30285.0,25
OD004049,O02290,P0030,1,54081.0,10
OD004050,O02291,P0065,3,4361.0,10
OD004051,O02292,P0076,4,894.0,25
OD004052,O02293,P0135,1,10468.0,20
OD004053,O02293,P0146,2,53886.0,10
OD004054,O02293,P0108,1,2690.0,25
OD004055,O02294,P0067,1,4637.0,20
OD004056,O02294,P0014,4,80631.0,10
OD004057,O02295,P0111,1,1846.0,5
OD004058,O02295,P0124,1,129.0,10
OD004059,O02296,P0086,3,13724.0,25
OD004060,O02296,P0012,3,14896.0,5
OD004061,O02296,P0019,1,7506.0,25
OD004062,O02297,P0019,2,7506.0,15
OD004063,O02297,P0130,2,9352.0,0
OD004064,O02298,P0090,3,6696.0,10
OD004065,O02299,P0114,2,1392.0,0
OD004066,O02299,P0048,4,8501.0,0
OD004067,O02300,P0127,3,458.0,10
OD004068,O02300,P0071,1,4311.0,15
OD004069,O02301,P0079,3,54272.0,15
OD004070,O02302,P0108,1,2690.0,0
OD004071,O02302,P0119,1,1373.0,20
OD004072,O02302,P0039,1,1789.0,10
OD004073,O02303,P0142,3,41501.0,0
OD004074,O02304,P0108,3,2690.0,10
OD004075,O02305,P0091,3,4973.0,10
OD004076,O02305,P0020,2,11958.0,10
OD004077,O02306,P0001,1,37548.0,20
OD004078,O02307,P0024,4,89341.0,20
OD004079,O02307,P0037,4,6843.0,25
OD004080,O02308,P0116,2,164.0,0
OD004081,O02308,P0009,1,37963.0,0
OD004082,O02308,P0040,1,2804.0,20
OD004083,O02309,P0085,1,8130.0,10
OD004084,O02309,P0144,1,44525.0,10
OD004085,O02310,P0107,1,1172.0,0
OD004086,O02311,P0137,3,4748.0,15
OD004087,O02311,P0020,1,11958.0,20
OD004088,O02312,P0064,4,8779.0,25
OD004089,O02313,P0121,3,2262.0,0
OD004090,O02313,P0122,1,2157.0,10
OD004091,O02314,P0062,4,11980.0,20
OD004092,O02314,P0019,1,7506.0,25
OD004093,O02315,P0015,3,61717.0,0
OD004094,O02316,P0103,2,771.0,10
OD004095,O02316,P0113,3,2101.0,20
OD004096,O02316,P0024,1,89341.0,10
OD004097,O02316,P0056,4,9595.0,20
OD004098,O02317,P0136,1,2962.0,0
OD004099,O02318,P0068,4,1904.0,0
OD004100,O02318,P0106,2,2055.0,5
OD004101,O02319,P0044,4,488.0,0
OD004102,O02320,P0006,3,80407.0,5
OD004103,O02320,P0124,1,129.0,20
OD004104,O02321,P0106,3,2055.0,15
OD004105,O02322,P0043,4,8969.0,10
OD004106,O02322,P0084,1,59582.0,5
OD004107,O02323,P0053,1,5610.0,10
OD004108,O02323,P0109,2,3854.0,25
OD004109,O02324,P0018,4,77174.0,20
OD004110,O02324,P0051,2,6426.0,10
OD004111,O02324,P0134,4,6094.0,0
OD004112,O02324,P0024,3,89341.0,20
OD004113,O02325,P0073,1,1183.0,0
OD004114,O02326,P0017,2,39927.0,0
OD004115,O02326,P0021,1,51323.0,25
OD004116,O02326,P0099,4,1622.0,10
OD004117,O02327,P0007,2,27562.0,0
OD004118,O02328,P0008,3,30393.0,15
OD004119,O02328,P0034,3,36218.0,0
OD004120,O02328,P0050,1,10277.0,0
OD004121,O02329,P0146,1,53886.0,20
OD004122,O02330,P0129,2,890.0,10
OD004123,O02331,P0019,4,7506.0,10
OD004124,O02332,P0080,2,34091.0,10
OD004125,O02333,P0071,4,4311.0,10
OD004126,O02333,P0154,1,58654.0,10
OD004127,O02333,P0079,2,54272.0,15
OD004128,O02334,P0036,1,78122.0,0
OD004129,O02335,P0140,1,6575.0,10
OD004130,O02336,P0080,1,34091.0,0
OD004131,O02337,P0058,1,2360.0,0
OD004132,O02337,P0101,1,1082.0,15
OD004133,O02338,P0143,1,4601.0,5
OD004134,O02339,P0035,2,75079.0,0
OD004135,O02339,P0142,1,41501.0,10
OD004136,O02340,P0134,2,6094.0,0
OD004137,O02340,P0129,3,890.0,10
OD004138,O02340,P0054,2,2132.0,15
OD004139,O02341,P0039,4,1789.0,5
OD004140,O02341,P0010,3,56892.0,5
OD004141,O02342,P0129,2,890.0,10
OD004142,O02342,P0105,4,2236.0,0
OD004143,O02343,P0128,4,11621.0,0
OD004144,O02344,P0141,3,27658.0,10
OD004145,O02344,P0068,3,1904.0,0
OD004146,O02344,P0122,4,2157.0,0
OD004147,O02344,P0153,3,26414.0,10
OD004148,O02345,P0073,4,1183.0,10
OD004149,O02346,P0066,2,5839.0,15
OD004150,O02346,P0119,2,1373.0,10
OD004151,O02347,P0113,1,2101.0,10
OD004152,O02348,P0126,3,4619.0,0
OD004153,O02348,P0087,2,6958.0,5
OD004154,O02348,P0137,2,4748.0,5
OD004155,O02349,P0033,3,85759.0,5
OD004156,O02350,P0011,1,21879.0,5
OD004157,O02350,P0018,3,77174.0,0
OD004158,O02350,P0013,1,14176.0,10
OD004159,O02351,P0012,4,14896.0,10
OD004160,O02352,P0120,4,1825.0,25
OD004161,O02353,P0114,4,1392.0,5
OD004162,O02354,P0031,3,29153.0,0
OD004163,O02355,P0119,3,1373.0,20
OD004164,O02356,P0016,4,51115.0,10
OD004165,O02357,P0108,3,2690.0,15
OD004166,O02358,P0013,2,14176.0,0
OD004167,O02359,P0092,3,11144.0,0
OD004168,O02360,P0149,1,6514.0,15
OD004169,O02361,P0112,2,1185.0,15
OD004170,O02361,P0126,3,4619.0,25
OD004171,O02362,P0059,4,9307.0,10
OD004172,O02363,P0006,2,80407.0,20
OD004173,O02363,P0053,4,5610.0,5
OD004174,O02363,P0130,3,9352.0,10
OD004175,O02364,P0065,4,4361.0,0
OD004176,O02364,P0091,1,4973.0,0
OD004177,O02365,P0039,3,1789.0,0
OD004178,O02366,P0022,3,84820.0,10
OD004179,O02367,P0126,3,4619.0,5
OD004180,O02367,P0133,4,3741.0,0
OD004181,O02367,P0118,1,1045.0,15
OD004182,O02368,P0136,2,2962.0,0
OD004183,O02369,P0098,3,565.0,20
OD004184,O02369,P0054,1,2132.0,20
OD004185,O02369,P0095,2,1298.0,15
OD004186,O02370,P0086,3,13724.0,0
OD004187,O02370,P0117,4,948.0,10
OD004188,O02370,P0001,2,37548.0,0
OD004189,O02370,P0120,4,1825.0,0
OD004190,O02371,P0024,3,89341.0,0
OD004191,O02372,P0111,2,1846.0,10
OD004192,O02372,P0126,2,4619.0,25
OD004193,O02373,P0094,3,1258.0,10
OD004194,O02373,P0095,2,1298.0,20
OD004195,O02373,P0088,3,3802.0,0
OD004196,O02374,P0107,2,1172.0,15
OD004197,O02374,P0115,1,2578.0,20
OD004198,O02375,P0027,3,51235.0,15
OD004199,O02375,P0108,3,2690.0,10
OD004200,O02376,P0007,3,27562.0,10
OD004201,O02376,P0075,3,3434.0,20
OD004202,O02376,P0052,1,8989.0,0
OD004203,O02377,P0035,2,75079.0,0
OD004204,O02378,P0127,3,458.0,0
OD004205,O02379,P0143,1,4601.0,25
OD004206,O02380,P0102,2,4842.0,10
OD004207,O02381,P0133,2,3741.0,5
OD004208,O02381,P0083,2,62137.0,15
OD004209,O02381,P0043,2,8969.0,20
OD004210,O02382,P0012,4,14896.0,15
OD004211,O02383,P0046,3,5108.0,0
OD004212,O02383,P0098,3,565.0,0
OD004213,O02383,P0086,3,13724.0,15
OD004214,O02384,P0156,3,58031.0,0
OD004215,O02385,P0122,4,2157.0,5
OD004216,O02386,P0142,1,41501.0,0
OD004217,O02386,P0121,3,2262.0,0
OD004218,O02387,P0065,2,4361.0,25
OD004219,O02387,P0092,2,11144.0,0
OD004220,O02387,P0091,4,4973.0,10
OD004221,O02388,P0135,3,10468.0,10
OD004222,O02388,P0044,2,488.0,25
OD004223,O02389,P0122,2,2157.0,20
OD004224,O02389,P0084,4,59582.0,20
OD004225,O02389,P0123,4,3569.0,10
OD004226,O02389,P0102,2,4842.0,5
OD004227,O02390,P0021,3,51323.0,10
OD004228,O02390,P0009,2,37963.0,5
OD004229,O02391,P0140,4,6575.0,5
OD004230,O02391,P0105,2,2236.0,20
OD004231,O02391,P0123,2,3569.0,15
OD004232,O02392,P0040,2,2804.0,0
OD004233,O02392,P0089,3,2997.0,0
OD004234,O02393,P0067,2,4637.0,15
OD004235,O02394,P0075,4,3434.0,0
OD004236,O02395,P0074,2,3972.0,10
OD004237,O02396,P0018,4,77174.0,15
OD004238,O02396,P0043,3,8969.0,5
OD004239,O02396,P0024,4,89341.0,0
OD004240,O02396,P0091,3,4973.0,10
OD004241,O02397,P0151,1,58699.0,0
OD004242,O02398,P0007,1,27562.0,25
OD004243,O02399,P0049,2,2043.0,0
OD004244,O02399,P0055,4,4223.0,5
OD004245,O02400,P0038,3,2566.0,0
OD004246,O02401,P0022,2,84820.0,5
OD004247,O02402,P0097,2,4219.0,0
OD004248,O02403,P0144,4,44525.0,5
OD004249,O02403,P0092,3,11144.0,0
OD004250,O02403,P0125,3,2245.0,25
OD004251,O02403,P0098,3,565.0,0
OD004252,O02404,P0141,2,27658.0,20
OD004253,O02404,P0121,3,2262.0,0
OD004254,O02404,P0049,2,2043.0,15
OD004255,O02405,P0108,1,2690.0,0
OD004256,O02405,P0051,1,6426.0,20
OD004257,O02406,P0141,1,27658.0,25
OD004258,O02407,P0076,4,894.0,0
OD004259,O02407,P0037,2,6843.0,0
OD004260,O02408,P0150,3,58459.0,10
OD004261,O02408,P0063,2,11304.0,5
OD004262,O02409,P0057,3,8262.0,15
OD004263,O02409,P0133,1,3741.0,0
OD004264,O02410,P0050,1,10277.0,10
OD004265,O02411,P0010,4,56892.0,10
OD004266,O02411,P0075,1,3434.0,20
OD004267,O02411,P0123,3,3569.0,20
OD004268,O02412,P0011,1,21879.0,5
OD004269,O02412,P0083,2,62137.0,5
OD004270,O02413,P0121,1,2262.0,15
OD004271,O02414,P0138,3,55464.0,0
OD004272,O02414,P0057,4,8262.0,10
OD004273,O02414,P0102,1,4842.0,0
OD004274,O02415,P0027,3,51235.0,0
OD004275,O02415,P0114,2,1392.0,0
OD004276,O02415,P0050,1,10277.0,20
OD004277,O02415,P0057,4,8262.0,20
OD004278,O02416,P0088,4,3802.0,10
OD004279,O02416,P0044,3,488.0,25
OD004280,O02417,P0004,1,5665.0,10
OD004281,O02418,P0048,1,8501.0,10
OD004282,O02418,P0078,3,8600.0,0
OD004283,O02419,P0060,4,8945.0,0
OD004284,O02420,P0072,4,4076.0,15
OD004285,O02420,P0057,3,8262.0,15
OD004286,O02420,P0094,2,1258.0,20
OD004287,O02421,P0110,4,919.0,10
OD004288,O02422,P0092,1,11144.0,10
OD004289,O02423,P0126,2,4619.0,0
OD004290,O02423,P0087,3,6958.0,5
OD004291,O02424,P0151,3,58699.0,10
OD004292,O02424,P0044,1,488.0,10
OD004293,O02425,P0114,2,1392.0,0
OD004294,O02425,P0061,4,3770.0,15
OD004295,O02425,P0025,3,81340.0,5
OD004296,O02426,P0112,2,1185.0,10
OD004297,O02426,P0097,1,4219.0,15
OD004298,O02426,P0123,4,3569.0,20
OD004299,O02427,P0014,1,80631.0,20
OD004300,O02428,P0009,4,37963.0,25
OD004301,O02428,P0131,3,2388.0,25
OD004302,O02429,P0105,3,2236.0,0
OD004303,O02430,P0091,1,4973.0,0
OD004304,O02430,P0155,4,72075.0,15
OD004305,O02430,P0109,4,3854.0,0
OD004306,O02430,P0145,4,38085.0,10
OD004307,O02431,P0010,4,56892.0,5
OD004308,O02431,P0099,4,1622.0,25
OD004309,O02431,P0113,3,2101.0,5
OD004310,O02432,P0051,1,6426.0,0
OD004311,O02433,P0002,3,19789.0,5
OD004312,O02433,P0033,1,85759.0,15
OD004313,O02433,P0047,3,7733.0,10
OD004314,O02433,P0064,2,8779.0,10
OD004315,O02434,P0029,4,31521.0,25
OD004316,O02434,P0071,1,4311.0,10
OD004317,O02434,P0142,4,41501.0,0
OD004318,O02434,P0014,3,80631.0,0
OD004319,O02435,P0025,2,81340.0,15
OD004320,O02436,P0023,4,50020.0,10
OD004321,O02437,P0029,2,31521.0,15
OD004322,O02438,P0082,2,56796.0,0
OD004323,O02438,P0072,2,4076.0,0
OD004324,O02438,P0111,4,1846.0,5
OD004325,O02439,P0064,4,8779.0,0
OD004326,O02439,P0057,2,8262.0,10
OD004327,O02439,P0035,4,75079.0,20
OD004328,O02439,P0136,2,2962.0,0
OD004329,O02440,P0135,2,10468.0,0
OD004330,O02441,P0110,3,919.0,20
OD004331,O02442,P0120,3,1825.0,0
OD004332,O02442,P0087,3,6958.0,5
OD004333,O02443,P0132,3,6274.0,0
OD004334,O02444,P0099,4,1622.0,15
OD004335,O02445,P0051,1,6426.0,10
OD004336,O02446,P0023,2,50020.0,15
OD004337,O02446,P0025,1,81340.0,5
OD004338,O02446,P0019,1,7506.0,5
OD004339,O02447,P0065,3,4361.0,0
OD004340,O02447,P0043,2,8969.0,15
OD004341,O02447,P0061,3,3770.0,5
OD004342,O02448,P0035,3,75079.0,15
OD004343,O02449,P0046,3,5108.0,20
OD004344,O02449,P0074,4,3972.0,0
OD004345,O02450,P0115,1,2578.0,15
OD004346,O02450,P0155,1,72075.0,0
OD004347,O02451,P0004,4,5665.0,0
OD004348,O02452,P0115,2,2578.0,5
OD004349,O02452,P0118,4,1045.0,0
OD004350,O02452,P0010,1,56892.0,10
OD004351,O02453,P0039,1,1789.0,20
OD004352,O02453,P0035,3,75079.0,10
OD004353,O02454,P0056,4,9595.0,0
OD004354,O02455,P0040,4,2804.0,5
OD004355,O02455,P0019,4,7506.0,15
OD004356,O02456,P0013,1,14176.0,10
OD004357,O02457,P0074,4,3972.0,10
OD004358,O02457,P0126,1,4619.0,10
OD004359,O02457,P0050,3,10277.0,10
OD004360,O02458,P0016,4,51115.0,15
OD004361,O02458,P0140,1,6575.0,25
OD004362,O02458,P0030,2,54081.0,10
OD004363,O02459,P0087,4,6958.0,10
OD004364,O02459,P0043,1,8969.0,10
OD004365,O02460,P0037,3,6843.0,5
OD004366,O02461,P0134,3,6094.0,0
OD004367,O02461,P0130,4,9352.0,0
OD004368,O02462,P0022,3,84820.0,0
OD004369,O02463,P0054,2,2132.0,0
OD004370,O02464,P0056,2,9595.0,25
OD004371,O02465,P0090,2,6696.0,0
OD004372,O02465,P0032,3,29369.0,0
OD004373,O02465,P0030,1,54081.0,20
OD004374,O02466,P0115,1,2578.0,5
OD004375,O02466,P0152,2,16657.0,0
OD004376,O02467,P0043,3,8969.0,25
OD004377,O02468,P0117,3,948.0,15
OD004378,O02469,P0079,4,54272.0,0
OD004379,O02470,P0061,3,3770.0,0
OD004380,O02471,P0112,4,1185.0,15
OD004381,O02471,P0009,4,37963.0,0
OD004382,O02472,P0018,4,77174.0,25
OD004383,O02473,P0095,2,1298.0,0
OD004384,O02473,P0011,1,21879.0,15
OD004385,O02474,P0039,3,1789.0,10
OD004386,O02474,P0087,4,6958.0,15
OD004387,O02475,P0103,4,771.0,15
OD004388,O02476,P0080,4,34091.0,15
OD004389,O02476,P0046,4,5108.0,15
OD004390,O02476,P0082,3,56796.0,20
OD004391,O02477,P0117,1,948.0,25
OD004392,O02477,P0131,3,2388.0,0
OD004393,O02477,P0028,1,30285.0,25
OD004394,O02477,P0115,3,2578.0,0
OD004395,O02478,P0054,3,2132.0,10
OD004396,O02478,P0078,3,8600.0,0
OD004397,O02479,P0047,3,7733.0,0
OD004398,O02480,P0070,4,357.0,25
OD004399,O02481,P0124,4,129.0,0
OD004400,O02482,P0044,3,488.0,10
OD004401,O02483,P0097,1,4219.0,15
OD004402,O02484,P0061,3,3770.0,0
OD004403,O02485,P0125,2,2245.0,25
OD004404,O02486,P0032,2,29369.0,25
OD004405,O02487,P0150,3,58459.0,0
OD004406,O02488,P0106,4,2055.0,0
OD004407,O02489,P0139,4,22366.0,5
OD004408,O02490,P0137,2,4748.0,0
OD004409,O02490,P0017,1,39927.0,10
OD004410,O02491,P0076,2,894.0,0
OD004411,O02492,P0057,2,8262.0,5
OD004412,O02492,P0011,2,21879.0,0
OD004413,O02493,P0062,1,11980.0,0
OD004414,O02493,P0069,3,582.0,0
OD004415,O02493,P0055,4,4223.0,10
OD004416,O02494,P0138,3,55464.0,10
OD004417,O02495,P0066,3,5839.0,10
OD004418,O02495,P0131,2,2388.0,10
OD004419,O02496,P0095,4,1298.0,0
OD004420,O02497,P0050,3,10277.0,5
OD004421,O02498,P0104,4,4730.0,10
OD004422,O02499,P0006,2,80407.0,10
OD004423,O02500,P0099,4,1622.0,25
OD004424,O02501,P0058,4,2360.0,0
OD004425,O02502,P0150,3,58459.0,10
OD004426,O02502,P0038,4,2566.0,15
OD004427,O02503,P0033,4,85759.0,5
OD004428,O02503,P0099,2,1622.0,25
OD004429,O02503,P0021,3,51323.0,25
OD004430,O02504,P0144,3,44525.0,0
OD004431,O02505,P0009,2,37963.0,10
OD004432,O02506,P0121,4,2262.0,0
OD004433,O02506,P0044,1,488.0,0
OD004434,O02506,P0091,4,4973.0,0
OD004435,O02507,P0021,4,51323.0,10
OD004436,O02508,P0055,4,4223.0,0
OD004437,O02508,P0032,2,29369.0,15
OD004438,O02509,P0093,3,3411.0,0
OD004439,O02509,P0127,4,458.0,25
OD004440,O02509,P0072,3,4076.0,0
OD004441,O02510,P0079,4,54272.0,5
OD004442,O02511,P0112,1,1185.0,0
OD004443,O02512,P0025,1,81340.0,0
OD004444,O02512,P0110,4,919.0,0
OD004445,O02512,P0096,1,1121.0,10
OD004446,O02513,P0036,2,78122.0,0
OD004447,O02513,P0139,2,22366.0,25
OD004448,O02513,P0044,4,488.0,0
OD004449,O02514,P0124,2,129.0,0
OD004450,O02515,P0146,3,53886.0,0
OD004451,O02515,P0143,1,4601.0,10
OD004452,O02516,P0108,4,2690.0,0
OD004453,O02516,P0014,3,80631.0,10
OD004454,O02516,P0137,4,4748.0,0
OD004455,O02517,P0065,1,4361.0,15
OD004456,O02518,P0066,4,5839.0,5
OD004457,O02519,P0152,2,16657.0,5
OD004458,O02519,P0114,3,1392.0,0
OD004459,O02520,P0078,3,8600.0,5
OD004460,O02520,P0070,2,357.0,15
OD004461,O02521,P0137,2,4748.0,25
OD004462,O02522,P0146,3,53886.0,0
OD004463,O02523,P0045,4,4671.0,10
OD004464,O02524,P0092,3,11144.0,0
OD004465,O02525,P0021,2,51323.0,0
OD004466,O02525,P0045,2,4671.0,10
OD004467,O02526,P0130,2,9352.0,10
OD004468,O02526,P0141,1,27658.0,20
OD004469,O02527,P0113,1,2101.0,5
OD004470,O02528,P0083,2,62137.0,0
OD004471,O02528,P0071,1,4311.0,20
OD004472,O02529,P0003,3,12895.0,10
OD004473,O02530,P0096,2,1121.0,0
OD004474,O02531,P0084,1,59582.0,20
OD004475,O02532,P0080,2,34091.0,5
OD004476,O02533,P0139,2,22366.0,0
OD004477,O02533,P0046,4,5108.0,20
OD004478,O02534,P0036,2,78122.0,20
OD004479,O02534,P0012,4,14896.0,10
OD004480,O02535,P0044,4,488.0,15
OD004481,O02536,P0120,2,1825.0,20
OD004482,O02537,P0153,2,26414.0,10
OD004483,O02538,P0048,1,8501.0,10
OD004484,O02539,P0131,1,2388.0,0
OD004485,O02540,P0107,4,1172.0,15
OD004486,O02540,P0114,1,1392.0,10
OD004487,O02540,P0148,2,24905.0,5
OD004488,O02541,P0043,2,8969.0,10
OD004489,O02541,P0018,2,77174.0,20
OD004490,O02542,P0120,2,1825.0,0
OD004491,O02542,P0048,3,8501.0,0
OD004492,O02543,P0124,1,129.0,5
OD004493,O02543,P0033,3,85759.0,5
OD004494,O02543,P0018,2,77174.0,0
OD004495,O02544,P0064,4,8779.0,25
OD004496,O02545,P0049,3,2043.0,25
OD004497,O02545,P0003,2,12895.0,10
OD004498,O02545,P0117,4,948.0,20
OD004499,O02545,P0096,2,1121.0,5
OD004500,O02546,P0041,1,10071.0,0
OD004501,O02546,P0134,1,6094.0,5
OD004502,O02547,P0064,1,8779.0,0
OD004503,O02548,P0062,4,11980.0,10
OD004504,O02549,P0105,3,2236.0,10
OD004505,O02549,P0089,4,2997.0,0
OD004506,O02550,P0099,2,1622.0,0
OD004507,O02550,P0095,1,1298.0,15
OD004508,O02550,P0071,2,4311.0,0
OD004509,O02551,P0099,4,1622.0,10
OD004510,O02552,P0024,1,89341.0,0
OD004511,O02552,P0004,3,5665.0,10
OD004512,O02553,P0055,3,4223.0,5
OD004513,O02554,P0081,3,71792.0,10
OD004514,O02555,P0040,2,2804.0,15
OD004515,O02556,P0025,3,81340.0,0
OD004516,O02556,P0077,2,57019.0,0
OD004517,O02557,P0037,4,6843.0,0
OD004518,O02557,P0082,2,56796.0,20
OD004519,O02558,P0056,2,9595.0,10
OD004520,O02559,P0057,1,8262.0,25
OD004521,O02560,P0066,4,5839.0,25
OD004522,O02560,P0007,3,27562.0,20
OD004523,O02560,P0094,1,1258.0,0
OD004524,O02561,P0089,2,2997.0,5
OD004525,O02561,P0150,3,58459.0,5
OD004526,O02562,P0078,1,8600.0,0
OD004527,O02563,P0014,4,80631.0,5
OD004528,O02563,P0065,2,4361.0,10
OD004529,O02563,P0120,4,1825.0,20
OD004530,O02564,P0125,3,2245.0,10
OD004531,O02564,P0083,4,62137.0,10
OD004532,O02564,P0007,4,27562.0,0
OD004533,O02565,P0153,3,26414.0,20
OD004534,O02566,P0026,2,33587.0,10
OD004535,O02566,P0031,3,29153.0,15
OD004536,O02567,P0156,2,58031.0,0
OD004537,O02567,P0045,3,4671.0,15
OD004538,O02568,P0029,4,31521.0,25
OD004539,O02569,P0141,1,27658.0,10
OD004540,O02570,P0081,4,71792.0,5
OD004541,O02571,P0049,4,2043.0,10
OD004542,O02572,P0018,3,77174.0,0
OD004543,O02573,P0087,3,6958.0,0
OD004544,O02573,P0090,4,6696.0,15
OD004545,O02573,P0052,4,8989.0,10
OD004546,O02574,P0058,3,2360.0,15
OD004547,O02574,P0045,3,4671.0,15
OD004548,O02575,P0112,2,1185.0,5
OD004549,O02576,P0147,3,5117.0,0
OD004550,O02577,P0038,4,2566.0,10
OD004551,O02578,P0011,2,21879.0,0
OD004552,O02578,P0010,1,56892.0,0
OD004553,O02579,P0121,2,2262.0,10
OD004554,O02580,P0026,3,33587.0,10
OD004555,O02581,P0120,3,1825.0,5
OD004556,O02582,P0019,2,7506.0,5
OD004557,O02583,P0030,4,54081.0,0
OD004558,O02584,P0087,3,6958.0,0
OD004559,O02585,P0057,3,8262.0,5
OD004560,O02585,P0121,1,2262.0,0
OD004561,O02585,P0077,4,57019.0,0
OD004562,O02586,P0116,2,164.0,20
OD004563,O02586,P0069,2,582.0,0
OD004564,O02587,P0013,2,14176.0,0
OD004565,O02587,P0112,1,1185.0,5
OD004566,O02588,P0029,2,31521.0,10
OD004567,O02589,P0007,2,27562.0,0
OD004568,O02589,P0011,2,21879.0,10
OD004569,O02589,P0040,1,2804.0,0
OD004570,O02590,P0012,3,14896.0,15
OD004571,O02590,P0003,2,12895.0,25
OD004572,O02591,P0107,4,1172.0,15
OD004573,O02592,P0018,3,77174.0,5
OD004574,O02592,P0038,1,2566.0,25
OD004575,O02593,P0108,2,2690.0,10
OD004576,O02594,P0140,4,6575.0,20
OD004577,O02594,P0014,1,80631.0,0
OD004578,O02595,P0151,4,58699.0,25
OD004579,O02595,P0004,2,5665.0,10
OD004580,O02595,P0013,3,14176.0,15
OD004581,O02595,P0025,4,81340.0,15
OD004582,O02596,P0080,3,34091.0,25
OD004583,O02597,P0068,1,1904.0,10
OD004584,O02598,P0085,4,8130.0,25
OD004585,O02599,P0094,3,1258.0,0
OD004586,O02600,P0115,3,2578.0,0
OD004587,O02600,P0082,3,56796.0,15
OD004588,O02601,P0106,4,2055.0,0
OD004589,O02602,P0052,2,8989.0,5
OD004590,O02603,P0140,2,6575.0,10
OD004591,O02603,P0025,4,81340.0,0
OD004592,O02603,P0156,4,58031.0,5
OD004593,O02604,P0115,3,2578.0,15
OD004594,O02604,P0150,2,58459.0,20
OD004595,O02605,P0135,3,10468.0,20
OD004596,O02605,P0146,2,53886.0,5
OD004597,O02605,P0081,2,71792.0,10
OD004598,O02605,P0106,3,2055.0,15
OD004599,O02606,P0041,1,10071.0,0
OD004600,O02607,P0058,3,2360.0,15
OD004601,O02608,P0034,1,36218.0,15
OD004602,O02609,P0107,4,1172.0,0
OD004603,O02609,P0087,4,6958.0,25
OD004604,O02609,P0037,4,6843.0,0
OD004605,O02610,P0109,3,3854.0,10
OD004606,O02611,P0003,2,12895.0,10
OD004607,O02611,P0066,1,5839.0,25
OD004608,O02611,P0147,4,5117.0,10
OD004609,O02612,P0023,1,50020.0,5
OD004610,O02613,P0058,3,2360.0,0
OD004611,O02613,P0154,2,58654.0,5
OD004612,O02614,P0081,2,71792.0,25
OD004613,O02614,P0148,1,24905.0,0
OD004614,O02614,P0121,4,2262.0,5
OD004615,O02615,P0151,4,58699.0,0
OD004616,O02616,P0052,2,8989.0,20
OD004617,O02616,P0074,4,3972.0,5
OD004618,O02616,P0042,1,6552.0,0
OD004619,O02617,P0150,2,58459.0,0
OD004620,O02617,P0004,1,5665.0,0
OD004621,O02618,P0120,1,1825.0,25
OD004622,O02619,P0141,2,27658.0,0
OD004623,O02619,P0070,1,357.0,0
OD004624,O02620,P0137,1,4748.0,10
OD004625,O02621,P0015,1,61717.0,5
OD004626,O02622,P0074,4,3972.0,5
OD004627,O02623,P0089,3,2997.0,0
OD004628,O02623,P0130,2,9352.0,0
OD004629,O02624,P0152,1,16657.0,0
OD004630,O02625,P0003,4,12895.0,20
OD004631,O02626,P0047,1,7733.0,0
OD004632,O02627,P0049,1,2043.0,5
OD004633,O02627,P0071,1,4311.0,20
OD004634,O02628,P0128,3,11621.0,15
OD004635,O02629,P0153,1,26414.0,0
OD004636,O02629,P0116,1,164.0,0
OD004637,O02629,P0154,1,58654.0,20
OD004638,O02630,P0132,3,6274.0,5
OD004639,O02631,P0021,2,51323.0,10
OD004640,O02631,P0069,3,582.0,25
OD004641,O02631,P0130,2,9352.0,10
OD004642,O02632,P0046,4,5108.0,0
OD004643,O02632,P0078,3,8600.0,0
OD004644,O02632,P0133,3,3741.0,10
OD004645,O02632,P0127,4,458.0,10
OD004646,O02633,P0111,1,1846.0,0
OD004647,O02634,P0155,1,72075.0,25
OD004648,O02635,P0013,2,14176.0,20
OD004649,O02636,P0125,2,2245.0,0
OD004650,O02637,P0012,1,14896.0,0
OD004651,O02637,P0114,2,1392.0,25
OD004652,O02637,P0087,1,6958.0,25
OD004653,O02638,P0070,2,357.0,10
OD004654,O02638,P0089,1,2997.0,0
OD004655,O02638,P0083,2,62137.0,0
OD004656,O02639,P0082,1,56796.0,0
OD004657,O02640,P0001,2,37548.0,0
OD004658,O02641,P0012,1,14896.0,25
OD004659,O02642,P0117,3,948.0,0
OD004660,O02643,P0091,4,4973.0,0
OD004661,O02643,P0074,3,3972.0,0
OD004662,O02644,P0142,1,41501.0,0
OD004663,O02644,P0048,1,8501.0,5
OD004664,O02645,P0124,4,129.0,20
OD004665,O02646,P0002,3,19789.0,0
OD004666,O02646,P0127,2,458.0,0
OD004667,O02647,P0109,4,3854.0,0
OD004668,O02647,P0084,1,59582.0,0
OD004669,O02647,P0105,4,2236.0,20
OD004670,O02648,P0120,1,1825.0,15
OD004671,O02648,P0150,4,58459.0,25
OD004672,O02649,P0019,2,7506.0,0
OD004673,O02650,P0038,1,2566.0,10
OD004674,O02651,P0010,4,56892.0,10
OD004675,O02652,P0013,4,14176.0,20
OD004676,O02652,P0150,2,58459.0,0
OD004677,O02653,P0124,1,129.0,10
OD004678,O02654,P0118,3,1045.0,5
OD004679,O02655,P0084,1,59582.0,10
OD004680,O02655,P0068,1,1904.0,10
OD004681,O02656,P0077,1,57019.0,25
OD004682,O02656,P0142,3,41501.0,0
OD004683,O02657,P0152,3,16657.0,0
OD004684,O02658,P0077,3,57019.0,0
OD004685,O02659,P0005,3,30157.0,0
OD004686,O02659,P0156,3,58031.0,15
OD004687,O02660,P0038,4,2566.0,0
OD004688,O02660,P0077,2,57019.0,20
OD004689,O02660,P0125,3,2245.0,15
OD004690,O02661,P0131,4,2388.0,0
OD004691,O02662,P0064,2,8779.0,0
OD004692,O02662,P0048,4,8501.0,15
OD004693,O02663,P0002,3,19789.0,0
OD004694,O02664,P0036,2,78122.0,10
OD004695,O02665,P0026,1,33587.0,0
OD004696,O02666,P0156,2,58031.0,20
OD004697,O02667,P0075,4,3434.0,5
OD004698,O02668,P0044,2,488.0,25
OD004699,O02668,P0102,2,4842.0,0
OD004700,O02668,P0028,1,30285.0,25
OD004701,O02669,P0023,2,50020.0,0
OD004702,O02669,P0101,3,1082.0,0
OD004703,O02669,P0034,1,36218.0,0
OD004704,O02670,P0028,2,30285.0,10
OD004705,O02671,P0150,2,58459.0,15
OD004706,O02672,P0026,1,33587.0,0
OD004707,O02672,P0135,3,10468.0,0
OD004708,O02673,P0067,1,4637.0,15
OD004709,O02674,P0082,1,56796.0,20
OD004710,O02675,P0038,3,2566.0,20
OD004711,O02675,P0034,1,36218.0,0
OD004712,O02676,P0113,4,2101.0,10
OD004713,O02677,P0035,4,75079.0,15
OD004714,O02677,P0064,4,8779.0,5
OD004715,O02678,P0121,1,2262.0,0
OD004716,O02678,P0070,3,357.0,0
OD004717,O02679,P0031,1,29153.0,10
OD004718,O02680,P0025,1,81340.0,5
OD004719,O02680,P0092,1,11144.0,0
OD004720,O02681,P0039,1,1789.0,10
OD004721,O02681,P0072,3,4076.0,15
OD004722,O02681,P0020,4,11958.0,15
OD004723,O02682,P0078,4,8600.0,0
OD004724,O02683,P0109,3,3854.0,0
OD004725,O02683,P0155,3,72075.0,15
OD004726,O02684,P0148,1,24905.0,20
OD004727,O02684,P0041,1,10071.0,0
OD004728,O02685,P0104,4,4730.0,15
OD004729,O02685,P0031,3,29153.0,10
OD004730,O02686,P0040,4,2804.0,20
OD004731,O02687,P0062,1,11980.0,0
OD004732,O02687,P0068,2,1904.0,5
OD004733,O02688,P0142,3,41501.0,10
OD004734,O02688,P0126,2,4619.0,10
OD004735,O02689,P0075,2,3434.0,20
OD004736,O02690,P0112,2,1185.0,10
OD004737,O02691,P0134,2,6094.0,0
OD004738,O02691,P0059,3,9307.0,0
OD004739,O02691,P0121,3,2262.0,25
OD004740,O02692,P0094,4,1258.0,5
OD004741,O02692,P0132,3,6274.0,25
OD004742,O02693,P0133,4,3741.0,0
OD004743,O02694,P0018,2,77174.0,5
OD004744,O02694,P0134,3,6094.0,20
OD004745,O02695,P0011,1,21879.0,0
OD004746,O02695,P0014,3,80631.0,0
OD004747,O02695,P0038,2,2566.0,25
OD004748,O02696,P0156,4,58031.0,5
OD004749,O02697,P0116,3,164.0,15
OD004750,O02697,P0048,3,8501.0,25
OD004751,O02698,P0121,2,2262.0,20
OD004752,O02699,P0094,2,1258.0,10
OD004753,O02700,P0125,4,2245.0,10
OD004754,O02700,P0027,2,51235.0,5
OD004755,O02701,P0134,4,6094.0,20
OD004756,O02701,P0052,4,8989.0,0
OD004757,O02702,P0048,2,8501.0,20
OD004758,O02702,P0070,2,357.0,10
OD004759,O02703,P0062,2,11980.0,5
OD004760,O02703,P0123,3,3569.0,0
OD004761,O02703,P0145,4,38085.0,0
OD004762,O02703,P0132,1,6274.0,0
OD004763,O02704,P0112,2,1185.0,5
OD004764,O02705,P0079,1,54272.0,0
OD004765,O02706,P0118,2,1045.0,0
OD004766,O02707,P0081,2,71792.0,10
OD004767,O02708,P0146,3,53886.0,0
OD004768,O02708,P0036,4,78122.0,5
OD004769,O02708,P0048,4,8501.0,0
OD004770,O02709,P0034,4,36218.0,0
OD004771,O02709,P0048,2,8501.0,5
OD004772,O02710,P0151,1,58699.0,10
OD004773,O02711,P0132,3,6274.0,10
OD004774,O02712,P0058,1,2360.0,10
OD004775,O02712,P0005,2,30157.0,10
OD004776,O02713,P0155,2,72075.0,0
OD004777,O02713,P0046,1,5108.0,0
OD004778,O02713,P0075,4,3434.0,10
OD004779,O02714,P0151,3,58699.0,10
OD004780,O02715,P0071,3,4311.0,20
OD004781,O02715,P0019,3,7506.0,0
OD004782,O02715,P0054,1,2132.0,25
OD004783,O02715,P0064,3,8779.0,0
OD004784,O02716,P0124,3,129.0,15
OD004785,O02716,P0108,2,2690.0,25
OD004786,O02716,P0089,1,2997.0,10
OD004787,O02717,P0087,1,6958.0,0
OD004788,O02718,P0140,4,6575.0,10
OD004789,O02718,P0023,4,50020.0,0
OD004790,O02718,P0155,3,72075.0,15
OD004791,O02718,P0051,3,6426.0,0
OD004792,O02719,P0010,4,56892.0,0
OD004793,O02719,P0045,3,4671.0,20
OD004794,O02720,P0038,3,2566.0,5
OD004795,O02720,P0056,4,9595.0,10
OD004796,O02721,P0029,1,31521.0,10
OD004797,O02721,P0050,2,10277.0,0
OD004798,O02722,P0020,3,11958.0,0
OD004799,O02723,P0097,1,4219.0,25
OD004800,O02724,P0131,3,2388.0,20
OD004801,O02725,P0016,2,51115.0,5
OD004802,O02725,P0151,1,58699.0,10
OD004803,O02725,P0086,4,13724.0,25
OD004804,O02726,P0073,3,1183.0,5
OD004805,O02727,P0105,1,2236.0,25
OD004806,O02727,P0112,1,1185.0,0
OD004807,O02727,P0107,3,1172.0,15
OD004808,O02727,P0037,3,6843.0,5
OD004809,O02728,P0144,4,44525.0,0
OD004810,O02728,P0004,3,5665.0,5
OD004811,O02729,P0082,1,56796.0,10
OD004812,O02729,P0087,4,6958.0,0
OD004813,O02730,P0107,4,1172.0,0
OD004814,O02731,P0030,4,54081.0,15
OD004815,O02731,P0143,2,4601.0,20
OD004816,O02732,P0097,1,4219.0,0
OD004817,O02732,P0029,1,31521.0,25
OD004818,O02732,P0108,4,2690.0,0
OD004819,O02733,P0091,1,4973.0,15
OD004820,O02734,P0093,3,3411.0,20
OD004821,O02735,P0054,1,2132.0,0
OD004822,O02736,P0144,2,44525.0,10
OD004823,O02737,P0108,2,2690.0,0
OD004824,O02738,P0033,1,85759.0,10
OD004825,O02739,P0004,2,5665.0,20
OD004826,O02739,P0042,2,6552.0,25
OD004827,O02740,P0077,4,57019.0,25
OD004828,O02740,P0017,2,39927.0,0
OD004829,O02740,P0148,1,24905.0,0
OD004830,O02741,P0140,4,6575.0,0
OD004831,O02742,P0017,3,39927.0,0
OD004832,O02743,P0105,4,2236.0,15
OD004833,O02744,P0105,4,2236.0,25
OD004834,O02744,P0004,3,5665.0,0
OD004835,O02745,P0112,1,1185.0,0
OD004836,O02746,P0023,3,50020.0,10
OD004837,O02747,P0090,4,6696.0,0
OD004838,O02748,P0066,2,5839.0,20
OD004839,O02748,P0059,2,9307.0,5
OD004840,O02749,P0005,4,30157.0,0
OD004841,O02749,P0011,3,21879.0,10
OD004842,O02750,P0071,3,4311.0,10
OD004843,O02751,P0106,3,2055.0,20
OD004844,O02752,P0142,2,41501.0,20
OD004845,O02752,P0154,2,58654.0,5
OD004846,O02753,P0026,3,33587.0,20
OD004847,O02754,P0130,4,9352.0,25
OD004848,O02755,P0045,2,4671.0,15
OD004849,O02755,P0072,4,4076.0,15
OD004850,O02755,P0015,1,61717.0,20
OD004851,O02756,P0121,1,2262.0,0
OD004852,O02757,P0126,2,4619.0,10
OD004853,O02758,P0121,1,2262.0,10
OD004854,O02758,P0148,1,24905.0,10
OD004855,O02759,P0020,2,11958.0,0
OD004856,O02759,P0094,2,1258.0,10
OD004857,O02759,P0092,4,11144.0,0
OD004858,O02760,P0140,3,6575.0,25
OD004859,O02760,P0028,4,30285.0,15
OD004860,O02760,P0037,4,6843.0,0
OD004861,O02761,P0054,4,2132.0,5
OD004862,O02761,P0068,3,1904.0,10
OD004863,O02761,P0139,4,22366.0,15
OD004864,O02762,P0144,4,44525.0,10
OD004865,O02763,P0024,2,89341.0,0
OD004866,O02763,P0085,1,8130.0,0
OD004867,O02763,P0059,3,9307.0,0
OD004868,O02764,P0142,2,41501.0,15
OD004869,O02765,P0059,3,9307.0,0
OD004870,O02766,P0094,2,1258.0,10
OD004871,O02766,P0093,3,3411.0,10
OD004872,O02767,P0148,3,24905.0,5
OD004873,O02768,P0108,3,2690.0,5
OD004874,O02769,P0121,3,2262.0,5
OD004875,O02770,P0028,4,30285.0,10
OD004876,O02771,P0063,4,11304.0,15
OD004877,O02772,P0145,3,38085.0,10
OD004878,O02772,P0155,4,72075.0,5
OD004879,O02772,P0141,4,27658.0,10
OD004880,O02773,P0025,3,81340.0,0
OD004881,O02773,P0108,3,2690.0,0
OD004882,O02774,P0022,3,84820.0,25
OD004883,O02775,P0016,4,51115.0,20
OD004884,O02775,P0145,1,38085.0,0
OD004885,O02775,P0055,4,4223.0,10
OD004886,O02776,P0063,2,11304.0,20
OD004887,O02776,P0116,2,164.0,10
OD004888,O02777,P0026,4,33587.0,10
OD004889,O02777,P0009,2,37963.0,5
OD004890,O02778,P0126,4,4619.0,20
OD004891,O02778,P0075,3,3434.0,0
OD004892,O02779,P0077,2,57019.0,25
OD004893,O02780,P0115,1,2578.0,20
OD004894,O02781,P0049,3,2043.0,0
OD004895,O02782,P0049,1,2043.0,0
OD004896,O02783,P0058,4,2360.0,10
OD004897,O02784,P0146,3,53886.0,5
OD004898,O02785,P0032,3,29369.0,0
OD004899,O02785,P0028,2,30285.0,20
OD004900,O02785,P0100,4,656.0,5
OD004901,O02786,P0127,3,458.0,15
OD004902,O02787,P0011,2,21879.0,15
OD004903,O02788,P0153,1,26414.0,10
OD004904,O02788,P0121,1,2262.0,25
OD004905,O02789,P0117,1,948.0,15
OD004906,O02790,P0047,2,7733.0,10
OD004907,O02790,P0067,4,4637.0,0
OD004908,O02791,P0081,4,71792.0,25
OD004909,O02792,P0050,4,10277.0,0
OD004910,O02793,P0091,4,4973.0,10
OD004911,O02793,P0107,2,1172.0,5
OD004912,O02794,P0061,1,3770.0,10
OD004913,O02794,P0094,1,1258.0,0
OD004914,O02795,P0132,4,6274.0,0
OD004915,O02796,P0032,2,29369.0,5
OD004916,O02796,P0063,1,11304.0,25
OD004917,O02796,P0026,3,33587.0,10
OD004918,O02796,P0115,3,2578.0,0
OD004919,O02797,P0022,3,84820.0,5
OD004920,O02797,P0059,4,9307.0,15
OD004921,O02798,P0018,2,77174.0,0
OD004922,O02799,P0129,2,890.0,0
OD004923,O02799,P0126,2,4619.0,20
OD004924,O02800,P0048,1,8501.0,0
OD004925,O02800,P0104,1,4730.0,0
OD004926,O02800,P0041,2,10071.0,15
OD004927,O02801,P0118,4,1045.0,20
OD004928,O02802,P0031,4,29153.0,20
OD004929,O02802,P0152,2,16657.0,15
OD004930,O02802,P0081,3,71792.0,20
OD004931,O02803,P0154,3,58654.0,10
OD004932,O02804,P0155,1,72075.0,5
OD004933,O02805,P0093,1,3411.0,10
OD004934,O02806,P0073,3,1183.0,5
OD004935,O02806,P0005,3,30157.0,0
OD004936,O02806,P0083,1,62137.0,0
OD004937,O02807,P0143,2,4601.0,10
OD004938,O02808,P0125,2,2245.0,0
OD004939,O02809,P0112,2,1185.0,5
OD004940,O02809,P0050,2,10277.0,5
OD004941,O02810,P0152,1,16657.0,5
OD004942,O02810,P0129,3,890.0,0
OD004943,O02811,P0086,3,13724.0,10
OD004944,O02812,P0148,1,24905.0,20
OD004945,O02812,P0018,1,77174.0,0
OD004946,O02813,P0076,1,894.0,15
OD004947,O02814,P0115,4,2578.0,0
OD004948,O02815,P0017,3,39927.0,0
OD004949,O02816,P0108,1,2690.0,10
OD004950,O02817,P0096,4,1121.0,15
OD004951,O02818,P0063,4,11304.0,10
OD004952,O02819,P0078,2,8600.0,10
OD004953,O02819,P0016,2,51115.0,20
OD004954,O02820,P0120,4,1825.0,5
OD004955,O02820,P0004,1,5665.0,0
OD004956,O02821,P0029,1,31521.0,15
OD004957,O02821,P0104,3,4730.0,20
OD004958,O02822,P0089,3,2997.0,0
OD004959,O02822,P0150,1,58459.0,0
OD004960,O02822,P0120,2,1825.0,10
OD004961,O02823,P0114,2,1392.0,20
OD004962,O02823,P0075,4,3434.0,0
OD004963,O02824,P0112,2,1185.0,25
OD004964,O02825,P0073,1,1183.0,10
OD004965,O02826,P0066,3,5839.0,0
OD004966,O02826,P0108,4,2690.0,10
OD004967,O02826,P0029,1,31521.0,10
OD004968,O02827,P0076,4,894.0,10
OD004969,O02828,P0049,4,2043.0,10
OD004970,O02828,P0084,3,59582.0,0
OD004971,O02828,P0056,2,9595.0,0
OD004972,O02828,P0060,1,8945.0,10
OD004973,O02829,P0037,3,6843.0,0
OD004974,O02830,P0054,2,2132.0,25
OD004975,O02831,P0104,3,4730.0,10
OD004976,O02832,P0085,1,8130.0,0
OD004977,O02833,P0043,4,8969.0,20
OD004978,O02833,P0042,3,6552.0,0
OD004979,O02834,P0117,3,948.0,15
OD004980,O02835,P0079,1,54272.0,5
OD004981,O02836,P0019,2,7506.0,10
OD004982,O02837,P0043,2,8969.0,25
OD004983,O02837,P0083,1,62137.0,0
OD004984,O02837,P0088,3,3802.0,0
OD004985,O02838,P0144,1,44525.0,20
OD004986,O02839,P0037,4,6843.0,0
OD004987,O02840,P0066,1,5839.0,15
OD004988,O02840,P0091,1,4973.0,5
OD004989,O02841,P0044,1,488.0,20
OD004990,O02841,P0088,2,3802.0,0
OD004991,O02842,P0010,3,56892.0,10
OD004992,O02843,P0001,2,37548.0,20
OD004993,O02844,P0142,2,41501.0,25
OD004994,O02845,P0152,2,16657.0,0
OD004995,O02845,P0121,4,2262.0,20
OD004996,O02846,P0001,3,37548.0,0
OD004997,O02846,P0077,3,57019.0,0
OD004998,O02847,P0055,4,4223.0,25
OD004999,O02848,P0086,1,13724.0,10
OD005000,O02848,P0106,3,2055.0,20
OD005001,O02848,P0134,1,6094.0,10
OD005002,O02849,P0048,4,8501.0,15
OD005003,O02850,P0007,4,27562.0,15
OD005004,O02851,P0108,3,2690.0,0
OD005005,O02851,P0045,2,4671.0,15
OD005006,O02852,P0150,2,58459.0,15
OD005007,O02852,P0130,3,9352.0,15
OD005008,O02852,P0154,1,58654.0,10
OD005009,O02853,P0154,3,58654.0,10
OD005010,O02853,P0006,1,80407.0,15
OD005011,O02854,P0112,1,1185.0,5
OD005012,O02855,P0069,3,582.0,15
OD005013,O02856,P0005,2,30157.0,0
OD005014,O02856,P0090,3,6696.0,10
OD005015,O02856,P0125,1,2245.0,25
OD005016,O02856,P0101,2,1082.0,10
OD005017,O02857,P0102,4,4842.0,0
OD005018,O02858,P0030,1,54081.0,0
OD005019,O02858,P0123,4,3569.0,20
OD005020,O02859,P0050,3,10277.0,25
OD005021,O02859,P0051,4,6426.0,20
OD005022,O02859,P0083,3,62137.0,25
OD005023,O02860,P0120,4,1825.0,5
OD005024,O02861,P0087,4,6958.0,5
OD005025,O02862,P0027,2,51235.0,20
OD005026,O02863,P0109,3,3854.0,5
OD005027,O02863,P0085,4,8130.0,0
OD005028,O02864,P0061,3,3770.0,0
OD005029,O02865,P0023,2,50020.0,5
OD005030,O02866,P0117,1,948.0,0
OD005031,O02867,P0132,4,6274.0,0
OD005032,O02868,P0111,4,1846.0,5
OD005033,O02869,P0097,1,4219.0,25
OD005034,O02869,P0061,4,3770.0,5
OD005035,O02869,P0050,4,10277.0,0
OD005036,O02869,P0109,3,3854.0,10
OD005037,O02870,P0120,4,1825.0,0
OD005038,O02871,P0102,2,4842.0,0
OD005039,O02872,P0039,4,1789.0,5
OD005040,O02873,P0040,4,2804.0,5
OD005041,O02874,P0092,3,11144.0,20
OD005042,O02874,P0056,4,9595.0,10
OD005043,O02875,P0009,3,37963.0,0
OD005044,O02876,P0069,3,582.0,0
OD005045,O02876,P0102,1,4842.0,10
OD005046,O02877,P0011,1,21879.0,5
OD005047,O02877,P0130,2,9352.0,20
OD005048,O02877,P0015,2,61717.0,0
OD005049,O02878,P0119,2,1373.0,10
OD005050,O02879,P0035,2,75079.0,20
OD005051,O02879,P0077,3,57019.0,15
OD005052,O02880,P0125,3,2245.0,0
OD005053,O02881,P0131,2,2388.0,10
OD005054,O02881,P0058,4,2360.0,0
OD005055,O02882,P0023,2,50020.0,0
OD005056,O02883,P0003,1,12895.0,15
OD005057,O02883,P0100,3,656.0,25
OD005058,O02883,P0005,4,30157.0,0
OD005059,O02883,P0138,1,55464.0,25
OD005060,O02884,P0001,1,37548.0,0
OD005061,O02885,P0009,2,37963.0,25
OD005062,O02886,P0021,4,51323.0,20
OD005063,O02886,P0042,1,6552.0,5
OD005064,O02887,P0102,4,4842.0,15
OD005065,O02887,P0153,4,26414.0,5
OD005066,O02888,P0090,3,6696.0,20
OD005067,O02889,P0019,1,7506.0,5
OD005068,O02890,P0067,3,4637.0,25
OD005069,O02891,P0069,1,582.0,5
OD005070,O02892,P0145,4,38085.0,0
OD005071,O02893,P0100,3,656.0,0
OD005072,O02893,P0041,2,10071.0,20
OD005073,O02894,P0118,3,1045.0,5
OD005074,O02895,P0031,1,29153.0,5
OD005075,O02895,P0154,2,58654.0,10
OD005076,O02896,P0043,2,8969.0,20
OD005077,O02896,P0056,3,9595.0,15
OD005078,O02897,P0130,1,9352.0,10
OD005079,O02898,P0093,2,3411.0,0
OD005080,O02899,P0110,4,919.0,25
OD005081,O02900,P0115,1,2578.0,0
OD005082,O02901,P0082,4,56796.0,10
OD005083,O02901,P0025,2,81340.0,10
OD005084,O02902,P0072,3,4076.0,25
OD005085,O02902,P0027,1,51235.0,25
OD005086,O02902,P0106,3,2055.0,0
OD005087,O02903,P0040,2,2804.0,25
OD005088,O02903,P0039,2,1789.0,0
OD005089,O02904,P0107,1,1172.0,10
OD005090,O02904,P0023,1,50020.0,10
OD005091,O02904,P0064,4,8779.0,20
OD005092,O02905,P0056,3,9595.0,0
OD005093,O02906,P0024,1,89341.0,15
OD005094,O02907,P0112,4,1185.0,15
OD005095,O02907,P0150,3,58459.0,0
OD005096,O02907,P0113,2,2101.0,0
OD005097,O02908,P0076,4,894.0,0
OD005098,O02908,P0031,3,29153.0,10
OD005099,O02909,P0049,1,2043.0,0
OD005100,O02909,P0117,3,948.0,25
OD005101,O02910,P0076,3,894.0,5
OD005102,O02910,P0113,3,2101.0,10
OD005103,O02910,P0030,4,54081.0,20
OD005104,O02911,P0121,4,2262.0,15
OD005105,O02911,P0114,1,1392.0,5
OD005106,O02911,P0102,4,4842.0,10
OD005107,O02912,P0047,1,7733.0,0
OD005108,O02912,P0109,1,3854.0,10
OD005109,O02913,P0104,4,4730.0,20
OD005110,O02913,P0128,2,11621.0,0
OD005111,O02914,P0135,3,10468.0,5
OD005112,O02914,P0004,4,5665.0,0
OD005113,O02914,P0119,1,1373.0,10
OD005114,O02915,P0143,4,4601.0,0
OD005115,O02916,P0041,1,10071.0,25
OD005116,O02917,P0016,2,51115.0,15
OD005117,O02917,P0064,1,8779.0,25
OD005118,O02918,P0050,1,10277.0,20
OD005119,O02919,P0049,2,2043.0,0
OD005120,O02920,P0056,2,9595.0,5
OD005121,O02920,P0128,1,11621.0,0
OD005122,O02920,P0062,2,11980.0,0
OD005123,O02921,P0029,4,31521.0,15
OD005124,O02921,P0040,4,2804.0,15
OD005125,O02922,P0015,4,61717.0,0
OD005126,O02922,P0149,1,6514.0,5
OD005127,O02922,P0083,4,62137.0,5
OD005128,O02922,P0080,3,34091.0,10
OD005129,O02923,P0155,4,72075.0,10
OD005130,O02923,P0151,4,58699.0,20
OD005131,O02924,P0060,1,8945.0,0
OD005132,O02925,P0071,3,4311.0,20
OD005133,O02926,P0026,2,33587.0,15
OD005134,O02926,P0021,4,51323.0,20
OD005135,O02926,P0058,1,2360.0,10
OD005136,O02927,P0132,4,6274.0,5
OD005137,O02928,P0073,1,1183.0,15
OD005138,O02928,P0060,3,8945.0,0
OD005139,O02929,P0052,3,8989.0,10
OD005140,O02929,P0103,4,771.0,25
OD005141,O02930,P0077,4,57019.0,5
OD005142,O02930,P0134,1,6094.0,10
OD005143,O02931,P0055,4,4223.0,25
OD005144,O02931,P0106,1,2055.0,0
OD005145,O02932,P0004,3,5665.0,5
OD005146,O02932,P0005,1,30157.0,0
OD005147,O02932,P0008,2,30393.0,15
OD005148,O02933,P0104,4,4730.0,0
OD005149,O02933,P0150,3,58459.0,10
OD005150,O02933,P0126,4,4619.0,25
OD005151,O02934,P0047,1,7733.0,10
OD005152,O02934,P0147,1,5117.0,10
OD005153,O02934,P0107,1,1172.0,0
OD005154,O02935,P0004,4,5665.0,0
OD005155,O02935,P0035,3,75079.0,20
OD005156,O02936,P0067,1,4637.0,0
OD005157,O02936,P0037,1,6843.0,0
OD005158,O02937,P0121,1,2262.0,0
OD005159,O02937,P0091,4,4973.0,5
OD005160,O02937,P0073,3,1183.0,10
OD005161,O02938,P0053,2,5610.0,10
OD005162,O02939,P0021,3,51323.0,5
OD005163,O02939,P0073,4,1183.0,5
OD005164,O02940,P0092,1,11144.0,25
OD005165,O02940,P0079,3,54272.0,0
OD005166,O02940,P0071,2,4311.0,0
OD005167,O02941,P0055,3,4223.0,15
OD005168,O02941,P0094,4,1258.0,0
OD005169,O02942,P0107,2,1172.0,0
OD005170,O02942,P0091,2,4973.0,0
OD005171,O02943,P0021,2,51323.0,25
OD005172,O02944,P0087,2,6958.0,10
OD005173,O02944,P0044,1,488.0,0
OD005174,O02945,P0120,1,1825.0,5
OD005175,O02946,P0132,3,6274.0,0
OD005176,O02946,P0146,3,53886.0,0
OD005177,O02947,P0108,3,2690.0,0
OD005178,O02947,P0023,2,50020.0,10
OD005179,O02948,P0076,1,894.0,5
OD005180,O02948,P0008,2,30393.0,5
OD005181,O02949,P0011,4,21879.0,15
OD005182,O02949,P0108,4,2690.0,15
OD005183,O02950,P0071,1,4311.0,15
OD005184,O02950,P0026,2,33587.0,25
OD005185,O02950,P0023,3,50020.0,0
OD005186,O02951,P0006,3,80407.0,0
OD005187,O02951,P0019,2,7506.0,20
OD005188,O02951,P0051,2,6426.0,25
OD005189,O02952,P0153,3,26414.0,5
OD005190,O02953,P0025,1,81340.0,25
OD005191,O02954,P0044,2,488.0,0
OD005192,O02955,P0062,2,11980.0,20
OD005193,O02955,P0154,1,58654.0,0
OD005194,O02956,P0006,4,80407.0,5
OD005195,O02957,P0108,1,2690.0,20
OD005196,O02957,P0117,1,948.0,10
OD005197,O02958,P0149,1,6514.0,25
OD005198,O02958,P0115,3,2578.0,0
OD005199,O02958,P0010,2,56892.0,5
OD005200,O02959,P0098,1,565.0,0
OD005201,O02959,P0145,4,38085.0,25
OD005202,O02959,P0012,4,14896.0,0
OD005203,O02960,P0014,4,80631.0,15
OD005204,O02961,P0028,4,30285.0,0
OD005205,O02961,P0059,2,9307.0,25
OD005206,O02961,P0068,2,1904.0,0
OD005207,O02962,P0056,1,9595.0,0
OD005208,O02962,P0040,4,2804.0,10
OD005209,O02962,P0091,4,4973.0,10
OD005210,O02963,P0038,2,2566.0,5
OD005211,O02964,P0017,1,39927.0,5
OD005212,O02964,P0024,4,89341.0,0
OD005213,O02965,P0107,4,1172.0,25
OD005214,O02966,P0058,2,2360.0,10
OD005215,O02967,P0028,4,30285.0,0
OD005216,O02967,P0135,4,10468.0,10
OD005217,O02968,P0085,4,8130.0,0
OD005218,O02969,P0132,4,6274.0,10
OD005219,O02970,P0013,4,14176.0,20
OD005220,O02970,P0016,3,51115.0,10
OD005221,O02971,P0047,3,7733.0,10
OD005222,O02972,P0124,3,129.0,0
OD005223,O02973,P0095,3,1298.0,10
OD005224,O02974,P0046,2,5108.0,10
OD005225,O02974,P0091,2,4973.0,15
OD005226,O02975,P0006,1,80407.0,0
OD005227,O02975,P0053,3,5610.0,0
OD005228,O02976,P0126,1,4619.0,0
OD005229,O02976,P0127,3,458.0,15
OD005230,O02977,P0007,2,27562.0,5
OD005231,O02978,P0055,3,4223.0,0
OD005232,O02978,P0038,3,2566.0,20
OD005233,O02979,P0147,4,5117.0,20
OD005234,O02980,P0129,3,890.0,0
OD005235,O02980,P0011,4,21879.0,25
OD005236,O02980,P0009,1,37963.0,25
OD005237,O02980,P0142,2,41501.0,25
OD005238,O02981,P0136,1,2962.0,5
OD005239,O02981,P0040,3,2804.0,15
OD005240,O02982,P0066,1,5839.0,0
OD005241,O02983,P0030,3,54081.0,25
OD005242,O02983,P0074,4,3972.0,0
OD005243,O02984,P0023,3,50020.0,10
OD005244,O02985,P0150,2,58459.0,5
OD005245,O02986,P0152,2,16657.0,5
OD005246,O02986,P0112,3,1185.0,10
OD005247,O02987,P0097,3,4219.0,20
OD005248,O02988,P0128,1,11621.0,10
OD005249,O02989,P0118,3,1045.0,20
OD005250,O02989,P0108,2,2690.0,15
OD005251,O02989,P0132,2,6274.0,25
OD005252,O02990,P0080,2,34091.0,0
OD005253,O02990,P0144,3,44525.0,0
OD005254,O02991,P0034,4,36218.0,0
OD005255,O02992,P0077,4,57019.0,0
OD005256,O02992,P0049,4,2043.0,20
OD005257,O02993,P0012,3,14896.0,20
OD005258,O02993,P0102,4,4842.0,0
OD005259,O02993,P0058,2,2360.0,20
OD005260,O02993,P0141,1,27658.0,5
OD005261,O02994,P0149,3,6514.0,10
OD005262,O02994,P0034,4,36218.0,25
OD005263,O02995,P0029,2,31521.0,15
OD005264,O02995,P0057,1,8262.0,5
OD005265,O02996,P0011,2,21879.0,0
OD005266,O02996,P0021,3,51323.0,0
OD005267,O02996,P0028,2,30285.0,5
OD005268,O02997,P0003,1,12895.0,15
OD005269,O02998,P0061,2,3770.0,10
OD005270,O02999,P0132,1,6274.0,25
OD005271,O02999,P0019,3,7506.0,10
OD005272,O02999,P0123,3,3569.0,10
OD005273,O03000,P0119,2,1373.0,10
OD005274,O03001,P0129,2,890.0,0
OD005275,O03001,P0095,3,1298.0,0
OD005276,O03002,P0065,2,4361.0,10
OD005277,O03003,P0150,1,58459.0,5
OD005278,O03004,P0140,2,6575.0,25
OD005279,O03004,P0075,2,3434.0,15
OD005280,O03004,P0141,4,27658.0,5
OD005281,O03005,P0140,3,6575.0,0
OD005282,O03006,P0113,4,2101.0,25
OD005283,O03007,P0069,3,582.0,20
OD005284,O03007,P0037,1,6843.0,15
OD005285,O03007,P0136,4,2962.0,0
OD005286,O03007,P0006,1,80407.0,5
OD005287,O03008,P0033,3,85759.0,0
OD005288,O03009,P0112,2,1185.0,25
OD005289,O03009,P0118,4,1045.0,25
OD005290,O03010,P0069,3,582.0,5
OD005291,O03011,P0074,4,3972.0,0
OD005292,O03012,P0062,2,11980.0,5
OD005293,O03012,P0113,1,2101.0,0
OD005294,O03013,P0079,4,54272.0,0
OD005295,O03013,P0021,3,51323.0,15
OD005296,O03013,P0057,4,8262.0,5
OD005297,O03014,P0143,1,4601.0,15
OD005298,O03015,P0035,1,75079.0,25
OD005299,O03016,P0145,1,38085.0,0
OD005300,O03017,P0149,4,6514.0,0
OD005301,O03018,P0152,1,16657.0,5
OD005302,O03018,P0057,2,8262.0,15
OD005303,O03019,P0084,1,59582.0,25
OD005304,O03020,P0128,3,11621.0,20
OD005305,O03020,P0123,3,3569.0,0
OD005306,O03020,P0140,1,6575.0,15
OD005307,O03021,P0113,2,2101.0,10
OD005308,O03021,P0015,2,61717.0,0
OD005309,O03021,P0079,2,54272.0,0
OD005310,O03022,P0145,1,38085.0,15
OD005311,O03023,P0131,4,2388.0,15
OD005312,O03024,P0127,2,458.0,25
OD005313,O03025,P0009,3,37963.0,10
OD005314,O03026,P0055,1,4223.0,25
OD005315,O03027,P0078,4,8600.0,15
OD005316,O03027,P0121,2,2262.0,0
OD005317,O03028,P0086,3,13724.0,0
OD005318,O03028,P0030,1,54081.0,0
OD005319,O03028,P0048,3,8501.0,25
OD005320,O03029,P0045,1,4671.0,15
OD005321,O03030,P0088,4,3802.0,0
OD005322,O03030,P0147,1,5117.0,0
OD005323,O03031,P0152,1,16657.0,10
OD005324,O03031,P0102,4,4842.0,0
OD005325,O03031,P0100,1,656.0,20
OD005326,O03032,P0014,3,80631.0,5
OD005327,O03033,P0142,1,41501.0,15
OD005328,O03033,P0035,2,75079.0,10
OD005329,O03034,P0016,1,51115.0,15
OD005330,O03035,P0111,4,1846.0,25
OD005331,O03036,P0132,3,6274.0,20
OD005332,O03036,P0073,2,1183.0,0
OD005333,O03037,P0148,4,24905.0,10
OD005334,O03037,P0010,1,56892.0,0
OD005335,O03037,P0100,3,656.0,0
OD005336,O03038,P0013,2,14176.0,10
OD005337,O03038,P0041,3,10071.0,10
OD005338,O03038,P0022,1,84820.0,20
OD005339,O03039,P0063,1,11304.0,0
OD005340,O03040,P0107,2,1172.0,25
OD005341,O03040,P0049,3,2043.0,0
OD005342,O03041,P0113,1,2101.0,10
OD005343,O03042,P0098,1,565.0,15
OD005344,O03042,P0141,4,27658.0,20
OD005345,O03043,P0028,3,30285.0,5
OD005346,O03044,P0073,2,1183.0,0
OD005347,O03044,P0038,4,2566.0,0
OD005348,O03044,P0128,3,11621.0,20
OD005349,O03045,P0068,3,1904.0,10
OD005350,O03045,P0130,3,9352.0,0
OD005351,O03046,P0027,2,51235.0,10
OD005352,O03047,P0131,2,2388.0,0
OD005353,O03047,P0030,1,54081.0,0
OD005354,O03048,P0080,1,34091.0,10
OD005355,O03048,P0028,2,30285.0,0
OD005356,O03049,P0150,3,58459.0,0
OD005357,O03049,P0026,1,33587.0,20
OD005358,O03050,P0140,1,6575.0,0
OD005359,O03050,P0131,2,2388.0,15
OD005360,O03050,P0142,4,41501.0,0
OD005361,O03051,P0076,1,894.0,10
OD005362,O03052,P0128,4,11621.0,5
OD005363,O03052,P0124,2,129.0,10
OD005364,O03053,P0116,1,164.0,5
OD005365,O03053,P0049,3,2043.0,5
OD005366,O03054,P0053,2,5610.0,10
OD005367,O03055,P0013,2,14176.0,20
OD005368,O03056,P0044,4,488.0,0
OD005369,O03057,P0151,2,58699.0,25
OD005370,O03057,P0026,2,33587.0,25
OD005371,O03058,P0056,3,9595.0,0
OD005372,O03058,P0153,2,26414.0,20
OD005373,O03058,P0015,4,61717.0,10
OD005374,O03058,P0008,3,30393.0,5
OD005375,O03059,P0081,3,71792.0,0
OD005376,O03059,P0100,3,656.0,25
OD005377,O03060,P0081,2,71792.0,0
OD005378,O03061,P0048,3,8501.0,0
OD005379,O03061,P0018,3,77174.0,25
OD005380,O03062,P0141,2,27658.0,0
OD005381,O03063,P0061,1,3770.0,25
OD005382,O03063,P0020,3,11958.0,0
OD005383,O03064,P0113,1,2101.0,10
OD005384,O03065,P0056,4,9595.0,0
OD005385,O03065,P0024,3,89341.0,0
OD005386,O03065,P0114,3,1392.0,0
OD005387,O03066,P0026,2,33587.0,20
OD005388,O03066,P0063,4,11304.0,0
OD005389,O03067,P0060,1,8945.0,20
OD005390,O03068,P0072,3,4076.0,20
OD005391,O03069,P0147,2,5117.0,0
OD005392,O03069,P0043,1,8969.0,20
OD005393,O03070,P0009,3,37963.0,0
OD005394,O03071,P0016,3,51115.0,10
OD005395,O03072,P0020,3,11958.0,25
OD005396,O03073,P0003,4,12895.0,5
OD005397,O03074,P0083,3,62137.0,15
OD005398,O03075,P0118,1,1045.0,20
OD005399,O03076,P0148,4,24905.0,15
OD005400,O03077,P0132,3,6274.0,20
OD005401,O03077,P0138,3,55464.0,0
OD005402,O03078,P0064,1,8779.0,25
OD005403,O03079,P0017,4,39927.0,25
OD005404,O03080,P0154,2,58654.0,10
OD005405,O03080,P0139,2,22366.0,25
OD005406,O03081,P0060,3,8945.0,0
OD005407,O03081,P0029,3,31521.0,5
OD005408,O03082,P0031,3,29153.0,0
OD005409,O03082,P0017,4,39927.0,0
OD005410,O03083,P0040,3,2804.0,20
OD005411,O03084,P0123,3,3569.0,0
OD005412,O03084,P0154,4,58654.0,15
OD005413,O03084,P0052,3,8989.0,25
OD005414,O03084,P0080,1,34091.0,5
OD005415,O03085,P0020,1,11958.0,15
OD005416,O03085,P0121,2,2262.0,15
OD005417,O03086,P0156,1,58031.0,20
OD005418,O03087,P0148,3,24905.0,25
OD005419,O03088,P0134,3,6094.0,5
OD005420,O03089,P0114,3,1392.0,0
OD005421,O03090,P0042,2,6552.0,5
OD005422,O03090,P0113,1,2101.0,5
OD005423,O03091,P0031,3,29153.0,5
OD005424,O03091,P0072,3,4076.0,0
OD005425,O03091,P0035,4,75079.0,0
OD005426,O03091,P0142,3,41501.0,5
OD005427,O03092,P0135,4,10468.0,5
OD005428,O03093,P0140,1,6575.0,0
OD005429,O03094,P0093,4,3411.0,10
OD005430,O03095,P0022,3,84820.0,10
OD005431,O03096,P0048,2,8501.0,20
OD005432,O03096,P0021,4,51323.0,0
OD005433,O03097,P0122,1,2157.0,15
OD005434,O03098,P0107,1,1172.0,10
OD005435,O03099,P0064,4,8779.0,10
OD005436,O03100,P0063,4,11304.0,5
OD005437,O03100,P0044,4,488.0,0
OD005438,O03101,P0156,1,58031.0,5
OD005439,O03101,P0064,3,8779.0,0
OD005440,O03102,P0043,2,8969.0,15
OD005441,O03103,P0035,1,75079.0,0
OD005442,O03103,P0113,1,2101.0,10
OD005443,O03104,P0007,4,27562.0,10
OD005444,O03104,P0010,4,56892.0,10
OD005445,O03104,P0149,2,6514.0,0
OD005446,O03105,P0082,2,56796.0,0
OD005447,O03106,P0017,4,39927.0,20
OD005448,O03106,P0154,1,58654.0,15
OD005449,O03106,P0053,1,5610.0,15
OD005450,O03107,P0126,4,4619.0,0
OD005451,O03108,P0118,2,1045.0,10
OD005452,O03109,P0086,1,13724.0,0
OD005453,O03109,P0078,3,8600.0,25
OD005454,O03110,P0058,4,2360.0,25
OD005455,O03110,P0144,4,44525.0,20
OD005456,O03110,P0149,1,6514.0,0
OD005457,O03111,P0049,4,2043.0,0
OD005458,O03112,P0139,1,22366.0,25
OD005459,O03112,P0040,2,2804.0,0
OD005460,O03113,P0067,4,4637.0,25
OD005461,O03114,P0095,3,1298.0,0
OD005462,O03114,P0054,3,2132.0,0
OD005463,O03115,P0064,4,8779.0,0
OD005464,O03115,P0009,3,37963.0,0
OD005465,O03116,P0034,3,36218.0,25
OD005466,O03116,P0125,3,2245.0,10
OD005467,O03117,P0110,2,919.0,0
OD005468,O03118,P0051,3,6426.0,5
OD005469,O03118,P0122,4,2157.0,15
OD005470,O03119,P0145,3,38085.0,10
OD005471,O03120,P0079,4,54272.0,0
OD005472,O03120,P0156,4,58031.0,0
OD005473,O03121,P0060,3,8945.0,10
OD005474,O03122,P0095,1,1298.0,10
OD005475,O03122,P0093,3,3411.0,0
OD005476,O03123,P0032,3,29369.0,0
OD005477,O03124,P0091,3,4973.0,15
OD005478,O03124,P0017,1,39927.0,0
OD005479,O03125,P0119,1,1373.0,0
OD005480,O03126,P0119,3,1373.0,0
OD005481,O03126,P0031,4,29153.0,20
OD005482,O03127,P0090,4,6696.0,25
OD005483,O03128,P0091,2,4973.0,25
OD005484,O03128,P0087,3,6958.0,10
OD005485,O03129,P0133,2,3741.0,10
OD005486,O03130,P0103,4,771.0,0
OD005487,O03131,P0118,3,1045.0,0
OD005488,O03131,P0133,4,3741.0,5
OD005489,O03131,P0013,4,14176.0,15
OD005490,O03132,P0072,3,4076.0,10
OD005491,O03132,P0047,4,7733.0,10
OD005492,O03133,P0119,4,1373.0,25
OD005493,O03133,P0092,2,11144.0,20
OD005494,O03134,P0048,1,8501.0,10
OD005495,O03134,P0154,2,58654.0,0
OD005496,O03134,P0084,3,59582.0,0
OD005497,O03135,P0041,4,10071.0,20
OD005498,O03135,P0076,1,894.0,25
OD005499,O03136,P0106,4,2055.0,0
OD005500,O03137,P0066,1,5839.0,20
OD005501,O03137,P0121,3,2262.0,5
OD005502,O03138,P0150,3,58459.0,0
OD005503,O03138,P0111,2,1846.0,10
OD005504,O03139,P0093,1,3411.0,0
OD005505,O03140,P0095,2,1298.0,0
OD005506,O03141,P0086,4,13724.0,20
OD005507,O03142,P0115,2,2578.0,20
OD005508,O03143,P0117,1,948.0,20
OD005509,O03143,P0010,1,56892.0,0
OD005510,O03144,P0019,4,7506.0,0
OD005511,O03144,P0141,4,27658.0,15
OD005512,O03144,P0087,2,6958.0,10
OD005513,O03145,P0069,3,582.0,0
OD005514,O03146,P0058,4,2360.0,0
OD005515,O03146,P0141,1,27658.0,10
OD005516,O03146,P0039,2,1789.0,25
OD005517,O03146,P0122,1,2157.0,20
OD005518,O03147,P0101,4,1082.0,20
OD005519,O03147,P0125,4,2245.0,0
OD005520,O03147,P0136,2,2962.0,20
OD005521,O03148,P0004,3,5665.0,10
OD005522,O03149,P0011,1,21879.0,15
OD005523,O03150,P0143,2,4601.0,0
OD005524,O03150,P0129,3,890.0,25
OD005525,O03151,P0129,4,890.0,10
OD005526,O03152,P0110,2,919.0,10
OD005527,O03152,P0084,4,59582.0,0
OD005528,O03152,P0031,3,29153.0,15
OD005529,O03153,P0062,2,11980.0,0
OD005530,O03153,P0025,2,81340.0,15
OD005531,O03153,P0032,1,29369.0,15
OD005532,O03154,P0105,1,2236.0,10
OD005533,O03154,P0127,3,458.0,0
OD005534,O03155,P0077,2,57019.0,15
OD005535,O03155,P0030,1,54081.0,5
OD005536,O03156,P0046,4,5108.0,5
OD005537,O03157,P0008,2,30393.0,0
OD005538,O03158,P0008,1,30393.0,15
OD005539,O03158,P0020,4,11958.0,20
OD005540,O03159,P0012,3,14896.0,10
OD005541,O03160,P0116,3,164.0,5
OD005542,O03160,P0109,2,3854.0,10
OD005543,O03161,P0082,1,56796.0,15
OD005544,O03162,P0004,3,5665.0,5
OD005545,O03162,P0147,3,5117.0,5
OD005546,O03162,P0078,2,8600.0,25
OD005547,O03162,P0128,4,11621.0,0
OD005548,O03163,P0098,1,565.0,10
OD005549,O03164,P0154,1,58654.0,5
OD005550,O03164,P0127,1,458.0,10
OD005551,O03165,P0070,2,357.0,0
OD005552,O03166,P0111,4,1846.0,25
OD005553,O03167,P0063,4,11304.0,10
OD005554,O03167,P0038,3,2566.0,10
OD005555,O03168,P0046,2,5108.0,15
OD005556,O03168,P0016,1,51115.0,10
OD005557,O03168,P0118,1,1045.0,0
OD005558,O03169,P0043,3,8969.0,10
OD005559,O03170,P0097,1,4219.0,10
OD005560,O03170,P0032,2,29369.0,10
OD005561,O03170,P0123,1,3569.0,25
OD005562,O03170,P0025,4,81340.0,25
OD005563,O03171,P0088,3,3802.0,10
OD005564,O03172,P0084,2,59582.0,10
OD005565,O03173,P0007,4,27562.0,0
OD005566,O03173,P0132,3,6274.0,25
OD005567,O03173,P0056,4,9595.0,0
OD005568,O03174,P0021,2,51323.0,10
OD005569,O03174,P0015,4,61717.0,0
OD005570,O03174,P0010,1,56892.0,15
OD005571,O03175,P0117,3,948.0,10
OD005572,O03175,P0076,1,894.0,10
OD005573,O03176,P0017,4,39927.0,10
OD005574,O03177,P0099,2,1622.0,20
OD005575,O03178,P0055,3,4223.0,10
OD005576,O03178,P0011,2,21879.0,0
OD005577,O03178,P0112,2,1185.0,20
OD005578,O03179,P0103,3,771.0,10
OD005579,O03179,P0040,3,2804.0,25
OD005580,O03179,P0006,1,80407.0,0
OD005581,O03180,P0087,4,6958.0,15
OD005582,O03180,P0033,2,85759.0,0
OD005583,O03181,P0046,3,5108.0,15
OD005584,O03182,P0094,4,1258.0,10
OD005585,O03182,P0039,4,1789.0,0
OD005586,O03183,P0093,4,3411.0,10
OD005587,O03184,P0136,2,2962.0,0
OD005588,O03185,P0135,3,10468.0,20
OD005589,O03185,P0015,1,61717.0,25
OD005590,O03185,P0034,1,36218.0,0
OD005591,O03186,P0041,1,10071.0,0
OD005592,O03187,P0001,4,37548.0,0
OD005593,O03187,P0092,3,11144.0,0
OD005594,O03188,P0105,3,2236.0,5
OD005595,O03188,P0066,4,5839.0,10
OD005596,O03189,P0103,1,771.0,0
OD005597,O03189,P0059,4,9307.0,25
OD005598,O03190,P0078,2,8600.0,0
OD005599,O03191,P0102,1,4842.0,10
OD005600,O03191,P0146,1,53886.0,10
OD005601,O03192,P0105,1,2236.0,25
OD005602,O03192,P0059,1,9307.0,10
OD005603,O03192,P0142,1,41501.0,5
OD005604,O03193,P0025,1,81340.0,10
OD005605,O03194,P0096,1,1121.0,0
OD005606,O03194,P0016,3,51115.0,15
OD005607,O03194,P0058,2,2360.0,10
OD005608,O03194,P0002,4,19789.0,0
OD005609,O03195,P0040,1,2804.0,5
OD005610,O03195,P0016,1,51115.0,0
OD005611,O03196,P0107,4,1172.0,10
OD005612,O03197,P0025,2,81340.0,0
OD005613,O03198,P0096,3,1121.0,15
OD005614,O03199,P0087,4,6958.0,10
OD005615,O03199,P0089,2,2997.0,25
OD005616,O03199,P0056,1,9595.0,0
OD005617,O03199,P0050,3,10277.0,25
OD005618,O03200,P0086,4,13724.0,0
OD005619,O03200,P0126,1,4619.0,20
OD005620,O03200,P0042,3,6552.0,25
OD005621,O03201,P0071,3,4311.0,10
OD005622,O03201,P0050,1,10277.0,0
OD005623,O03201,P0150,4,58459.0,0
OD005624,O03202,P0022,2,84820.0,0
OD005625,O03202,P0110,2,919.0,5
OD005626,O03202,P0016,1,51115.0,10
OD005627,O03203,P0144,3,44525.0,15
OD005628,O03203,P0065,3,4361.0,20
OD005629,O03204,P0061,1,3770.0,15
OD005630,O03204,P0046,4,5108.0,10
OD005631,O03205,P0150,1,58459.0,5
OD005632,O03206,P0155,3,72075.0,0
OD005633,O03207,P0051,4,6426.0,10
OD005634,O03208,P0149,4,6514.0,10
OD005635,O03208,P0134,3,6094.0,0
OD005636,O03209,P0009,2,37963.0,10
OD005637,O03209,P0025,2,81340.0,0
OD005638,O03210,P0039,2,1789.0,0
OD005639,O03210,P0081,4,71792.0,0
OD005640,O03211,P0045,4,4671.0,15
OD005641,O03211,P0147,3,5117.0,0
OD005642,O03211,P0049,2,2043.0,15
OD005643,O03211,P0105,1,2236.0,5
OD005644,O03212,P0112,3,1185.0,10
OD005645,O03212,P0135,4,10468.0,10
OD005646,O03213,P0005,4,30157.0,0
OD005647,O03214,P0094,1,1258.0,10
OD005648,O03214,P0127,2,458.0,5
OD005649,O03215,P0072,1,4076.0,25
OD005650,O03216,P0069,3,582.0,10
OD005651,O03217,P0005,4,30157.0,25
OD005652,O03217,P0108,3,2690.0,25
OD005653,O03217,P0131,1,2388.0,0
OD005654,O03218,P0103,4,771.0,10
OD005655,O03219,P0026,2,33587.0,0
OD005656,O03220,P0038,4,2566.0,0
OD005657,O03221,P0123,4,3569.0,0
OD005658,O03221,P0026,2,33587.0,5
OD005659,O03221,P0118,4,1045.0,25
OD005660,O03221,P0003,2,12895.0,0
OD005661,O03222,P0011,4,21879.0,10
OD005662,O03222,P0005,2,30157.0,10
OD005663,O03222,P0156,1,58031.0,25
OD005664,O03223,P0008,3,30393.0,10
OD005665,O03224,P0094,4,1258.0,25
OD005666,O03224,P0130,1,9352.0,0
OD005667,O03225,P0029,2,31521.0,25
OD005668,O03225,P0110,1,919.0,0
OD005669,O03225,P0056,4,9595.0,20
OD005670,O03226,P0137,1,4748.0,15
OD005671,O03227,P0145,3,38085.0,10
OD005672,O03228,P0129,1,890.0,0
OD005673,O03228,P0018,4,77174.0,10
OD005674,O03228,P0115,3,2578.0,20
OD005675,O03229,P0153,3,26414.0,5
OD005676,O03230,P0049,3,2043.0,5
OD005677,O03231,P0035,1,75079.0,5
OD005678,O03231,P0040,2,2804.0,5
OD005679,O03232,P0084,1,59582.0,25
OD005680,O03232,P0095,4,1298.0,15
OD005681,O03233,P0110,1,919.0,15
OD005682,O03233,P0055,4,4223.0,20
OD005683,O03233,P0131,3,2388.0,20
OD005684,O03233,P0009,4,37963.0,0
OD005685,O03234,P0059,1,9307.0,0
OD005686,O03234,P0050,1,10277.0,10
OD005687,O03235,P0059,2,9307.0,25
OD005688,O03236,P0016,4,51115.0,25
OD005689,O03237,P0101,1,1082.0,0
OD005690,O03238,P0111,4,1846.0,20
OD005691,O03238,P0075,4,3434.0,10
OD005692,O03239,P0091,2,4973.0,10
OD005693,O03239,P0125,2,2245.0,0
OD005694,O03240,P0070,2,357.0,0
OD005695,O03241,P0070,2,357.0,10
OD005696,O03242,P0099,4,1622.0,20
OD005697,O03242,P0020,4,11958.0,0
OD005698,O03242,P0115,4,2578.0,20
OD005699,O03243,P0030,4,54081.0,10
OD005700,O03244,P0154,1,58654.0,25
OD005701,O03245,P0072,3,4076.0,0
OD005702,O03245,P0080,1,34091.0,0
OD005703,O03246,P0142,3,41501.0,25
OD005704,O03246,P0108,3,2690.0,15
OD005705,O03246,P0069,1,582.0,5
OD005706,O03247,P0080,2,34091.0,25
OD005707,O03247,P0070,2,357.0,15
OD005708,O03248,P0099,4,1622.0,25
OD005709,O03248,P0032,3,29369.0,0
OD005710,O03249,P0014,1,80631.0,10
OD005711,O03249,P0095,4,1298.0,10
OD005712,O03249,P0069,2,582.0,10
OD005713,O03250,P0015,3,61717.0,20
OD005714,O03250,P0008,4,30393.0,0
OD005715,O03251,P0002,2,19789.0,0
OD005716,O03251,P0050,3,10277.0,5
OD005717,O03251,P0053,2,5610.0,0
OD005718,O03252,P0107,3,1172.0,10
OD005719,O03253,P0127,4,458.0,20
OD005720,O03254,P0009,3,37963.0,15
OD005721,O03254,P0019,4,7506.0,20
OD005722,O03255,P0002,1,19789.0,25
OD005723,O03255,P0134,4,6094.0,5
OD005724,O03256,P0109,1,3854.0,5
OD005725,O03256,P0062,3,11980.0,10
OD005726,O03257,P0043,3,8969.0,0
OD005727,O03257,P0033,1,85759.0,0
OD005728,O03258,P0045,3,4671.0,20
OD005729,O03258,P0111,2,1846.0,5
OD005730,O03259,P0133,3,3741.0,0
OD005731,O03259,P0131,1,2388.0,10
OD005732,O03259,P0100,4,656.0,5
OD005733,O03259,P0084,4,59582.0,20
OD005734,O03260,P0098,2,565.0,15
OD005735,O03260,P0036,2,78122.0,25
OD005736,O03261,P0155,4,72075.0,10
OD005737,O03261,P0132,3,6274.0,20
OD005738,O03261,P0153,4,26414.0,0
OD005739,O03262,P0012,2,14896.0,0
OD005740,O03262,P0103,1,771.0,0
OD005741,O03263,P0049,1,2043.0,0
OD005742,O03263,P0154,1,58654.0,0
OD005743,O03264,P0114,2,1392.0,25
OD005744,O03264,P0050,4,10277.0,15
OD005745,O03265,P0042,4,6552.0,0
OD005746,O03265,P0075,3,3434.0,0
OD005747,O03266,P0113,3,2101.0,10
OD005748,O03267,P0060,1,8945.0,15
OD005749,O03268,P0046,1,5108.0,25
OD005750,O03269,P0152,3,16657.0,10
OD005751,O03270,P0123,4,3569.0,0
OD005752,O03270,P0069,3,582.0,0
OD005753,O03271,P0102,4,4842.0,10
OD005754,O03271,P0144,4,44525.0,15
OD005755,O03272,P0047,2,7733.0,10
OD005756,O03273,P0145,2,38085.0,0
OD005757,O03273,P0090,3,6696.0,0
OD005758,O03273,P0103,4,771.0,0
OD005759,O03274,P0125,2,2245.0,10
OD005760,O03274,P0147,1,5117.0,0
OD005761,O03275,P0047,3,7733.0,5
OD005762,O03275,P0029,2,31521.0,10
OD005763,O03276,P0095,4,1298.0,20
OD005764,O03277,P0129,4,890.0,20
OD005765,O03278,P0138,2,55464.0,10
OD005766,O03279,P0036,2,78122.0,15
OD005767,O03279,P0133,3,3741.0,25
OD005768,O03279,P0109,4,3854.0,10
OD005769,O03280,P0138,1,55464.0,0
OD005770,O03281,P0021,4,51323.0,0
OD005771,O03282,P0040,4,2804.0,20
OD005772,O03283,P0050,2,10277.0,25
OD005773,O03284,P0086,4,13724.0,0
OD005774,O03285,P0131,1,2388.0,20
OD005775,O03285,P0028,3,30285.0,15
OD005776,O03285,P0121,4,2262.0,15
OD005777,O03286,P0143,4,4601.0,10
OD005778,O03286,P0007,4,27562.0,0
OD005779,O03287,P0059,1,9307.0,20
OD005780,O03287,P0125,1,2245.0,0
OD005781,O03288,P0066,2,5839.0,10
OD005782,O03289,P0098,2,565.0,0
OD005783,O03290,P0010,3,56892.0,5
OD005784,O03291,P0104,3,4730.0,0
OD005785,O03292,P0145,3,38085.0,25
OD005786,O03292,P0082,4,56796.0,15
OD005787,O03292,P0059,4,9307.0,5
OD005788,O03293,P0125,1,2245.0,20
OD005789,O03294,P0122,1,2157.0,0
OD005790,O03294,P0041,4,10071.0,0
OD005791,O03294,P0055,2,4223.0,10
OD005792,O03294,P0072,4,4076.0,15
OD005793,O03295,P0032,4,29369.0,0
OD005794,O03296,P0060,4,8945.0,0
OD005795,O03297,P0099,2,1622.0,15
OD005796,O03298,P0122,2,2157.0,0
OD005797,O03298,P0109,4,3854.0,0
OD005798,O03299,P0131,4,2388.0,10
OD005799,O03299,P0095,4,1298.0,10
OD005800,O03299,P0148,3,24905.0,5
OD005801,O03300,P0128,1,11621.0,10
OD005802,O03300,P0020,1,11958.0,10
OD005803,O03301,P0055,4,4223.0,5
OD005804,O03302,P0038,1,2566.0,15
OD005805,O03302,P0021,2,51323.0,15
OD005806,O03302,P0047,2,7733.0,0
OD005807,O03302,P0122,1,2157.0,10
OD005808,O03303,P0064,4,8779.0,10
OD005809,O03303,P0025,1,81340.0,20
OD005810,O03304,P0058,1,2360.0,10
OD005811,O03304,P0128,1,11621.0,0
OD005812,O03305,P0039,3,1789.0,5
OD005813,O03306,P0075,4,3434.0,5
OD005814,O03306,P0045,4,4671.0,10
OD005815,O03306,P0062,2,11980.0,20
OD005816,O03307,P0151,2,58699.0,10
OD005817,O03307,P0050,4,10277.0,20
OD005818,O03307,P0114,4,1392.0,20
OD005819,O03308,P0014,3,80631.0,10
OD005820,O03308,P0008,3,30393.0,25
OD005821,O03309,P0033,1,85759.0,20
OD005822,O03309,P0073,1,1183.0,0
OD005823,O03310,P0018,4,77174.0,0
OD005824,O03310,P0125,3,2245.0,10
OD005825,O03311,P0026,2,33587.0,20
OD005826,O03311,P0098,1,565.0,0
OD005827,O03312,P0088,2,3802.0,5
OD005828,O03312,P0151,1,58699.0,5
OD005829,O03313,P0100,4,656.0,25
OD005830,O03313,P0101,2,1082.0,20
OD005831,O03313,P0090,3,6696.0,15
OD005832,O03313,P0017,1,39927.0,0
OD005833,O03314,P0022,4,84820.0,25
OD005834,O03315,P0056,3,9595.0,0
OD005835,O03315,P0001,3,37548.0,20
OD005836,O03315,P0026,4,33587.0,0
OD005837,O03316,P0116,1,164.0,25
OD005838,O03316,P0009,3,37963.0,0
OD005839,O03317,P0101,3,1082.0,0
OD005840,O03317,P0069,3,582.0,15
OD005841,O03318,P0113,4,2101.0,15
OD005842,O03318,P0057,3,8262.0,10
OD005843,O03319,P0056,2,9595.0,0
OD005844,O03319,P0034,2,36218.0,10
OD005845,O03320,P0014,2,80631.0,25
OD005846,O03321,P0102,4,4842.0,0
OD005847,O03322,P0053,4,5610.0,5
OD005848,O03322,P0059,1,9307.0,0
OD005849,O03322,P0085,2,8130.0,25
OD005850,O03323,P0059,2,9307.0,5
OD005851,O03323,P0075,2,3434.0,10
OD005852,O03324,P0042,4,6552.0,25
OD005853,O03324,P0100,4,656.0,0
OD005854,O03324,P0099,3,1622.0,5
OD005855,O03324,P0087,3,6958.0,15
OD005856,O03325,P0122,2,2157.0,15
OD005857,O03326,P0095,3,1298.0,20
OD005858,O03326,P0135,3,10468.0,15
OD005859,O03327,P0029,3,31521.0,10
OD005860,O03328,P0136,2,2962.0,25
OD005861,O03329,P0006,1,80407.0,0
OD005862,O03330,P0035,3,75079.0,0
OD005863,O03330,P0044,1,488.0,25
OD005864,O03330,P0009,4,37963.0,10
OD005865,O03330,P0142,4,41501.0,10
OD005866,O03331,P0121,3,2262.0,0
OD005867,O03331,P0146,3,53886.0,25
OD005868,O03331,P0111,1,1846.0,0
OD005869,O03332,P0014,1,80631.0,0
OD005870,O03333,P0153,4,26414.0,20
OD005871,O03334,P0039,3,1789.0,10
OD005872,O03334,P0108,4,2690.0,15
OD005873,O03335,P0102,2,4842.0,20
OD005874,O03336,P0080,4,34091.0,15
OD005875,O03336,P0001,2,37548.0,15
OD005876,O03337,P0111,3,1846.0,15
OD005877,O03337,P0086,3,13724.0,5
OD005878,O03338,P0045,2,4671.0,10
OD005879,O03338,P0013,4,14176.0,20
OD005880,O03338,P0075,3,3434.0,15
OD005881,O03339,P0115,2,2578.0,20
OD005882,O03339,P0136,2,2962.0,0
OD005883,O03339,P0153,4,26414.0,0
OD005884,O03339,P0047,1,7733.0,0
OD005885,O03340,P0067,2,4637.0,5
OD005886,O03341,P0073,2,1183.0,25
OD005887,O03342,P0039,4,1789.0,5
OD005888,O03342,P0142,3,41501.0,10
OD005889,O03342,P0057,1,8262.0,10
OD005890,O03343,P0154,1,58654.0,10
OD005891,O03343,P0082,1,56796.0,10
OD005892,O03343,P0062,1,11980.0,10
OD005893,O03343,P0064,4,8779.0,0
OD005894,O03344,P0130,1,9352.0,20
OD005895,O03344,P0080,4,34091.0,0
OD005896,O03345,P0124,3,129.0,10
OD005897,O03345,P0041,4,10071.0,20
OD005898,O03346,P0093,4,3411.0,15
OD005899,O03347,P0036,3,78122.0,0
OD005900,O03348,P0130,1,9352.0,20
OD005901,O03348,P0142,3,41501.0,20
OD005902,O03349,P0017,2,39927.0,15
OD005903,O03349,P0085,4,8130.0,10
OD005904,O03349,P0028,2,30285.0,20
OD005905,O03349,P0014,3,80631.0,25
OD005906,O03350,P0015,3,61717.0,25
OD005907,O03351,P0067,3,4637.0,10
OD005908,O03351,P0004,4,5665.0,0
OD005909,O03352,P0024,3,89341.0,10
OD005910,O03353,P0048,4,8501.0,0
OD005911,O03354,P0120,2,1825.0,10
OD005912,O03354,P0018,2,77174.0,10
OD005913,O03354,P0149,4,6514.0,10
OD005914,O03355,P0056,4,9595.0,10
OD005915,O03356,P0020,2,11958.0,0
OD005916,O03357,P0067,3,4637.0,25
OD005917,O03358,P0106,3,2055.0,15
OD005918,O03359,P0130,1,9352.0,0
OD005919,O03359,P0100,4,656.0,10
OD005920,O03359,P0068,3,1904.0,20
OD005921,O03360,P0053,2,5610.0,0
OD005922,O03360,P0081,2,71792.0,0
OD005923,O03361,P0008,1,30393.0,0
OD005924,O03361,P0001,3,37548.0,0
OD005925,O03362,P0049,3,2043.0,0
OD005926,O03363,P0075,4,3434.0,10
OD005927,O03364,P0005,3,30157.0,0
OD005928,O03364,P0063,3,11304.0,0
OD005929,O03365,P0017,3,39927.0,10
OD005930,O03365,P0145,2,38085.0,10
OD005931,O03366,P0067,4,4637.0,0
OD005932,O03367,P0035,2,75079.0,5
OD005933,O03367,P0135,2,10468.0,0
OD005934,O03367,P0154,4,58654.0,10
OD005935,O03367,P0018,2,77174.0,5
OD005936,O03368,P0048,2,8501.0,10
OD005937,O03369,P0117,4,948.0,10
OD005938,O03369,P0123,1,3569.0,15
OD005939,O03370,P0007,2,27562.0,25
OD005940,O03370,P0026,2,33587.0,0
OD005941,O03370,P0049,4,2043.0,0
OD005942,O03370,P0070,4,357.0,25
OD005943,O03371,P0090,3,6696.0,20
OD005944,O03372,P0107,2,1172.0,20
OD005945,O03372,P0152,2,16657.0,20
OD005946,O03373,P0024,4,89341.0,5
OD005947,O03373,P0123,1,3569.0,20
OD005948,O03373,P0103,4,771.0,5
OD005949,O03374,P0027,2,51235.0,15
OD005950,O03374,P0099,4,1622.0,15
OD005951,O03375,P0081,4,71792.0,20
OD005952,O03376,P0144,3,44525.0,10
OD005953,O03376,P0060,1,8945.0,0
OD005954,O03377,P0085,3,8130.0,10
OD005955,O03377,P0121,3,2262.0,0
OD005956,O03378,P0060,2,8945.0,15
OD005957,O03379,P0097,1,4219.0,0
OD005958,O03380,P0023,4,50020.0,5
OD005959,O03381,P0043,2,8969.0,15
OD005960,O03381,P0052,3,8989.0,0
OD005961,O03382,P0155,2,72075.0,10
OD005962,O03383,P0052,2,8989.0,0
OD005963,O03384,P0005,3,30157.0,0
OD005964,O03385,P0142,4,41501.0,20
OD005965,O03385,P0059,1,9307.0,0
OD005966,O03386,P0048,3,8501.0,5
OD005967,O03387,P0009,4,37963.0,0
OD005968,O03387,P0020,3,11958.0,10
OD005969,O03388,P0006,4,80407.0,0
OD005970,O03388,P0055,3,4223.0,0
OD005971,O03389,P0149,3,6514.0,5
OD005972,O03390,P0055,1,4223.0,10
OD005973,O03390,P0130,2,9352.0,15
OD005974,O03391,P0033,4,85759.0,0
OD005975,O03392,P0024,2,89341.0,10
OD005976,O03393,P0004,4,5665.0,0
OD005977,O03394,P0025,2,81340.0,0
OD005978,O03395,P0101,4,1082.0,20
OD005979,O03396,P0104,2,4730.0,25
OD005980,O03397,P0141,4,27658.0,25
OD005981,O03398,P0134,4,6094.0,0
OD005982,O03399,P0078,2,8600.0,20
OD005983,O03399,P0060,3,8945.0,5
OD005984,O03399,P0021,4,51323.0,25
OD005985,O03400,P0123,1,3569.0,10
OD005986,O03400,P0135,2,10468.0,10
OD005987,O03401,P0122,4,2157.0,0
OD005988,O03402,P0012,1,14896.0,15
OD005989,O03403,P0140,1,6575.0,25
OD005990,O03403,P0150,3,58459.0,25
OD005991,O03404,P0080,4,34091.0,25
OD005992,O03405,P0138,2,55464.0,15
OD005993,O03406,P0061,1,3770.0,15
OD005994,O03406,P0155,4,72075.0,0
OD005995,O03407,P0096,4,1121.0,15
OD005996,O03408,P0153,4,26414.0,0
OD005997,O03409,P0009,4,37963.0,20
OD005998,O03409,P0140,3,6575.0,10
OD005999,O03409,P0001,3,37548.0,20
OD006000,O03410,P0095,3,1298.0,10
OD006001,O03410,P0012,1,14896.0,0
OD006002,O03411,P0063,4,11304.0,20
OD006003,O03412,P0036,2,78122.0,10
OD006004,O03412,P0035,1,75079.0,10
OD006005,O03412,P0062,1,11980.0,0
OD006006,O03413,P0118,1,1045.0,0
OD006007,O03414,P0098,3,565.0,10
OD006008,O03414,P0138,4,55464.0,0
OD006009,O03415,P0009,4,37963.0,25
OD006010,O03416,P0037,3,6843.0,20
OD006011,O03417,P0144,1,44525.0,25
OD006012,O03417,P0110,1,919.0,0
OD006013,O03418,P0151,1,58699.0,0
OD006014,O03419,P0038,1,2566.0,10
OD006015,O03419,P0002,1,19789.0,20
OD006016,O03420,P0077,3,57019.0,5
OD006017,O03420,P0137,1,4748.0,15
OD006018,O03421,P0048,1,8501.0,15
OD006019,O03422,P0028,1,30285.0,0
OD006020,O03422,P0020,3,11958.0,10
OD006021,O03423,P0077,4,57019.0,0
OD006022,O03423,P0107,2,1172.0,10
OD006023,O03424,P0012,3,14896.0,20
OD006024,O03425,P0128,3,11621.0,0
OD006025,O03425,P0113,1,2101.0,0
OD006026,O03426,P0148,3,24905.0,10
OD006027,O03426,P0009,3,37963.0,0
OD006028,O03426,P0006,2,80407.0,0
OD006029,O03427,P0030,1,54081.0,15
OD006030,O03427,P0059,1,9307.0,15
OD006031,O03428,P0127,3,458.0,5
OD006032,O03429,P0108,3,2690.0,25
OD006033,O03430,P0073,2,1183.0,15
OD006034,O03430,P0045,2,4671.0,25
OD006035,O03430,P0107,2,1172.0,15
OD006036,O03431,P0078,2,8600.0,0
OD006037,O03432,P0140,3,6575.0,25
OD006038,O03433,P0053,1,5610.0,20
OD006039,O03433,P0149,1,6514.0,25
OD006040,O03433,P0027,2,51235.0,5
OD006041,O03434,P0092,3,11144.0,0
OD006042,O03435,P0038,4,2566.0,15
OD006043,O03436,P0060,1,8945.0,0
OD006044,O03436,P0083,1,62137.0,10
OD006045,O03437,P0051,1,6426.0,10
OD006046,O03438,P0043,4,8969.0,20
OD006047,O03438,P0034,2,36218.0,10
OD006048,O03439,P0090,1,6696.0,15
OD006049,O03440,P0027,4,51235.0,0
OD006050,O03441,P0081,4,71792.0,5
OD006051,O03441,P0011,1,21879.0,20
OD006052,O03442,P0038,1,2566.0,15
OD006053,O03442,P0097,4,4219.0,25
OD006054,O03442,P0031,1,29153.0,5
OD006055,O03443,P0032,2,29369.0,25
OD006056,O03443,P0128,3,11621.0,15
OD006057,O03443,P0045,1,4671.0,0
OD006058,O03444,P0047,3,7733.0,0
OD006059,O03444,P0076,1,894.0,15
OD006060,O03445,P0019,3,7506.0,15
OD006061,O03446,P0033,2,85759.0,10
OD006062,O03447,P0090,1,6696.0,0
OD006063,O03448,P0033,2,85759.0,15
OD006064,O03448,P0105,1,2236.0,0
OD006065,O03448,P0050,4,10277.0,15
OD006066,O03449,P0090,4,6696.0,15
OD006067,O03449,P0086,2,13724.0,0
OD006068,O03450,P0041,3,10071.0,20
OD006069,O03450,P0135,3,10468.0,20
OD006070,O03451,P0084,1,59582.0,25
OD006071,O03452,P0006,4,80407.0,0
OD006072,O03453,P0152,2,16657.0,5
OD006073,O03454,P0140,3,6575.0,20
OD006074,O03455,P0088,4,3802.0,0
OD006075,O03456,P0153,2,26414.0,15
OD006076,O03456,P0001,1,37548.0,10
OD006077,O03456,P0113,3,2101.0,20
OD006078,O03457,P0006,4,80407.0,10
OD006079,O03458,P0062,3,11980.0,10
OD006080,O03459,P0106,3,2055.0,0
OD006081,O03459,P0142,4,41501.0,10
OD006082,O03460,P0077,3,57019.0,25
OD006083,O03461,P0035,2,75079.0,15
OD006084,O03461,P0090,3,6696.0,10
OD006085,O03462,P0063,1,11304.0,5
OD006086,O03463,P0069,4,582.0,25
OD006087,O03463,P0134,1,6094.0,10
OD006088,O03463,P0094,4,1258.0,15
OD006089,O03464,P0035,2,75079.0,25
OD006090,O03465,P0073,4,1183.0,5
OD006091,O03465,P0049,4,2043.0,10
OD006092,O03465,P0127,2,458.0,10
OD006093,O03466,P0142,4,41501.0,15
OD006094,O03466,P0129,1,890.0,20
OD006095,O03466,P0056,3,9595.0,0
OD006096,O03467,P0034,3,36218.0,10
OD006097,O03468,P0121,2,2262.0,15
OD006098,O03469,P0132,2,6274.0,10
OD006099,O03469,P0043,2,8969.0,10
OD006100,O03470,P0085,3,8130.0,10
OD006101,O03471,P0085,2,8130.0,0
OD006102,O03472,P0140,4,6575.0,0
OD006103,O03472,P0030,1,54081.0,5
OD006104,O03472,P0141,3,27658.0,0
OD006105,O03473,P0116,3,164.0,10
OD006106,O03473,P0132,1,6274.0,0
OD006107,O03473,P0143,3,4601.0,10
OD006108,O03474,P0061,3,3770.0,0
OD006109,O03474,P0075,4,3434.0,10
OD006110,O03474,P0126,1,4619.0,10
OD006111,O03475,P0017,1,39927.0,25
OD006112,O03476,P0037,2,6843.0,0
OD006113,O03476,P0054,4,2132.0,0
OD006114,O03476,P0028,4,30285.0,0
OD006115,O03477,P0149,2,6514.0,5
OD006116,O03478,P0083,2,62137.0,5
OD006117,O03479,P0030,1,54081.0,5
OD006118,O03480,P0141,4,27658.0,0
OD006119,O03481,P0022,2,84820.0,0
OD006120,O03482,P0026,2,33587.0,20
OD006121,O03482,P0128,4,11621.0,15
OD006122,O03482,P0104,4,4730.0,10
OD006123,O03483,P0027,3,51235.0,25
OD006124,O03484,P0079,1,54272.0,10
OD006125,O03484,P0091,4,4973.0,25
OD006126,O03485,P0104,4,4730.0,10
OD006127,O03485,P0009,2,37963.0,10
OD006128,O03485,P0099,3,1622.0,5
OD006129,O03485,P0065,1,4361.0,5
OD006130,O03486,P0056,3,9595.0,20
OD006131,O03487,P0096,4,1121.0,15
OD006132,O03488,P0140,1,6575.0,10
OD006133,O03488,P0016,2,51115.0,15
OD006134,O03489,P0027,4,51235.0,25
OD006135,O03489,P0067,2,4637.0,0
OD006136,O03490,P0021,1,51323.0,15
OD006137,O03491,P0058,2,2360.0,0
OD006138,O03492,P0047,1,7733.0,10
OD006139,O03493,P0088,1,3802.0,5
OD006140,O03494,P0110,2,919.0,5
OD006141,O03494,P0105,2,2236.0,0
OD006142,O03495,P0111,1,1846.0,25
OD006143,O03495,P0023,1,50020.0,0
OD006144,O03496,P0005,3,30157.0,25
OD006145,O03497,P0126,2,4619.0,5
OD006146,O03497,P0084,4,59582.0,0
OD006147,O03497,P0062,1,11980.0,0
OD006148,O03498,P0046,2,5108.0,25
OD006149,O03498,P0044,3,488.0,5
OD006150,O03498,P0028,1,30285.0,0
OD006151,O03499,P0094,2,1258.0,20
OD006152,O03500,P0032,1,29369.0,10
OD006153,O03500,P0027,4,51235.0,5
OD006154,O03501,P0019,1,7506.0,10
OD006155,O03502,P0079,1,54272.0,0
OD006156,O03502,P0084,4,59582.0,15
OD006157,O03503,P0031,4,29153.0,0
OD006158,O03504,P0072,4,4076.0,10
OD006159,O03505,P0022,4,84820.0,0
OD006160,O03506,P0076,4,894.0,0
OD006161,O03506,P0033,2,85759.0,10
OD006162,O03506,P0053,4,5610.0,25
OD006163,O03506,P0050,2,10277.0,0
OD006164,O03507,P0021,3,51323.0,0
OD006165,O03507,P0026,2,33587.0,15
OD006166,O03507,P0051,1,6426.0,5
OD006167,O03508,P0142,4,41501.0,0
OD006168,O03509,P0036,3,78122.0,0
OD006169,O03510,P0107,4,1172.0,20
OD006170,O03511,P0044,1,488.0,15
OD006171,O03511,P0053,2,5610.0,25
OD006172,O03511,P0056,1,9595.0,0
OD006173,O03512,P0150,4,58459.0,10
OD006174,O03512,P0011,2,21879.0,15
OD006175,O03513,P0115,4,2578.0,10
OD006176,O03513,P0080,1,34091.0,25
OD006177,O03514,P0018,1,77174.0,15
OD006178,O03515,P0139,2,22366.0,0
OD006179,O03515,P0059,3,9307.0,0
OD006180,O03516,P0124,2,129.0,20
OD006181,O03517,P0140,1,6575.0,25
OD006182,O03517,P0034,4,36218.0,0
OD006183,O03517,P0067,3,4637.0,5
OD006184,O03517,P0016,1,51115.0,5
OD006185,O03518,P0120,2,1825.0,0
OD006186,O03518,P0123,1,3569.0,10
OD006187,O03519,P0013,4,14176.0,0
OD006188,O03519,P0128,4,11621.0,0
OD006189,O03519,P0062,4,11980.0,0
OD006190,O03520,P0097,3,4219.0,20
OD006191,O03520,P0109,3,3854.0,25
OD006192,O03521,P0140,4,6575.0,25
OD006193,O03521,P0036,2,78122.0,0
OD006194,O03521,P0118,2,1045.0,0
OD006195,O03522,P0150,1,58459.0,10
OD006196,O03523,P0001,2,37548.0,5
OD006197,O03523,P0055,2,4223.0,0
OD006198,O03523,P0126,4,4619.0,0
OD006199,O03524,P0010,3,56892.0,10
OD006200,O03524,P0027,1,51235.0,0
OD006201,O03524,P0030,3,54081.0,5
OD006202,O03524,P0052,3,8989.0,20
OD006203,O03525,P0063,3,11304.0,10
OD006204,O03525,P0050,2,10277.0,0
OD006205,O03526,P0142,4,41501.0,10
OD006206,O03526,P0010,3,56892.0,10
OD006207,O03527,P0074,1,3972.0,0
OD006208,O03528,P0147,2,5117.0,10
OD006209,O03529,P0110,2,919.0,15
OD006210,O03529,P0116,4,164.0,25
OD006211,O03530,P0076,3,894.0,10
OD006212,O03531,P0090,3,6696.0,0
OD006213,O03531,P0126,3,4619.0,10
OD006214,O03531,P0093,2,3411.0,25
OD006215,O03531,P0055,4,4223.0,10
OD006216,O03532,P0101,4,1082.0,20
OD006217,O03533,P0029,1,31521.0,5
OD006218,O03533,P0149,1,6514.0,20
OD006219,O03533,P0056,2,9595.0,0
OD006220,O03533,P0058,1,2360.0,5
OD006221,O03534,P0142,1,41501.0,10
OD006222,O03534,P0138,2,55464.0,5
OD006223,O03535,P0085,3,8130.0,15
OD006224,O03536,P0089,3,2997.0,0
OD006225,O03536,P0004,1,5665.0,0
OD006226,O03537,P0052,4,8989.0,0
OD006227,O03538,P0005,2,30157.0,5
OD006228,O03539,P0138,1,55464.0,15
OD006229,O03540,P0123,2,3569.0,15
OD006230,O03541,P0137,2,4748.0,0
OD006231,O03542,P0010,3,56892.0,0
OD006232,O03542,P0080,4,34091.0,15
OD006233,O03542,P0103,2,771.0,5
OD006234,O03542,P0114,1,1392.0,15
OD006235,O03543,P0022,1,84820.0,25
OD006236,O03544,P0067,2,4637.0,0
OD006237,O03544,P0013,1,14176.0,0
OD006238,O03544,P0039,4,1789.0,0
OD006239,O03544,P0141,4,27658.0,0
OD006240,O03545,P0011,3,21879.0,10
OD006241,O03545,P0021,4,51323.0,10
OD006242,O03546,P0126,1,4619.0,10
OD006243,O03547,P0044,1,488.0,0
OD006244,O03548,P0065,3,4361.0,15
OD006245,O03549,P0085,2,8130.0,10
OD006246,O03549,P0029,2,31521.0,15
OD006247,O03550,P0096,3,1121.0,10
OD006248,O03550,P0069,1,582.0,20
OD006249,O03550,P0104,4,4730.0,5
OD006250,O03550,P0025,3,81340.0,0
OD006251,O03551,P0086,2,13724.0,0
OD006252,O03552,P0051,2,6426.0,25
OD006253,O03553,P0149,4,6514.0,20
OD006254,O03553,P0064,1,8779.0,0
OD006255,O03554,P0144,3,44525.0,15
OD006256,O03555,P0101,3,1082.0,0
OD006257,O03556,P0037,3,6843.0,20
OD006258,O03556,P0129,4,890.0,20
OD006259,O03556,P0012,3,14896.0,0
OD006260,O03556,P0122,3,2157.0,0
OD006261,O03557,P0108,1,2690.0,20
OD006262,O03558,P0146,2,53886.0,0
OD006263,O03559,P0129,4,890.0,10
OD006264,O03559,P0067,2,4637.0,15
OD006265,O03560,P0106,3,2055.0,25
OD006266,O03560,P0033,4,85759.0,25
OD006267,O03560,P0139,1,22366.0,15
OD006268,O03560,P0029,2,31521.0,0
OD006269,O03561,P0084,1,59582.0,10
OD006270,O03562,P0075,1,3434.0,0
OD006271,O03562,P0045,1,4671.0,10
OD006272,O03562,P0049,2,2043.0,10
OD006273,O03563,P0133,3,3741.0,25
OD006274,O03564,P0037,3,6843.0,10
OD006275,O03565,P0025,4,81340.0,5
OD006276,O03565,P0037,1,6843.0,5
OD006277,O03565,P0097,4,4219.0,0
OD006278,O03565,P0154,4,58654.0,10
OD006279,O03566,P0081,1,71792.0,15
OD006280,O03567,P0066,3,5839.0,10
OD006281,O03568,P0044,3,488.0,0
OD006282,O03568,P0127,3,458.0,20
OD006283,O03568,P0026,1,33587.0,5
OD006284,O03569,P0089,1,2997.0,0
OD006285,O03570,P0083,4,62137.0,0
OD006286,O03570,P0026,4,33587.0,0
OD006287,O03570,P0058,4,2360.0,0
OD006288,O03571,P0023,1,50020.0,0
OD006289,O03572,P0099,2,1622.0,20
OD006290,O03573,P0134,2,6094.0,0
OD006291,O03574,P0063,1,11304.0,20
OD006292,O03574,P0083,2,62137.0,0
OD006293,O03575,P0033,3,85759.0,20
OD006294,O03575,P0140,4,6575.0,10
OD006295,O03575,P0064,4,8779.0,10
OD006296,O03576,P0073,1,1183.0,0
OD006297,O03577,P0068,3,1904.0,10
OD006298,O03577,P0154,2,58654.0,15
OD006299,O03578,P0065,4,4361.0,25
OD006300,O03578,P0020,2,11958.0,10
OD006301,O03579,P0126,4,4619.0,10
OD006302,O03580,P0128,2,11621.0,10
OD006303,O03581,P0003,1,12895.0,0
OD006304,O03581,P0083,3,62137.0,20
OD006305,O03581,P0105,3,2236.0,10
OD006306,O03581,P0084,4,59582.0,15
OD006307,O03582,P0008,2,30393.0,0
OD006308,O03583,P0119,1,1373.0,15
OD006309,O03584,P0147,3,5117.0,0
OD006310,O03584,P0034,1,36218.0,0
OD006311,O03584,P0055,4,4223.0,25
OD006312,O03585,P0062,1,11980.0,5
OD006313,O03586,P0065,3,4361.0,0
OD006314,O03586,P0095,3,1298.0,0
OD006315,O03587,P0045,4,4671.0,15
OD006316,O03588,P0109,1,3854.0,20
OD006317,O03589,P0002,3,19789.0,10
OD006318,O03590,P0144,2,44525.0,0
OD006319,O03591,P0073,3,1183.0,10
OD006320,O03591,P0125,1,2245.0,15
OD006321,O03591,P0074,1,3972.0,10
OD006322,O03592,P0130,3,9352.0,0
OD006323,O03592,P0052,1,8989.0,5
OD006324,O03593,P0009,1,37963.0,5
OD006325,O03594,P0063,3,11304.0,15
OD006326,O03594,P0111,2,1846.0,0
OD006327,O03595,P0062,1,11980.0,20
OD006328,O03595,P0024,1,89341.0,20
OD006329,O03596,P0039,3,1789.0,20
OD006330,O03596,P0090,4,6696.0,0
OD006331,O03597,P0102,2,4842.0,0
OD006332,O03598,P0075,3,3434.0,10
OD006333,O03599,P0068,4,1904.0,10
OD006334,O03599,P0092,4,11144.0,5
OD006335,O03600,P0022,2,84820.0,10
OD006336,O03601,P0012,4,14896.0,5
OD006337,O03601,P0047,4,7733.0,20
OD006338,O03601,P0002,1,19789.0,0
OD006339,O03601,P0129,4,890.0,25
OD006340,O03602,P0012,2,14896.0,10
OD006341,O03602,P0029,2,31521.0,0
OD006342,O03603,P0088,4,3802.0,10
OD006343,O03603,P0029,1,31521.0,10
OD006344,O03604,P0037,2,6843.0,20
OD006345,O03604,P0004,1,5665.0,0
OD006346,O03604,P0155,1,72075.0,25
OD006347,O03604,P0052,3,8989.0,15
OD006348,O03605,P0115,4,2578.0,10
OD006349,O03605,P0132,1,6274.0,10
OD006350,O03606,P0025,1,81340.0,10
OD006351,O03607,P0141,3,27658.0,0
OD006352,O03607,P0018,3,77174.0,20
OD006353,O03608,P0003,2,12895.0,25
OD006354,O03608,P0097,1,4219.0,25
OD006355,O03608,P0130,3,9352.0,20
OD006356,O03609,P0006,4,80407.0,15
OD006357,O03609,P0084,1,59582.0,15
OD006358,O03610,P0117,2,948.0,10
OD006359,O03610,P0101,1,1082.0,15
OD006360,O03610,P0086,1,13724.0,0
OD006361,O03611,P0139,3,22366.0,0
OD006362,O03611,P0086,4,13724.0,0
OD006363,O03612,P0115,1,2578.0,25
OD006364,O03612,P0065,1,4361.0,15
OD006365,O03613,P0001,2,37548.0,0
OD006366,O03613,P0124,1,129.0,0
OD006367,O03614,P0011,1,21879.0,20
OD006368,O03614,P0004,3,5665.0,0
OD006369,O03614,P0149,2,6514.0,0
OD006370,O03614,P0112,2,1185.0,5
OD006371,O03615,P0063,2,11304.0,10
OD006372,O03615,P0091,4,4973.0,20
OD006373,O03615,P0139,4,22366.0,0
OD006374,O03615,P0107,3,1172.0,0
OD006375,O03616,P0154,2,58654.0,25
OD006376,O03616,P0082,3,56796.0,15
OD006377,O03616,P0153,1,26414.0,15
OD006378,O03617,P0149,4,6514.0,0
OD006379,O03618,P0036,3,78122.0,0
OD006380,O03618,P0084,2,59582.0,10
OD006381,O03618,P0007,2,27562.0,20
OD006382,O03618,P0021,4,51323.0,5
OD006383,O03619,P0128,3,11621.0,20
OD006384,O03620,P0017,4,39927.0,10
OD006385,O03621,P0015,1,61717.0,10
OD006386,O03622,P0035,1,75079.0,10
OD006387,O03622,P0017,2,39927.0,0
OD006388,O03623,P0081,2,71792.0,20
OD006389,O03624,P0022,3,84820.0,25
OD006390,O03625,P0059,3,9307.0,0
OD006391,O03626,P0134,3,6094.0,0
OD006392,O03627,P0134,3,6094.0,5
OD006393,O03627,P0102,1,4842.0,10
OD006394,O03628,P0084,4,59582.0,20
OD006395,O03629,P0053,2,5610.0,15
OD006396,O03629,P0035,3,75079.0,0
OD006397,O03630,P0093,4,3411.0,10
OD006398,O03631,P0133,2,3741.0,25
OD006399,O03632,P0119,1,1373.0,15
OD006400,O03632,P0055,1,4223.0,0
OD006401,O03633,P0040,1,2804.0,5
OD006402,O03633,P0128,3,11621.0,0
OD006403,O03634,P0083,1,62137.0,5
OD006404,O03635,P0057,1,8262.0,0
OD006405,O03635,P0138,1,55464.0,20
OD006406,O03636,P0084,3,59582.0,0
OD006407,O03637,P0113,3,2101.0,15
OD006408,O03638,P0109,3,3854.0,25
OD006409,O03638,P0087,3,6958.0,0
OD006410,O03638,P0088,2,3802.0,5
OD006411,O03638,P0036,2,78122.0,0
OD006412,O03639,P0053,2,5610.0,0
OD006413,O03640,P0076,2,894.0,25
OD006414,O03640,P0079,3,54272.0,20
OD006415,O03641,P0077,3,57019.0,5
OD006416,O03642,P0100,1,656.0,5
OD006417,O03642,P0116,4,164.0,0
OD006418,O03643,P0017,3,39927.0,25
OD006419,O03643,P0139,4,22366.0,25
OD006420,O03643,P0122,2,2157.0,20
OD006421,O03643,P0031,2,29153.0,0
OD006422,O03644,P0054,1,2132.0,15
OD006423,O03645,P0121,2,2262.0,0
OD006424,O03645,P0036,4,78122.0,0
OD006425,O03645,P0045,1,4671.0,5
OD006426,O03646,P0155,3,72075.0,0
OD006427,O03647,P0032,1,29369.0,20
OD006428,O03647,P0156,3,58031.0,10
OD006429,O03648,P0104,2,4730.0,25
OD006430,O03648,P0061,1,3770.0,5
OD006431,O03649,P0139,3,22366.0,20
OD006432,O03650,P0089,2,2997.0,25
OD006433,O03650,P0137,1,4748.0,0
OD006434,O03650,P0108,2,2690.0,5
OD006435,O03651,P0154,3,58654.0,10
OD006436,O03652,P0101,3,1082.0,10
OD006437,O03653,P0099,1,1622.0,20
OD006438,O03654,P0143,1,4601.0,0
OD006439,O03654,P0124,3,129.0,5
OD006440,O03654,P0050,3,10277.0,10
OD006441,O03655,P0129,2,890.0,5
OD006442,O03655,P0041,3,10071.0,25
OD006443,O03656,P0031,1,29153.0,25
OD006444,O03656,P0064,1,8779.0,25
OD006445,O03657,P0093,2,3411.0,25
OD006446,O03657,P0061,3,3770.0,0
OD006447,O03657,P0084,2,59582.0,25
OD006448,O03658,P0031,4,29153.0,25
OD006449,O03659,P0154,3,58654.0,25
OD006450,O03659,P0074,4,3972.0,10
OD006451,O03660,P0116,1,164.0,10
OD006452,O03661,P0100,3,656.0,0
OD006453,O03662,P0047,2,7733.0,5
OD006454,O03663,P0001,4,37548.0,0
OD006455,O03663,P0046,4,5108.0,15
OD006456,O03664,P0043,4,8969.0,0
OD006457,O03665,P0038,4,2566.0,5
OD006458,O03665,P0041,2,10071.0,0
OD006459,O03666,P0051,1,6426.0,15
OD006460,O03667,P0053,1,5610.0,10
OD006461,O03667,P0070,3,357.0,5
OD006462,O03668,P0147,2,5117.0,20
OD006463,O03669,P0080,1,34091.0,5
OD006464,O03670,P0041,1,10071.0,5
OD006465,O03671,P0054,1,2132.0,20
OD006466,O03672,P0059,2,9307.0,20
OD006467,O03673,P0026,2,33587.0,0
OD006468,O03673,P0125,4,2245.0,0
OD006469,O03674,P0038,2,2566.0,0
OD006470,O03674,P0143,1,4601.0,10
OD006471,O03674,P0104,3,4730.0,25
OD006472,O03675,P0110,4,919.0,0
OD006473,O03676,P0035,4,75079.0,0
OD006474,O03676,P0148,3,24905.0,20
OD006475,O03676,P0126,3,4619.0,0
OD006476,O03677,P0011,3,21879.0,20
OD006477,O03678,P0032,3,29369.0,10
OD006478,O03679,P0085,4,8130.0,10
OD006479,O03680,P0130,1,9352.0,10
OD006480,O03680,P0022,2,84820.0,15
OD006481,O03680,P0058,4,2360.0,0
OD006482,O03681,P0065,4,4361.0,0
OD006483,O03682,P0051,1,6426.0,10
OD006484,O03682,P0022,4,84820.0,25
OD006485,O03682,P0013,1,14176.0,5
OD006486,O03683,P0102,3,4842.0,0
OD006487,O03684,P0011,1,21879.0,15
OD006488,O03684,P0021,3,51323.0,10
OD006489,O03684,P0108,3,2690.0,15
OD006490,O03685,P0031,4,29153.0,25
OD006491,O03686,P0026,4,33587.0,10
OD006492,O03686,P0122,3,2157.0,0
OD006493,O03687,P0023,3,50020.0,10
OD006494,O03688,P0001,3,37548.0,0
OD006495,O03689,P0112,3,1185.0,10
OD006496,O03689,P0001,4,37548.0,20
OD006497,O03689,P0053,3,5610.0,0
OD006498,O03689,P0122,2,2157.0,0
OD006499,O03690,P0137,4,4748.0,20
OD006500,O03691,P0028,2,30285.0,0
OD006501,O03691,P0065,1,4361.0,0
OD006502,O03692,P0150,3,58459.0,0
OD006503,O03693,P0048,1,8501.0,10
OD006504,O03694,P0117,1,948.0,15
OD006505,O03694,P0100,4,656.0,0
OD006506,O03695,P0002,3,19789.0,10
OD006507,O03695,P0077,4,57019.0,10
OD006508,O03696,P0068,3,1904.0,0
OD006509,O03697,P0135,1,10468.0,0
OD006510,O03697,P0108,3,2690.0,0
OD006511,O03697,P0011,1,21879.0,10
OD006512,O03697,P0127,4,458.0,10
OD006513,O03698,P0007,3,27562.0,20
OD006514,O03698,P0032,4,29369.0,25
OD006515,O03698,P0119,2,1373.0,10
OD006516,O03699,P0026,4,33587.0,10
OD006517,O03699,P0095,2,1298.0,10
OD006518,O03700,P0065,3,4361.0,25
OD006519,O03701,P0107,2,1172.0,10
OD006520,O03701,P0020,4,11958.0,15
OD006521,O03702,P0033,4,85759.0,15
OD006522,O03703,P0095,2,1298.0,25
OD006523,O03704,P0009,4,37963.0,10
OD006524,O03705,P0058,1,2360.0,25
OD006525,O03705,P0137,1,4748.0,0
OD006526,O03706,P0141,1,27658.0,15
OD006527,O03706,P0154,3,58654.0,0
OD006528,O03707,P0050,3,10277.0,0
OD006529,O03707,P0130,1,9352.0,10
OD006530,O03708,P0079,1,54272.0,10
OD006531,O03708,P0053,2,5610.0,0
OD006532,O03709,P0034,1,36218.0,20
OD006533,O03710,P0006,1,80407.0,20
OD006534,O03710,P0142,3,41501.0,0
OD006535,O03710,P0155,4,72075.0,10
OD006536,O03711,P0007,4,27562.0,15
OD006537,O03712,P0141,1,27658.0,0
OD006538,O03712,P0015,2,61717.0,0
OD006539,O03712,P0094,2,1258.0,0
OD006540,O03713,P0026,4,33587.0,20
OD006541,O03713,P0067,1,4637.0,0
OD006542,O03714,P0140,4,6575.0,0
OD006543,O03715,P0057,3,8262.0,10
OD006544,O03716,P0041,4,10071.0,10
OD006545,O03717,P0088,2,3802.0,10
OD006546,O03718,P0132,1,6274.0,25
OD006547,O03718,P0087,2,6958.0,0
OD006548,O03719,P0124,1,129.0,0
OD006549,O03719,P0001,2,37548.0,20
OD006550,O03720,P0090,3,6696.0,10
OD006551,O03720,P0010,4,56892.0,0
OD006552,O03721,P0060,4,8945.0,10
OD006553,O03721,P0116,1,164.0,10
OD006554,O03722,P0072,3,4076.0,25
OD006555,O03722,P0038,3,2566.0,0
OD006556,O03722,P0092,1,11144.0,10
OD006557,O03723,P0056,3,9595.0,15
OD006558,O03724,P0025,2,81340.0,10
OD006559,O03725,P0102,4,4842.0,25
OD006560,O03725,P0037,1,6843.0,20
OD006561,O03726,P0093,4,3411.0,15
OD006562,O03726,P0053,4,5610.0,15
OD006563,O03727,P0125,4,2245.0,5
OD006564,O03727,P0029,4,31521.0,25
OD006565,O03727,P0017,1,39927.0,10
OD006566,O03728,P0078,2,8600.0,10
OD006567,O03729,P0143,1,4601.0,25
OD006568,O03730,P0046,4,5108.0,0
OD006569,O03731,P0089,4,2997.0,10
OD006570,O03731,P0109,4,3854.0,15
OD006571,O03731,P0151,4,58699.0,15
OD006572,O03732,P0125,4,2245.0,0
OD006573,O03733,P0098,1,565.0,0
OD006574,O03733,P0132,2,6274.0,10
OD006575,O03734,P0138,3,55464.0,0
OD006576,O03735,P0082,2,56796.0,0
OD006577,O03736,P0057,4,8262.0,0
OD006578,O03737,P0134,3,6094.0,15
OD006579,O03737,P0103,4,771.0,10
OD006580,O03738,P0081,1,71792.0,10
OD006581,O03738,P0102,4,4842.0,5
OD006582,O03739,P0130,4,9352.0,20
OD006583,O03739,P0110,1,919.0,10
OD006584,O03740,P0135,4,10468.0,20
OD006585,O03740,P0150,4,58459.0,0
OD006586,O03740,P0022,3,84820.0,0
OD006587,O03741,P0110,4,919.0,20
OD006588,O03742,P0048,1,8501.0,0
OD006589,O03742,P0061,3,3770.0,0
OD006590,O03742,P0002,1,19789.0,10
OD006591,O03743,P0123,3,3569.0,10
OD006592,O03744,P0134,1,6094.0,25
OD006593,O03744,P0019,3,7506.0,20
OD006594,O03745,P0071,2,4311.0,10
OD006595,O03745,P0054,4,2132.0,5
OD006596,O03745,P0112,4,1185.0,10
OD006597,O03746,P0148,3,24905.0,25
OD006598,O03746,P0032,3,29369.0,10
OD006599,O03746,P0146,3,53886.0,10
OD006600,O03747,P0132,4,6274.0,15
OD006601,O03747,P0009,4,37963.0,5
OD006602,O03748,P0143,3,4601.0,10
OD006603,O03749,P0052,1,8989.0,10
OD006604,O03749,P0083,1,62137.0,10
OD006605,O03749,P0131,2,2388.0,0
OD006606,O03749,P0020,4,11958.0,0
OD006607,O03750,P0044,4,488.0,0
OD006608,O03751,P0091,2,4973.0,20
OD006609,O03751,P0069,4,582.0,10
OD006610,O03752,P0090,4,6696.0,0
OD006611,O03752,P0087,3,6958.0,0
OD006612,O03753,P0108,4,2690.0,15
OD006613,O03753,P0056,1,9595.0,5
OD006614,O03754,P0129,4,890.0,25
OD006615,O03755,P0023,2,50020.0,20
OD006616,O03756,P0076,3,894.0,10
OD006617,O03757,P0153,3,26414.0,5
OD006618,O03757,P0094,3,1258.0,0
OD006619,O03758,P0104,4,4730.0,15
OD006620,O03759,P0094,4,1258.0,10
OD006621,O03759,P0088,2,3802.0,20
OD006622,O03759,P0115,4,2578.0,20
OD006623,O03760,P0153,3,26414.0,0
OD006624,O03760,P0066,3,5839.0,20
OD006625,O03761,P0013,3,14176.0,0
OD006626,O03762,P0001,4,37548.0,5
OD006627,O03762,P0087,4,6958.0,10
OD006628,O03763,P0135,4,10468.0,0
OD006629,O03764,P0084,2,59582.0,10
OD006630,O03765,P0104,4,4730.0,0
OD006631,O03766,P0028,4,30285.0,25
OD006632,O03767,P0039,2,1789.0,5
OD006633,O03768,P0050,1,10277.0,0
OD006634,O03769,P0105,2,2236.0,5
OD006635,O03769,P0079,3,54272.0,0
OD006636,O03770,P0086,4,13724.0,10
OD006637,O03771,P0126,4,4619.0,0
OD006638,O03772,P0115,3,2578.0,10
OD006639,O03772,P0065,1,4361.0,25
OD006640,O03773,P0096,4,1121.0,10
OD006641,O03774,P0076,1,894.0,0
OD006642,O03774,P0118,2,1045.0,10
OD006643,O03774,P0034,4,36218.0,10
OD006644,O03775,P0133,1,3741.0,0
OD006645,O03776,P0047,4,7733.0,0
OD006646,O03776,P0041,3,10071.0,15
OD006647,O03777,P0036,3,78122.0,0
OD006648,O03777,P0129,1,890.0,0
OD006649,O03777,P0012,1,14896.0,5
OD006650,O03778,P0064,1,8779.0,10
OD006651,O03778,P0135,4,10468.0,15
OD006652,O03778,P0029,4,31521.0,10
OD006653,O03779,P0083,3,62137.0,5
OD006654,O03780,P0003,2,12895.0,20
OD006655,O03780,P0055,3,4223.0,10
OD006656,O03781,P0072,3,4076.0,15
OD006657,O03781,P0125,2,2245.0,20
OD006658,O03781,P0067,4,4637.0,5
OD006659,O03782,P0091,3,4973.0,0
OD006660,O03783,P0109,1,3854.0,0
OD006661,O03783,P0107,4,1172.0,20
OD006662,O03784,P0078,1,8600.0,20
OD006663,O03784,P0042,2,6552.0,0
OD006664,O03785,P0113,3,2101.0,0
OD006665,O03786,P0032,3,29369.0,10
OD006666,O03786,P0036,2,78122.0,0
OD006667,O03786,P0041,4,10071.0,20
OD006668,O03787,P0112,2,1185.0,10
OD006669,O03787,P0033,3,85759.0,25
OD006670,O03788,P0090,4,6696.0,0
OD006671,O03789,P0098,4,565.0,20
OD006672,O03790,P0109,2,3854.0,25
OD006673,O03790,P0046,3,5108.0,0
OD006674,O03791,P0043,4,8969.0,20
OD006675,O03791,P0007,2,27562.0,25
OD006676,O03791,P0134,4,6094.0,20
OD006677,O03792,P0115,4,2578.0,0
OD006678,O03793,P0146,1,53886.0,20
OD006679,O03794,P0111,2,1846.0,15
OD006680,O03795,P0130,4,9352.0,10
OD006681,O03795,P0019,2,7506.0,10
OD006682,O03795,P0024,1,89341.0,10
OD006683,O03796,P0053,1,5610.0,25
OD006684,O03797,P0031,1,29153.0,10
OD006685,O03798,P0076,1,894.0,0
OD006686,O03799,P0105,1,2236.0,0
OD006687,O03800,P0072,3,4076.0,5
OD006688,O03801,P0110,2,919.0,20
OD006689,O03801,P0007,1,27562.0,0
OD006690,O03802,P0035,4,75079.0,25
OD006691,O03803,P0123,3,3569.0,15
OD006692,O03803,P0112,2,1185.0,10
OD006693,O03803,P0046,3,5108.0,0
OD006694,O03804,P0070,2,357.0,10
OD006695,O03805,P0080,1,34091.0,0
OD006696,O03806,P0151,1,58699.0,10
OD006697,O03807,P0126,3,4619.0,15
OD006698,O03807,P0154,4,58654.0,5
OD006699,O03808,P0110,1,919.0,5
OD006700,O03808,P0003,4,12895.0,0
OD006701,O03808,P0092,1,11144.0,0
OD006702,O03808,P0125,4,2245.0,10
OD006703,O03809,P0132,1,6274.0,20
OD006704,O03809,P0106,3,2055.0,15
OD006705,O03810,P0078,4,8600.0,5
OD006706,O03810,P0151,1,58699.0,0
OD006707,O03810,P0107,1,1172.0,20
OD006708,O03810,P0036,2,78122.0,20
OD006709,O03811,P0156,4,58031.0,0
OD006710,O03812,P0014,1,80631.0,0
OD006711,O03813,P0025,3,81340.0,0
OD006712,O03813,P0032,4,29369.0,0
OD006713,O03814,P0138,2,55464.0,0
OD006714,O03815,P0148,3,24905.0,0
OD006715,O03815,P0068,1,1904.0,15
OD006716,O03815,P0115,1,2578.0,5
OD006717,O03816,P0136,3,2962.0,10
OD006718,O03816,P0006,4,80407.0,15
OD006719,O03817,P0011,3,21879.0,0
OD006720,O03818,P0018,3,77174.0,5
OD006721,O03818,P0148,3,24905.0,25
OD006722,O03818,P0014,1,80631.0,10
OD006723,O03818,P0009,4,37963.0,0
OD006724,O03819,P0112,1,1185.0,0
OD006725,O03820,P0154,3,58654.0,0
OD006726,O03820,P0002,1,19789.0,10
OD006727,O03820,P0045,2,4671.0,0
OD006728,O03820,P0038,1,2566.0,10
OD006729,O03821,P0114,4,1392.0,0
OD006730,O03821,P0067,2,4637.0,20
OD006731,O03822,P0069,2,582.0,10
OD006732,O03823,P0126,4,4619.0,20
OD006733,O03823,P0058,4,2360.0,15
OD006734,O03824,P0093,3,3411.0,10
OD006735,O03825,P0072,3,4076.0,15
OD006736,O03825,P0018,2,77174.0,10
OD006737,O03825,P0004,4,5665.0,10
OD006738,O03826,P0140,3,6575.0,0
OD006739,O03827,P0085,4,8130.0,10
OD006740,O03828,P0100,4,656.0,10
OD006741,O03828,P0013,4,14176.0,0
OD006742,O03829,P0009,4,37963.0,10
OD006743,O03829,P0127,3,458.0,0
OD006744,O03830,P0087,2,6958.0,20
OD006745,O03830,P0122,4,2157.0,0
OD006746,O03831,P0112,3,1185.0,25
OD006747,O03831,P0014,1,80631.0,15
OD006748,O03832,P0045,1,4671.0,0
OD006749,O03833,P0093,3,3411.0,10
OD006750,O03833,P0018,4,77174.0,0
OD006751,O03834,P0139,4,22366.0,20
OD006752,O03834,P0022,4,84820.0,10
OD006753,O03835,P0069,3,582.0,10
OD006754,O03835,P0134,3,6094.0,0
OD006755,O03835,P0126,3,4619.0,10
OD006756,O03836,P0147,3,5117.0,0
OD006757,O03836,P0045,4,4671.0,20
OD006758,O03837,P0149,1,6514.0,25
OD006759,O03837,P0080,1,34091.0,10
OD006760,O03838,P0077,1,57019.0,10
OD006761,O03838,P0001,1,37548.0,5
OD006762,O03838,P0138,4,55464.0,25
OD006763,O03839,P0045,2,4671.0,15
OD006764,O03839,P0116,3,164.0,20
OD006765,O03840,P0099,2,1622.0,10
OD006766,O03841,P0098,1,565.0,10
OD006767,O03842,P0045,1,4671.0,20
OD006768,O03843,P0070,1,357.0,20
OD006769,O03843,P0120,1,1825.0,0
OD006770,O03843,P0089,4,2997.0,25
OD006771,O03843,P0112,1,1185.0,10
OD006772,O03844,P0071,3,4311.0,20
OD006773,O03845,P0102,2,4842.0,20
OD006774,O03846,P0069,1,582.0,0
OD006775,O03847,P0072,1,4076.0,20
OD006776,O03848,P0152,3,16657.0,0
OD006777,O03848,P0037,1,6843.0,20
OD006778,O03849,P0045,1,4671.0,20
OD006779,O03850,P0149,1,6514.0,25
OD006780,O03851,P0148,1,24905.0,20
OD006781,O03851,P0082,4,56796.0,25
OD006782,O03851,P0079,3,54272.0,0
OD006783,O03852,P0071,3,4311.0,10
OD006784,O03852,P0105,4,2236.0,15
OD006785,O03853,P0079,4,54272.0,20
OD006786,O03854,P0101,1,1082.0,15
OD006787,O03855,P0086,2,13724.0,0
OD006788,O03856,P0049,2,2043.0,0
OD006789,O03856,P0053,2,5610.0,10
OD006790,O03857,P0109,1,3854.0,10
OD006791,O03857,P0156,2,58031.0,0
OD006792,O03858,P0040,2,2804.0,0
OD006793,O03858,P0078,3,8600.0,0
OD006794,O03858,P0064,4,8779.0,0
OD006795,O03858,P0092,3,11144.0,20
OD006796,O03859,P0079,2,54272.0,15
OD006797,O03859,P0055,4,4223.0,10
OD006798,O03860,P0128,1,11621.0,25
OD006799,O03860,P0144,1,44525.0,0
OD006800,O03861,P0134,1,6094.0,10
OD006801,O03861,P0111,3,1846.0,10
OD006802,O03862,P0150,4,58459.0,25
OD006803,O03862,P0034,1,36218.0,0
OD006804,O03863,P0067,2,4637.0,10
OD006805,O03864,P0117,2,948.0,0
OD006806,O03864,P0091,2,4973.0,15
OD006807,O03865,P0102,1,4842.0,25
OD006808,O03866,P0057,2,8262.0,10
OD006809,O03866,P0032,4,29369.0,0
OD006810,O03867,P0139,4,22366.0,0
OD006811,O03867,P0043,1,8969.0,15
OD006812,O03868,P0019,4,7506.0,0
OD006813,O03868,P0059,2,9307.0,10
OD006814,O03869,P0076,3,894.0,0
OD006815,O03869,P0050,3,10277.0,0
OD006816,O03869,P0005,4,30157.0,20
OD006817,O03870,P0049,1,2043.0,15
OD006818,O03870,P0002,4,19789.0,0
OD006819,O03870,P0043,4,8969.0,10
OD006820,O03871,P0061,4,3770.0,5
OD006821,O03871,P0128,4,11621.0,0
OD006822,O03872,P0149,3,6514.0,5
OD006823,O03873,P0121,4,2262.0,25
OD006824,O03873,P0106,4,2055.0,5
OD006825,O03873,P0056,2,9595.0,0
OD006826,O03873,P0128,2,11621.0,0
OD006827,O03874,P0078,3,8600.0,10
OD006828,O03875,P0028,1,30285.0,15
OD006829,O03876,P0066,1,5839.0,20
OD006830,O03876,P0006,4,80407.0,5
OD006831,O03877,P0059,4,9307.0,0
OD006832,O03877,P0063,2,11304.0,10
OD006833,O03877,P0062,1,11980.0,0
OD006834,O03878,P0109,1,3854.0,15
OD006835,O03878,P0031,4,29153.0,10
OD006836,O03878,P0116,3,164.0,25
OD006837,O03878,P0085,3,8130.0,5
OD006838,O03879,P0084,2,59582.0,0
OD006839,O03879,P0043,1,8969.0,10
OD006840,O03879,P0036,4,78122.0,0
OD006841,O03880,P0139,3,22366.0,15
OD006842,O03881,P0069,4,582.0,0
OD006843,O03882,P0001,2,37548.0,20
OD006844,O03883,P0039,1,1789.0,10
OD006845,O03884,P0050,1,10277.0,10
OD006846,O03885,P0032,2,29369.0,0
OD006847,O03885,P0130,3,9352.0,20
OD006848,O03886,P0137,4,4748.0,25
OD006849,O03887,P0017,2,39927.0,20
OD006850,O03887,P0056,4,9595.0,10
OD006851,O03888,P0002,2,19789.0,0
OD006852,O03889,P0129,1,890.0,10
OD006853,O03889,P0132,1,6274.0,0
OD006854,O03890,P0069,3,582.0,20
OD006855,O03890,P0038,3,2566.0,10
OD006856,O03890,P0131,4,2388.0,5
OD006857,O03891,P0008,1,30393.0,25
OD006858,O03891,P0046,3,5108.0,0
OD006859,O03891,P0149,4,6514.0,10
OD006860,O03892,P0020,2,11958.0,25
OD006861,O03893,P0091,3,4973.0,0
OD006862,O03894,P0094,3,1258.0,10
OD006863,O03895,P0138,1,55464.0,10
OD006864,O03896,P0123,3,3569.0,0
OD006865,O03896,P0033,3,85759.0,10
OD006866,O03897,P0063,1,11304.0,5
OD006867,O03897,P0073,3,1183.0,0
OD006868,O03897,P0065,3,4361.0,20
OD006869,O03898,P0065,4,4361.0,25
OD006870,O03899,P0102,3,4842.0,0
OD006871,O03899,P0124,3,129.0,0
OD006872,O03900,P0111,1,1846.0,25
OD006873,O03901,P0151,1,58699.0,25
OD006874,O03901,P0150,1,58459.0,10
OD006875,O03902,P0046,3,5108.0,0
OD006876,O03902,P0023,2,50020.0,0
OD006877,O03903,P0139,1,22366.0,20
OD006878,O03903,P0064,3,8779.0,0
OD006879,O03903,P0023,3,50020.0,10
OD006880,O03903,P0110,1,919.0,10
OD006881,O03904,P0126,2,4619.0,5
OD006882,O03905,P0051,2,6426.0,20
OD006883,O03905,P0042,4,6552.0,0
OD006884,O03905,P0150,4,58459.0,25
OD006885,O03906,P0001,3,37548.0,20
OD006886,O03906,P0141,2,27658.0,25
OD006887,O03907,P0155,2,72075.0,0
OD006888,O03908,P0051,2,6426.0,10
OD006889,O03908,P0060,2,8945.0,5
OD006890,O03909,P0041,4,10071.0,0
OD006891,O03909,P0024,3,89341.0,15
OD006892,O03910,P0106,1,2055.0,20
OD006893,O03911,P0132,3,6274.0,0
OD006894,O03912,P0039,2,1789.0,10
OD006895,O03913,P0035,2,75079.0,10
OD006896,O03913,P0142,1,41501.0,5
OD006897,O03914,P0070,4,357.0,10
OD006898,O03914,P0001,2,37548.0,15
OD006899,O03914,P0054,3,2132.0,5
OD006900,O03915,P0043,3,8969.0,5
OD006901,O03915,P0132,1,6274.0,10
OD006902,O03915,P0129,3,890.0,10
OD006903,O03915,P0055,3,4223.0,15
OD006904,O03916,P0030,1,54081.0,10
OD006905,O03916,P0042,1,6552.0,25
OD006906,O03917,P0013,1,14176.0,10
OD006907,O03917,P0014,4,80631.0,5
OD006908,O03918,P0019,1,7506.0,25
OD006909,O03918,P0129,4,890.0,25
OD006910,O03919,P0122,4,2157.0,5
OD006911,O03919,P0029,2,31521.0,0
OD006912,O03920,P0033,1,85759.0,10
OD006913,O03921,P0156,2,58031.0,5
OD006914,O03922,P0044,2,488.0,0
OD006915,O03922,P0075,4,3434.0,0
OD006916,O03922,P0062,2,11980.0,10
OD006917,O03923,P0086,2,13724.0,20
OD006918,O03924,P0092,1,11144.0,0
OD006919,O03925,P0024,2,89341.0,25
OD006920,O03925,P0065,4,4361.0,15
OD006921,O03926,P0029,3,31521.0,20
OD006922,O03927,P0040,4,2804.0,0
OD006923,O03928,P0132,2,6274.0,20
OD006924,O03929,P0151,4,58699.0,15
OD006925,O03930,P0040,1,2804.0,10
OD006926,O03931,P0091,4,4973.0,5
OD006927,O03932,P0111,2,1846.0,5
OD006928,O03932,P0048,2,8501.0,0
OD006929,O03933,P0048,1,8501.0,0
OD006930,O03933,P0053,2,5610.0,10
OD006931,O03934,P0100,1,656.0,20
OD006932,O03935,P0005,4,30157.0,0
OD006933,O03936,P0153,4,26414.0,5
OD006934,O03937,P0035,2,75079.0,25
OD006935,O03938,P0047,1,7733.0,15
OD006936,O03938,P0069,4,582.0,0
OD006937,O03939,P0005,4,30157.0,25
OD006938,O03940,P0053,1,5610.0,0
OD006939,O03940,P0149,4,6514.0,0
OD006940,O03941,P0089,2,2997.0,10
OD006941,O03942,P0044,3,488.0,15
OD006942,O03943,P0064,1,8779.0,15
OD006943,O03944,P0031,1,29153.0,20
OD006944,O03944,P0068,2,1904.0,0
OD006945,O03945,P0138,1,55464.0,20
OD006946,O03945,P0120,4,1825.0,0
OD006947,O03946,P0077,1,57019.0,25
OD006948,O03947,P0109,2,3854.0,10
OD006949,O03948,P0020,1,11958.0,25
OD006950,O03948,P0074,3,3972.0,10
OD006951,O03949,P0069,4,582.0,25
OD006952,O03950,P0113,3,2101.0,25
OD006953,O03950,P0037,2,6843.0,5
OD006954,O03951,P0029,3,31521.0,25
OD006955,O03952,P0026,4,33587.0,0
OD006956,O03953,P0041,2,10071.0,0
OD006957,O03954,P0018,1,77174.0,15
OD006958,O03955,P0093,4,3411.0,10
OD006959,O03955,P0124,1,129.0,10
OD006960,O03956,P0151,4,58699.0,10
OD006961,O03956,P0035,2,75079.0,0
OD006962,O03956,P0105,4,2236.0,25
OD006963,O03957,P0042,2,6552.0,20
OD006964,O03958,P0134,3,6094.0,5
OD006965,O03958,P0046,4,5108.0,0
OD006966,O03959,P0010,4,56892.0,0
OD006967,O03960,P0051,1,6426.0,10
OD006968,O03961,P0027,3,51235.0,20
OD006969,O03961,P0146,1,53886.0,5
OD006970,O03962,P0066,4,5839.0,5
OD006971,O03962,P0018,1,77174.0,10
OD006972,O03963,P0113,1,2101.0,20
OD006973,O03963,P0127,3,458.0,15
OD006974,O03963,P0046,2,5108.0,10
OD006975,O03964,P0104,3,4730.0,10
OD006976,O03965,P0108,1,2690.0,20
OD006977,O03966,P0110,2,919.0,20
OD006978,O03966,P0128,2,11621.0,0
OD006979,O03966,P0053,3,5610.0,20
OD006980,O03966,P0132,4,6274.0,15
OD006981,O03967,P0124,3,129.0,0
OD006982,O03968,P0102,4,4842.0,25
OD006983,O03968,P0107,3,1172.0,15
OD006984,O03968,P0034,3,36218.0,0
OD006985,O03969,P0004,3,5665.0,20
OD006986,O03969,P0040,4,2804.0,10
OD006987,O03970,P0145,4,38085.0,0
OD006988,O03971,P0139,4,22366.0,25
OD006989,O03972,P0151,4,58699.0,10
OD006990,O03972,P0047,2,7733.0,10
OD006991,O03973,P0131,3,2388.0,0
OD006992,O03973,P0037,3,6843.0,10
OD006993,O03973,P0057,4,8262.0,15
OD006994,O03974,P0132,2,6274.0,0
OD006995,O03975,P0082,2,56796.0,0
OD006996,O03975,P0031,4,29153.0,20
OD006997,O03975,P0039,3,1789.0,0
OD006998,O03975,P0155,4,72075.0,0
OD006999,O03976,P0017,3,39927.0,0
OD007000,O03977,P0042,2,6552.0,20
OD007001,O03978,P0081,2,71792.0,25
OD007002,O03978,P0092,4,11144.0,25
OD007003,O03979,P0132,2,6274.0,0
OD007004,O03979,P0104,2,4730.0,25
OD007005,O03980,P0142,4,41501.0,0
OD007006,O03980,P0006,2,80407.0,10
OD007007,O03981,P0004,3,5665.0,15
OD007008,O03981,P0014,4,80631.0,0
OD007009,O03982,P0130,4,9352.0,0
OD007010,O03982,P0019,1,7506.0,5
OD007011,O03983,P0101,3,1082.0,20
OD007012,O03984,P0036,1,78122.0,25
OD007013,O03985,P0001,2,37548.0,20
OD007014,O03985,P0070,1,357.0,10
OD007015,O03985,P0145,2,38085.0,15
OD007016,O03986,P0006,2,80407.0,10
OD007017,O03987,P0154,4,58654.0,0
OD007018,O03988,P0082,1,56796.0,0
OD007019,O03989,P0031,4,29153.0,10
OD007020,O03989,P0123,4,3569.0,0
OD007021,O03989,P0118,4,1045.0,0
OD007022,O03990,P0075,1,3434.0,0
OD007023,O03991,P0020,1,11958.0,15
OD007024,O03992,P0024,3,89341.0,10
OD007025,O03993,P0080,3,34091.0,5
OD007026,O03994,P0116,1,164.0,20
OD007027,O03995,P0066,3,5839.0,15
OD007028,O03995,P0030,2,54081.0,20
OD007029,O03995,P0135,3,10468.0,0
OD007030,O03996,P0077,1,57019.0,10
OD007031,O03996,P0025,2,81340.0,0
OD007032,O03996,P0112,3,1185.0,25
OD007033,O03997,P0046,4,5108.0,5
OD007034,O03997,P0004,1,5665.0,20
OD007035,O03998,P0026,2,33587.0,0
OD007036,O03998,P0107,1,1172.0,15
OD007037,O03999,P0101,3,1082.0,15
OD007038,O03999,P0093,1,3411.0,0
OD007039,O03999,P0087,4,6958.0,0
OD007040,O03999,P0154,4,58654.0,0
OD007041,O04000,P0124,4,129.0,0
OD007042,O04000,P0117,2,948.0,10
OD007043,O04000,P0025,1,81340.0,0
OD007044,O04001,P0048,1,8501.0,15
OD007045,O04002,P0144,2,44525.0,20
OD007046,O04003,P0059,3,9307.0,5
OD007047,O04003,P0142,3,41501.0,10
OD007048,O04003,P0023,4,50020.0,10
OD007049,O04003,P0074,2,3972.0,15
OD007050,O04004,P0043,3,8969.0,0
OD007051,O04004,P0092,3,11144.0,5
OD007052,O04005,P0047,4,7733.0,10
OD007053,O04006,P0064,4,8779.0,0
OD007054,O04007,P0137,3,4748.0,10
OD007055,O04008,P0071,4,4311.0,10
OD007056,O04009,P0100,4,656.0,10
OD007057,O04010,P0109,2,3854.0,0
OD007058,O04010,P0024,3,89341.0,0
OD007059,O04011,P0038,3,2566.0,0
OD007060,O04011,P0052,2,8989.0,5
OD007061,O04012,P0153,1,26414.0,15
OD007062,O04013,P0080,3,34091.0,5
OD007063,O04013,P0149,1,6514.0,5
OD007064,O04013,P0105,2,2236.0,20
OD007065,O04014,P0091,3,4973.0,10
OD007066,O04015,P0074,3,3972.0,5
OD007067,O04015,P0137,2,4748.0,0
OD007068,O04016,P0056,3,9595.0,10
OD007069,O04016,P0139,4,22366.0,25
OD007070,O04017,P0138,4,55464.0,10
OD007071,O04018,P0148,1,24905.0,10
OD007072,O04018,P0001,4,37548.0,20
OD007073,O04018,P0123,2,3569.0,10
OD007074,O04019,P0053,4,5610.0,10
OD007075,O04019,P0007,4,27562.0,0
OD007076,O04020,P0001,2,37548.0,10
OD007077,O04020,P0111,1,1846.0,0
OD007078,O04021,P0104,1,4730.0,0
OD007079,O04022,P0150,4,58459.0,25
OD007080,O04023,P0005,2,30157.0,25
OD007081,O04024,P0126,2,4619.0,0
OD007082,O04025,P0135,3,10468.0,0
OD007083,O04026,P0132,2,6274.0,15
OD007084,O04027,P0009,3,37963.0,20
OD007085,O04028,P0133,1,3741.0,0
OD007086,O04028,P0067,3,4637.0,25
OD007087,O04028,P0075,1,3434.0,0
OD007088,O04028,P0113,3,2101.0,10
OD007089,O04029,P0117,1,948.0,10
OD007090,O04030,P0095,3,1298.0,5
OD007091,O04030,P0128,3,11621.0,10
OD007092,O04031,P0007,3,27562.0,0
OD007093,O04031,P0106,2,2055.0,5
OD007094,O04031,P0056,3,9595.0,5
OD007095,O04032,P0139,3,22366.0,0
OD007096,O04032,P0092,4,11144.0,0
OD007097,O04032,P0102,1,4842.0,15
OD007098,O04033,P0032,2,29369.0,0
OD007099,O04033,P0087,2,6958.0,10
OD007100,O04033,P0142,3,41501.0,5
OD007101,O04034,P0136,4,2962.0,25
OD007102,O04035,P0026,3,33587.0,10
OD007103,O04035,P0138,1,55464.0,20
OD007104,O04036,P0038,1,2566.0,0
OD007105,O04037,P0023,1,50020.0,0
OD007106,O04037,P0127,1,458.0,0
OD007107,O04038,P0129,2,890.0,0
OD007108,O04039,P0014,1,80631.0,10
OD007109,O04039,P0072,3,4076.0,10
OD007110,O04039,P0128,4,11621.0,25
OD007111,O04039,P0139,2,22366.0,20
OD007112,O04040,P0016,4,51115.0,0
OD007113,O04040,P0062,4,11980.0,0
OD007114,O04041,P0082,1,56796.0,20
OD007115,O04042,P0017,3,39927.0,0
OD007116,O04043,P0008,2,30393.0,15
OD007117,O04043,P0036,2,78122.0,0
OD007118,O04044,P0037,2,6843.0,10
OD007119,O04045,P0046,2,5108.0,0
OD007120,O04045,P0039,4,1789.0,10
OD007121,O04046,P0144,1,44525.0,20
OD007122,O04047,P0044,1,488.0,10
OD007123,O04047,P0113,4,2101.0,0
OD007124,O04048,P0081,2,71792.0,20
OD007125,O04049,P0082,4,56796.0,20
OD007126,O04049,P0075,3,3434.0,0
OD007127,O04050,P0036,2,78122.0,15
OD007128,O04050,P0071,2,4311.0,15
OD007129,O04051,P0034,1,36218.0,25
OD007130,O04051,P0137,3,4748.0,10
OD007131,O04052,P0120,1,1825.0,25
OD007132,O04053,P0098,3,565.0,20
OD007133,O04053,P0096,2,1121.0,25
OD007134,O04054,P0022,2,84820.0,0
OD007135,O04055,P0061,3,3770.0,0
OD007136,O04056,P0137,3,4748.0,0
OD007137,O04057,P0058,3,2360.0,20
OD007138,O04058,P0037,4,6843.0,0
OD007139,O04058,P0142,3,41501.0,10
OD007140,O04058,P0114,2,1392.0,5
OD007141,O04059,P0011,1,21879.0,20
OD007142,O04059,P0142,2,41501.0,0
OD007143,O04059,P0073,2,1183.0,10
OD007144,O04059,P0046,4,5108.0,10
OD007145,O04060,P0056,1,9595.0,15
OD007146,O04060,P0028,1,30285.0,20
OD007147,O04060,P0080,4,34091.0,10
OD007148,O04061,P0117,2,948.0,0
OD007149,O04061,P0079,1,54272.0,0
OD007150,O04062,P0097,2,4219.0,20
OD007151,O04062,P0019,4,7506.0,10
OD007152,O04063,P0073,3,1183.0,25
OD007153,O04063,P0021,4,51323.0,0
OD007154,O04064,P0069,3,582.0,0
OD007155,O04064,P0141,2,27658.0,10
OD007156,O04065,P0019,1,7506.0,15
OD007157,O04066,P0127,1,458.0,10
OD007158,O04067,P0097,4,4219.0,15
OD007159,O04067,P0040,2,2804.0,0
OD007160,O04067,P0048,4,8501.0,0
OD007161,O04068,P0146,4,53886.0,10
OD007162,O04068,P0129,4,890.0,0
OD007163,O04069,P0015,4,61717.0,10
OD007164,O04070,P0047,1,7733.0,10
OD007165,O04071,P0067,3,4637.0,5
OD007166,O04072,P0016,2,51115.0,0
OD007167,O04072,P0030,4,54081.0,10
OD007168,O04073,P0128,2,11621.0,0
OD007169,O04074,P0088,3,3802.0,10
OD007170,O04075,P0007,3,27562.0,0
OD007171,O04075,P0140,4,6575.0,10
OD007172,O04076,P0009,4,37963.0,0
OD007173,O04077,P0003,2,12895.0,25
OD007174,O04077,P0116,3,164.0,0
OD007175,O04078,P0003,2,12895.0,20
OD007176,O04078,P0104,4,4730.0,0
OD007177,O04078,P0028,3,30285.0,20
OD007178,O04078,P0046,2,5108.0,15
OD007179,O04079,P0020,1,11958.0,20
OD007180,O04079,P0151,1,58699.0,10
OD007181,O04080,P0012,2,14896.0,10
OD007182,O04080,P0115,1,2578.0,0
OD007183,O04081,P0111,2,1846.0,0
OD007184,O04081,P0110,4,919.0,20
OD007185,O04082,P0027,1,51235.0,20
OD007186,O04083,P0031,1,29153.0,10
OD007187,O04084,P0073,3,1183.0,15
OD007188,O04085,P0119,1,1373.0,15
OD007189,O04086,P0057,4,8262.0,15
OD007190,O04086,P0134,1,6094.0,0
OD007191,O04086,P0006,3,80407.0,0
OD007192,O04087,P0099,2,1622.0,10
OD007193,O04087,P0134,1,6094.0,0
OD007194,O04088,P0011,2,21879.0,15
OD007195,O04089,P0087,3,6958.0,20
OD007196,O04089,P0043,4,8969.0,10
OD007197,O04090,P0125,4,2245.0,15
OD007198,O04091,P0102,4,4842.0,5
OD007199,O04092,P0028,4,30285.0,20
OD007200,O04092,P0045,3,4671.0,0
OD007201,O04093,P0153,3,26414.0,0
OD007202,O04093,P0068,4,1904.0,25
OD007203,O04094,P0061,1,3770.0,0
OD007204,O04095,P0133,1,3741.0,10
OD007205,O04096,P0023,4,50020.0,0
OD007206,O04096,P0058,1,2360.0,10
OD007207,O04096,P0074,4,3972.0,0
OD007208,O04097,P0096,1,1121.0,15
OD007209,O04097,P0027,3,51235.0,5
OD007210,O04097,P0081,4,71792.0,5
OD007211,O04098,P0148,1,24905.0,10
OD007212,O04098,P0128,2,11621.0,10
OD007213,O04098,P0033,2,85759.0,25
OD007214,O04099,P0067,4,4637.0,25
OD007215,O04099,P0022,1,84820.0,15
OD007216,O04100,P0013,2,14176.0,0
OD007217,O04101,P0077,4,57019.0,0
OD007218,O04101,P0122,3,2157.0,0
OD007219,O04101,P0155,4,72075.0,0
OD007220,O04102,P0076,1,894.0,15
OD007221,O04102,P0002,4,19789.0,0
OD007222,O04102,P0018,4,77174.0,0
OD007223,O04103,P0027,4,51235.0,0
OD007224,O04104,P0043,1,8969.0,10
OD007225,O04105,P0100,4,656.0,20
OD007226,O04106,P0077,4,57019.0,5
OD007227,O04107,P0002,3,19789.0,15
OD007228,O04108,P0143,4,4601.0,0
OD007229,O04109,P0098,3,565.0,15
OD007230,O04109,P0083,1,62137.0,0
OD007231,O04110,P0093,2,3411.0,0
OD007232,O04111,P0022,4,84820.0,25
OD007233,O04111,P0031,3,29153.0,20
OD007234,O04112,P0049,2,2043.0,10
OD007235,O04113,P0038,4,2566.0,10
OD007236,O04113,P0068,4,1904.0,25
OD007237,O04114,P0020,4,11958.0,0
OD007238,O04114,P0067,4,4637.0,10
OD007239,O04115,P0009,2,37963.0,5
OD007240,O04115,P0037,1,6843.0,0
OD007241,O04115,P0056,4,9595.0,0
OD007242,O04116,P0008,3,30393.0,20
OD007243,O04116,P0073,3,1183.0,10
OD007244,O04116,P0120,1,1825.0,0
OD007245,O04117,P0085,2,8130.0,5
OD007246,O04117,P0099,4,1622.0,20
OD007247,O04117,P0124,2,129.0,0
OD007248,O04118,P0034,3,36218.0,15
OD007249,O04119,P0059,1,9307.0,10
OD007250,O04120,P0140,2,6575.0,25
OD007251,O04121,P0059,3,9307.0,15
OD007252,O04122,P0076,1,894.0,5
OD007253,O04123,P0079,4,54272.0,10
OD007254,O04124,P0003,3,12895.0,0
OD007255,O04125,P0017,2,39927.0,0
OD007256,O04125,P0077,3,57019.0,15
OD007257,O04126,P0078,4,8600.0,25
OD007258,O04126,P0037,1,6843.0,5
OD007259,O04127,P0098,1,565.0,10
OD007260,O04128,P0025,1,81340.0,5
OD007261,O04129,P0114,1,1392.0,0
OD007262,O04130,P0145,4,38085.0,0
OD007263,O04131,P0037,3,6843.0,10
OD007264,O04132,P0092,1,11144.0,10
OD007265,O04132,P0036,1,78122.0,10
OD007266,O04133,P0103,2,771.0,10
OD007267,O04134,P0015,4,61717.0,25
OD007268,O04134,P0038,1,2566.0,0
OD007269,O04134,P0068,2,1904.0,15
OD007270,O04135,P0057,1,8262.0,0
OD007271,O04135,P0053,4,5610.0,0
OD007272,O04136,P0049,1,2043.0,10
OD007273,O04136,P0114,3,1392.0,0
OD007274,O04137,P0017,4,39927.0,15
OD007275,O04138,P0089,4,2997.0,20
OD007276,O04139,P0031,3,29153.0,0
OD007277,O04139,P0042,1,6552.0,15
OD007278,O04140,P0052,4,8989.0,0
OD007279,O04140,P0039,1,1789.0,10
OD007280,O04140,P0141,3,27658.0,25
OD007281,O04141,P0024,1,89341.0,10
OD007282,O04142,P0104,4,4730.0,20
OD007283,O04142,P0098,3,565.0,20
OD007284,O04143,P0026,1,33587.0,0
OD007285,O04144,P0068,2,1904.0,0
OD007286,O04145,P0042,4,6552.0,0
OD007287,O04146,P0071,4,4311.0,0
OD007288,O04147,P0133,3,3741.0,10
OD007289,O04147,P0026,4,33587.0,15
OD007290,O04148,P0074,1,3972.0,10
OD007291,O04149,P0036,3,78122.0,25
OD007292,O04149,P0143,2,4601.0,0
OD007293,O04150,P0088,1,3802.0,0
OD007294,O04150,P0028,1,30285.0,0
OD007295,O04150,P0046,2,5108.0,15
OD007296,O04150,P0108,2,2690.0,5
OD007297,O04151,P0061,2,3770.0,0
OD007298,O04152,P0094,4,1258.0,20
OD007299,O04153,P0016,3,51115.0,10
OD007300,O04154,P0036,2,78122.0,15
OD007301,O04154,P0145,2,38085.0,5
OD007302,O04154,P0117,3,948.0,10
OD007303,O04155,P0104,3,4730.0,10
OD007304,O04156,P0125,2,2245.0,0
OD007305,O04156,P0007,2,27562.0,25
OD007306,O04157,P0144,1,44525.0,0
OD007307,O04157,P0048,3,8501.0,10
OD007308,O04158,P0032,3,29369.0,0
OD007309,O04159,P0023,3,50020.0,0
OD007310,O04159,P0003,2,12895.0,25
OD007311,O04160,P0004,3,5665.0,10
OD007312,O04160,P0121,2,2262.0,0
OD007313,O04161,P0102,2,4842.0,20
OD007314,O04161,P0045,3,4671.0,0
OD007315,O04161,P0062,2,11980.0,20
OD007316,O04162,P0123,4,3569.0,10
OD007317,O04163,P0025,3,81340.0,0
OD007318,O04163,P0102,2,4842.0,0
OD007319,O04163,P0136,3,2962.0,5
OD007320,O04164,P0155,2,72075.0,0
OD007321,O04165,P0118,3,1045.0,20
OD007322,O04165,P0102,4,4842.0,10
OD007323,O04166,P0056,2,9595.0,25
OD007324,O04166,P0115,1,2578.0,20
OD007325,O04166,P0125,2,2245.0,5
OD007326,O04167,P0072,1,4076.0,15
OD007327,O04168,P0014,3,80631.0,10
OD007328,O04168,P0035,1,75079.0,10
OD007329,O04169,P0028,2,30285.0,10
OD007330,O04169,P0050,1,10277.0,20
OD007331,O04170,P0055,2,4223.0,25
OD007332,O04170,P0012,4,14896.0,0
OD007333,O04170,P0069,3,582.0,10
OD007334,O04171,P0056,2,9595.0,5
OD007335,O04171,P0044,4,488.0,0
OD007336,O04172,P0049,2,2043.0,10
OD007337,O04172,P0138,4,55464.0,5
OD007338,O04173,P0071,1,4311.0,10
OD007339,O04174,P0084,2,59582.0,0
OD007340,O04175,P0136,2,2962.0,0
OD007341,O04176,P0062,4,11980.0,10
OD007342,O04176,P0049,1,2043.0,0
OD007343,O04176,P0109,1,3854.0,10
OD007344,O04176,P0060,2,8945.0,0
OD007345,O04177,P0058,4,2360.0,0
OD007346,O04177,P0060,2,8945.0,10
OD007347,O04178,P0050,3,10277.0,20
OD007348,O04178,P0016,4,51115.0,10
OD007349,O04179,P0049,4,2043.0,5
OD007350,O04179,P0008,4,30393.0,0
OD007351,O04180,P0128,4,11621.0,25
OD007352,O04181,P0098,1,565.0,10
OD007353,O04182,P0120,2,1825.0,25
OD007354,O04183,P0090,1,6696.0,0
OD007355,O04183,P0131,2,2388.0,5
OD007356,O04183,P0026,4,33587.0,10
OD007357,O04184,P0023,3,50020.0,5
OD007358,O04185,P0107,4,1172.0,15
OD007359,O04185,P0016,3,51115.0,10
OD007360,O04186,P0098,2,565.0,10
OD007361,O04187,P0002,2,19789.0,0
OD007362,O04187,P0005,2,30157.0,0
OD007363,O04187,P0034,2,36218.0,10
OD007364,O04188,P0021,3,51323.0,10
OD007365,O04188,P0033,2,85759.0,15
OD007366,O04189,P0146,1,53886.0,20
OD007367,O04190,P0141,4,27658.0,0
OD007368,O04191,P0050,4,10277.0,5
OD007369,O04191,P0083,3,62137.0,10
OD007370,O04191,P0045,1,4671.0,0
OD007371,O04192,P0113,2,2101.0,25
OD007372,O04192,P0039,2,1789.0,0
OD007373,O04192,P0023,1,50020.0,15
OD007374,O04192,P0061,2,3770.0,25
OD007375,O04193,P0109,4,3854.0,0
OD007376,O04193,P0155,3,72075.0,0
OD007377,O04193,P0111,4,1846.0,25
OD007378,O04193,P0112,3,1185.0,20
OD007379,O04194,P0126,1,4619.0,0
OD007380,O04194,P0098,2,565.0,15
OD007381,O04195,P0125,1,2245.0,10
OD007382,O04195,P0150,4,58459.0,10
OD007383,O04196,P0145,4,38085.0,0
OD007384,O04196,P0054,3,2132.0,0
OD007385,O04197,P0103,4,771.0,10
OD007386,O04197,P0072,1,4076.0,0
OD007387,O04198,P0118,2,1045.0,25
OD007388,O04199,P0017,1,39927.0,25
OD007389,O04199,P0035,4,75079.0,0
OD007390,O04200,P0140,1,6575.0,0
OD007391,O04200,P0030,4,54081.0,0
OD007392,O04201,P0015,2,61717.0,5
OD007393,O04202,P0152,1,16657.0,5
OD007394,O04202,P0047,4,7733.0,25
OD007395,O04203,P0121,3,2262.0,25
OD007396,O04204,P0145,3,38085.0,10
OD007397,O04204,P0067,3,4637.0,5
OD007398,O04205,P0056,4,9595.0,0
OD007399,O04205,P0006,1,80407.0,5
OD007400,O04205,P0020,2,11958.0,15
OD007401,O04206,P0026,4,33587.0,20
OD007402,O04206,P0076,4,894.0,5
OD007403,O04206,P0032,2,29369.0,0
OD007404,O04207,P0102,1,4842.0,25
OD007405,O04207,P0131,1,2388.0,10
OD007406,O04208,P0115,3,2578.0,5
OD007407,O04209,P0138,4,55464.0,20
OD007408,O04210,P0145,4,38085.0,25
OD007409,O04211,P0113,3,2101.0,0
OD007410,O04211,P0006,1,80407.0,25
OD007411,O04212,P0094,1,1258.0,0
OD007412,O04213,P0046,4,5108.0,10
OD007413,O04213,P0029,4,31521.0,0
OD007414,O04213,P0069,1,582.0,5
OD007415,O04214,P0149,2,6514.0,15
OD007416,O04215,P0045,4,4671.0,10
OD007417,O04216,P0086,2,13724.0,0
OD007418,O04217,P0117,2,948.0,0
OD007419,O04218,P0019,4,7506.0,25
OD007420,O04219,P0141,1,27658.0,10
OD007421,O04220,P0113,2,2101.0,0
OD007422,O04221,P0050,3,10277.0,25
OD007423,O04222,P0138,1,55464.0,0
OD007424,O04222,P0130,3,9352.0,0
OD007425,O04223,P0078,2,8600.0,0
OD007426,O04224,P0006,1,80407.0,15
OD007427,O04224,P0122,3,2157.0,0
OD007428,O04224,P0041,4,10071.0,0
OD007429,O04225,P0116,1,164.0,25
OD007430,O04225,P0124,1,129.0,0
OD007431,O04225,P0075,3,3434.0,5
OD007432,O04226,P0135,1,10468.0,0
OD007433,O04227,P0107,1,1172.0,20
OD007434,O04227,P0077,2,57019.0,10
OD007435,O04227,P0058,1,2360.0,5
OD007436,O04227,P0095,4,1298.0,0
OD007437,O04228,P0066,1,5839.0,0
OD007438,O04229,P0057,4,8262.0,0
OD007439,O04230,P0028,1,30285.0,10
OD007440,O04231,P0003,3,12895.0,15
OD007441,O04232,P0054,1,2132.0,5
OD007442,O04232,P0013,4,14176.0,0
OD007443,O04233,P0064,4,8779.0,0
OD007444,O04233,P0036,4,78122.0,0
OD007445,O04233,P0140,1,6575.0,10
OD007446,O04234,P0094,1,1258.0,15
OD007447,O04235,P0011,2,21879.0,10
OD007448,O04235,P0087,2,6958.0,5
OD007449,O04236,P0126,3,4619.0,0
OD007450,O04236,P0090,1,6696.0,15
OD007451,O04236,P0075,2,3434.0,15
OD007452,O04236,P0095,2,1298.0,10
OD007453,O04237,P0086,1,13724.0,10
OD007454,O04237,P0105,3,2236.0,15
OD007455,O04237,P0074,1,3972.0,20
OD007456,O04237,P0044,2,488.0,0
OD007457,O04238,P0001,3,37548.0,0
OD007458,O04238,P0074,3,3972.0,0
OD007459,O04238,P0154,2,58654.0,5
OD007460,O04239,P0121,1,2262.0,15
OD007461,O04239,P0149,4,6514.0,5
OD007462,O04240,P0074,2,3972.0,10
OD007463,O04241,P0129,4,890.0,10
OD007464,O04241,P0076,1,894.0,5
OD007465,O04241,P0001,3,37548.0,15
OD007466,O04241,P0003,4,12895.0,10
OD007467,O04242,P0108,1,2690.0,5
OD007468,O04243,P0040,2,2804.0,25
OD007469,O04243,P0029,3,31521.0,20
OD007470,O04244,P0103,2,771.0,0
OD007471,O04245,P0061,1,3770.0,0
OD007472,O04245,P0089,1,2997.0,25
OD007473,O04246,P0131,4,2388.0,0
OD007474,O04247,P0014,4,80631.0,10
OD007475,O04247,P0035,1,75079.0,0
OD007476,O04248,P0003,4,12895.0,25
OD007477,O04248,P0139,2,22366.0,0
OD007478,O04249,P0002,3,19789.0,0
OD007479,O04250,P0072,1,4076.0,5
OD007480,O04250,P0074,3,3972.0,10
OD007481,O04250,P0062,3,11980.0,25
OD007482,O04250,P0011,3,21879.0,15
OD007483,O04251,P0127,3,458.0,0
OD007484,O04251,P0062,1,11980.0,0
OD007485,O04251,P0056,1,9595.0,0
OD007486,O04252,P0146,2,53886.0,0
OD007487,O04253,P0069,3,582.0,0
OD007488,O04254,P0140,1,6575.0,15
OD007489,O04254,P0068,1,1904.0,0
OD007490,O04255,P0149,3,6514.0,0
OD007491,O04255,P0012,4,14896.0,10
OD007492,O04255,P0098,1,565.0,0
OD007493,O04256,P0057,4,8262.0,20
OD007494,O04257,P0083,1,62137.0,10
OD007495,O04257,P0102,4,4842.0,0
OD007496,O04258,P0131,2,2388.0,0
OD007497,O04258,P0084,3,59582.0,5
OD007498,O04258,P0121,4,2262.0,10
OD007499,O04259,P0024,4,89341.0,0
OD007500,O04260,P0007,1,27562.0,10
OD007501,O04261,P0122,4,2157.0,0
OD007502,O04261,P0081,1,71792.0,5
OD007503,O04261,P0043,4,8969.0,10
OD007504,O04262,P0112,4,1185.0,15
OD007505,O04263,P0100,1,656.0,10
OD007506,O04263,P0105,3,2236.0,0
OD007507,O04264,P0093,4,3411.0,0
OD007508,O04264,P0033,4,85759.0,10
OD007509,O04265,P0057,1,8262.0,10
OD007510,O04266,P0133,3,3741.0,10
OD007511,O04267,P0028,1,30285.0,0
OD007512,O04268,P0107,1,1172.0,15
OD007513,O04269,P0077,3,57019.0,10
OD007514,O04269,P0134,4,6094.0,5
OD007515,O04270,P0103,4,771.0,10
OD007516,O04270,P0033,2,85759.0,20
OD007517,O04270,P0081,2,71792.0,10
OD007518,O04270,P0153,2,26414.0,15
OD007519,O04271,P0149,1,6514.0,0
OD007520,O04271,P0104,2,4730.0,10
OD007521,O04272,P0018,1,77174.0,10
OD007522,O04273,P0080,3,34091.0,20
OD007523,O04273,P0049,1,2043.0,0
OD007524,O04274,P0093,4,3411.0,0
OD007525,O04274,P0057,4,8262.0,10
OD007526,O04274,P0130,1,9352.0,20
OD007527,O04275,P0136,4,2962.0,0
OD007528,O04276,P0074,3,3972.0,0
OD007529,O04277,P0096,2,1121.0,0
OD007530,O04278,P0151,1,58699.0,20
OD007531,O04279,P0017,2,39927.0,25
OD007532,O04280,P0019,3,7506.0,10
OD007533,O04281,P0121,4,2262.0,10
OD007534,O04281,P0003,3,12895.0,0
OD007535,O04281,P0060,1,8945.0,15
OD007536,O04282,P0135,4,10468.0,0
OD007537,O04283,P0042,3,6552.0,25
OD007538,O04284,P0143,1,4601.0,20
OD007539,O04285,P0006,2,80407.0,5
OD007540,O04286,P0145,4,38085.0,0
OD007541,O04286,P0138,1,55464.0,25
OD007542,O04287,P0128,4,11621.0,10
OD007543,O04288,P0047,1,7733.0,0
OD007544,O04289,P0077,4,57019.0,10
OD007545,O04289,P0039,4,1789.0,10
OD007546,O04289,P0020,4,11958.0,20
OD007547,O04290,P0150,4,58459.0,25
OD007548,O04291,P0037,4,6843.0,0
OD007549,O04291,P0148,3,24905.0,0
OD007550,O04291,P0118,3,1045.0,10
OD007551,O04292,P0143,1,4601.0,10
OD007552,O04293,P0117,2,948.0,10
OD007553,O04294,P0113,1,2101.0,0
OD007554,O04295,P0140,1,6575.0,0
OD007555,O04295,P0100,2,656.0,25
OD007556,O04296,P0070,3,357.0,0
OD007557,O04297,P0092,2,11144.0,10
OD007558,O04298,P0076,2,894.0,0
OD007559,O04298,P0085,2,8130.0,0
OD007560,O04299,P0063,4,11304.0,10
OD007561,O04299,P0050,1,10277.0,25
OD007562,O04299,P0012,1,14896.0,25
OD007563,O04300,P0014,3,80631.0,0
OD007564,O04301,P0059,2,9307.0,0
OD007565,O04301,P0014,3,80631.0,5
OD007566,O04302,P0018,4,77174.0,20
OD007567,O04303,P0052,1,8989.0,25
OD007568,O04304,P0081,1,71792.0,5
OD007569,O04305,P0045,3,4671.0,0
OD007570,O04305,P0145,1,38085.0,15
OD007571,O04306,P0147,4,5117.0,15
OD007572,O04306,P0046,2,5108.0,0
OD007573,O04307,P0130,1,9352.0,0
OD007574,O04307,P0033,3,85759.0,0
OD007575,O04308,P0045,1,4671.0,20
OD007576,O04308,P0135,1,10468.0,10
OD007577,O04308,P0019,4,7506.0,10
OD007578,O04309,P0066,3,5839.0,10
OD007579,O04309,P0109,3,3854.0,0
OD007580,O04309,P0081,4,71792.0,0
OD007581,O04309,P0148,3,24905.0,5
OD007582,O04310,P0080,4,34091.0,20
OD007583,O04310,P0013,2,14176.0,25
OD007584,O04311,P0015,2,61717.0,0
OD007585,O04311,P0082,3,56796.0,10
OD007586,O04312,P0024,4,89341.0,10
OD007587,O04313,P0138,4,55464.0,0
OD007588,O04313,P0001,4,37548.0,0
OD007589,O04314,P0083,2,62137.0,0
OD007590,O04314,P0031,4,29153.0,5
OD007591,O04315,P0021,3,51323.0,5
OD007592,O04316,P0123,1,3569.0,5
OD007593,O04317,P0087,1,6958.0,0
OD007594,O04317,P0106,3,2055.0,15
OD007595,O04318,P0146,3,53886.0,0
OD007596,O04319,P0066,3,5839.0,0
OD007597,O04319,P0063,2,11304.0,10
OD007598,O04319,P0035,2,75079.0,0
OD007599,O04320,P0125,4,2245.0,25
OD007600,O04320,P0007,2,27562.0,0
OD007601,O04320,P0013,4,14176.0,15
OD007602,O04321,P0064,1,8779.0,15
OD007603,O04321,P0133,1,3741.0,10
OD007604,O04321,P0116,1,164.0,0
OD007605,O04322,P0079,1,54272.0,0
OD007606,O04323,P0017,2,39927.0,5
OD007607,O04323,P0133,4,3741.0,5
OD007608,O04324,P0093,2,3411.0,20
OD007609,O04325,P0075,1,3434.0,0
OD007610,O04326,P0064,1,8779.0,25
OD007611,O04327,P0083,2,62137.0,10
OD007612,O04327,P0114,1,1392.0,5
OD007613,O04327,P0039,3,1789.0,20
OD007614,O04327,P0001,1,37548.0,15
OD007615,O04328,P0022,2,84820.0,15
OD007616,O04328,P0038,1,2566.0,0
OD007617,O04329,P0150,3,58459.0,20
OD007618,O04330,P0109,2,3854.0,0
OD007619,O04331,P0017,3,39927.0,20
OD007620,O04332,P0057,2,8262.0,10
OD007621,O04332,P0084,3,59582.0,0
OD007622,O04333,P0003,3,12895.0,10
OD007623,O04334,P0152,4,16657.0,10
OD007624,O04334,P0042,4,6552.0,5
OD007625,O04335,P0005,1,30157.0,15
OD007626,O04336,P0156,3,58031.0,0
OD007627,O04336,P0045,4,4671.0,15
OD007628,O04337,P0147,1,5117.0,0
OD007629,O04338,P0122,3,2157.0,5
OD007630,O04338,P0057,2,8262.0,0
OD007631,O04339,P0095,3,1298.0,20
OD007632,O04340,P0067,1,4637.0,15
OD007633,O04340,P0151,3,58699.0,15
OD007634,O04341,P0122,1,2157.0,10
OD007635,O04342,P0153,1,26414.0,0
OD007636,O04342,P0133,3,3741.0,10
OD007637,O04342,P0135,4,10468.0,0
OD007638,O04343,P0083,2,62137.0,15
OD007639,O04343,P0046,1,5108.0,20
OD007640,O04344,P0060,4,8945.0,0
OD007641,O04345,P0061,4,3770.0,5
OD007642,O04345,P0009,4,37963.0,5
OD007643,O04345,P0067,1,4637.0,10
OD007644,O04346,P0153,1,26414.0,25
OD007645,O04346,P0010,1,56892.0,5
OD007646,O04347,P0082,2,56796.0,0
OD007647,O04348,P0124,2,129.0,25
OD007648,O04348,P0022,1,84820.0,10
OD007649,O04349,P0009,2,37963.0,0
OD007650,O04350,P0155,2,72075.0,10
OD007651,O04350,P0140,1,6575.0,0
OD007652,O04351,P0017,4,39927.0,15
OD007653,O04352,P0080,2,34091.0,20
OD007654,O04353,P0112,4,1185.0,25
OD007655,O04354,P0044,2,488.0,5
OD007656,O04354,P0013,4,14176.0,0
OD007657,O04354,P0002,2,19789.0,20
OD007658,O04355,P0131,1,2388.0,25
OD007659,O04355,P0151,1,58699.0,10
OD007660,O04355,P0097,3,4219.0,5
OD007661,O04356,P0121,2,2262.0,10
OD007662,O04356,P0008,2,30393.0,0
OD007663,O04357,P0097,1,4219.0,5
OD007664,O04357,P0091,4,4973.0,20
OD007665,O04357,P0006,1,80407.0,15
OD007666,O04358,P0095,2,1298.0,5
OD007667,O04359,P0034,1,36218.0,20
OD007668,O04359,P0084,4,59582.0,15
OD007669,O04360,P0051,4,6426.0,10
OD007670,O04361,P0040,1,2804.0,20
OD007671,O04361,P0018,2,77174.0,15
OD007672,O04362,P0082,3,56796.0,25
OD007673,O04362,P0129,1,890.0,0
OD007674,O04362,P0039,3,1789.0,0
OD007675,O04363,P0150,1,58459.0,15
OD007676,O04364,P0082,1,56796.0,0
OD007677,O04365,P0129,2,890.0,20
OD007678,O04365,P0101,2,1082.0,25
OD007679,O04366,P0149,2,6514.0,0
OD007680,O04367,P0155,2,72075.0,0
OD007681,O04367,P0089,4,2997.0,25
OD007682,O04368,P0037,4,6843.0,10
OD007683,O04369,P0027,3,51235.0,5
OD007684,O04370,P0017,4,39927.0,25
OD007685,O04370,P0002,2,19789.0,5
OD007686,O04370,P0034,2,36218.0,0
OD007687,O04371,P0097,3,4219.0,25
OD007688,O04372,P0065,1,4361.0,10
OD007689,O04373,P0125,2,2245.0,5
OD007690,O04374,P0024,4,89341.0,20
OD007691,O04374,P0020,1,11958.0,0
OD007692,O04374,P0144,3,44525.0,15
OD007693,O04374,P0095,4,1298.0,0
OD007694,O04375,P0019,3,7506.0,0
OD007695,O04375,P0124,2,129.0,25
OD007696,O04375,P0031,1,29153.0,10
OD007697,O04375,P0155,3,72075.0,20
OD007698,O04376,P0029,2,31521.0,0
OD007699,O04377,P0114,2,1392.0,15
OD007700,O04377,P0141,2,27658.0,10
OD007701,O04377,P0083,4,62137.0,10
OD007702,O04377,P0147,3,5117.0,15
OD007703,O04378,P0008,4,30393.0,25
OD007704,O04379,P0062,4,11980.0,0
OD007705,O04379,P0017,4,39927.0,5
OD007706,O04380,P0136,2,2962.0,20
OD007707,O04380,P0114,4,1392.0,15
OD007708,O04380,P0004,1,5665.0,15
OD007709,O04381,P0012,2,14896.0,10
OD007710,O04381,P0148,1,24905.0,5
OD007711,O04381,P0123,4,3569.0,25
OD007712,O04381,P0118,1,1045.0,15
OD007713,O04382,P0133,4,3741.0,10
OD007714,O04383,P0055,4,4223.0,25
OD007715,O04384,P0124,2,129.0,15
OD007716,O04385,P0051,2,6426.0,5
OD007717,O04386,P0128,3,11621.0,15
OD007718,O04387,P0014,3,80631.0,10
OD007719,O04387,P0156,2,58031.0,10
OD007720,O04388,P0076,4,894.0,20
OD007721,O04389,P0055,3,4223.0,0
OD007722,O04389,P0033,3,85759.0,10
OD007723,O04389,P0078,2,8600.0,15
OD007724,O04390,P0105,2,2236.0,20
OD007725,O04391,P0056,2,9595.0,5
OD007726,O04392,P0141,4,27658.0,0
OD007727,O04392,P0015,3,61717.0,0
OD007728,O04393,P0126,3,4619.0,0
OD007729,O04394,P0062,4,11980.0,20
OD007730,O04395,P0120,2,1825.0,0
OD007731,O04395,P0114,4,1392.0,25
OD007732,O04396,P0135,3,10468.0,25
OD007733,O04397,P0085,1,8130.0,15
OD007734,O04397,P0098,1,565.0,0
OD007735,O04398,P0089,4,2997.0,15
OD007736,O04398,P0060,2,8945.0,0
OD007737,O04398,P0120,3,1825.0,0
OD007738,O04398,P0043,2,8969.0,25
OD007739,O04399,P0011,1,21879.0,10
OD007740,O04399,P0116,2,164.0,20
OD007741,O04399,P0150,3,58459.0,0
OD007742,O04399,P0154,2,58654.0,15
OD007743,O04400,P0118,1,1045.0,25
OD007744,O04400,P0109,4,3854.0,10
OD007745,O04401,P0115,1,2578.0,0
OD007746,O04402,P0015,1,61717.0,20
OD007747,O04402,P0140,1,6575.0,20
OD007748,O04403,P0083,2,62137.0,5
OD007749,O04403,P0129,1,890.0,5
OD007750,O04403,P0135,2,10468.0,10
OD007751,O04404,P0050,4,10277.0,10
OD007752,O04405,P0120,2,1825.0,10
OD007753,O04405,P0070,1,357.0,0
OD007754,O04406,P0022,4,84820.0,10
OD007755,O04406,P0048,4,8501.0,10
OD007756,O04406,P0056,3,9595.0,10
OD007757,O04407,P0099,4,1622.0,5
OD007758,O04408,P0078,1,8600.0,0
OD007759,O04408,P0152,4,16657.0,0
OD007760,O04409,P0096,4,1121.0,0
OD007761,O04409,P0028,3,30285.0,10
OD007762,O04410,P0083,3,62137.0,0
OD007763,O04411,P0087,4,6958.0,0
OD007764,O04412,P0130,4,9352.0,15
OD007765,O04412,P0144,1,44525.0,15
OD007766,O04413,P0124,1,129.0,10
OD007767,O04413,P0034,2,36218.0,0
OD007768,O04413,P0145,4,38085.0,15
OD007769,O04414,P0076,2,894.0,10
OD007770,O04415,P0047,3,7733.0,15
OD007771,O04416,P0080,1,34091.0,25
OD007772,O04416,P0076,1,894.0,10
OD007773,O04417,P0012,4,14896.0,20
OD007774,O04418,P0103,3,771.0,10
OD007775,O04419,P0098,1,565.0,15
OD007776,O04420,P0054,3,2132.0,0
OD007777,O04420,P0098,4,565.0,0
OD007778,O04421,P0112,2,1185.0,25
OD007779,O04422,P0083,3,62137.0,15
OD007780,O04422,P0032,4,29369.0,15
OD007781,O04423,P0044,1,488.0,25
OD007782,O04423,P0083,4,62137.0,10
OD007783,O04424,P0098,1,565.0,10
OD007784,O04424,P0112,1,1185.0,10
OD007785,O04425,P0003,2,12895.0,15
OD007786,O04425,P0152,2,16657.0,10
OD007787,O04426,P0037,3,6843.0,10
OD007788,O04426,P0124,1,129.0,0
OD007789,O04427,P0007,4,27562.0,0
OD007790,O04427,P0095,2,1298.0,20
OD007791,O04427,P0132,1,6274.0,0
OD007792,O04428,P0100,2,656.0,0
OD007793,O04429,P0064,3,8779.0,10
OD007794,O04429,P0054,2,2132.0,0
OD007795,O04430,P0036,1,78122.0,5
OD007796,O04430,P0025,3,81340.0,10
OD007797,O04431,P0143,4,4601.0,0
OD007798,O04432,P0043,4,8969.0,0
OD007799,O04432,P0073,3,1183.0,15
OD007800,O04432,P0095,4,1298.0,25
OD007801,O04433,P0050,2,10277.0,0
OD007802,O04434,P0073,2,1183.0,15
OD007803,O04435,P0063,2,11304.0,20
OD007804,O04436,P0014,3,80631.0,0
OD007805,O04436,P0142,1,41501.0,10
OD007806,O04437,P0083,4,62137.0,20
OD007807,O04438,P0132,4,6274.0,20
OD007808,O04439,P0073,2,1183.0,0
OD007809,O04439,P0001,2,37548.0,10
OD007810,O04440,P0024,4,89341.0,20
OD007811,O04440,P0121,2,2262.0,20
OD007812,O04440,P0093,1,3411.0,15
OD007813,O04441,P0084,3,59582.0,20
OD007814,O04442,P0003,1,12895.0,0
OD007815,O04442,P0038,1,2566.0,10
OD007816,O04443,P0016,1,51115.0,0
OD007817,O04444,P0114,3,1392.0,10
OD007818,O04444,P0075,2,3434.0,25
OD007819,O04445,P0131,2,2388.0,15
OD007820,O04445,P0071,4,4311.0,15
OD007821,O04445,P0076,3,894.0,0
OD007822,O04446,P0124,4,129.0,15
OD007823,O04447,P0106,4,2055.0,25
OD007824,O04448,P0127,4,458.0,0
OD007825,O04448,P0098,4,565.0,25
OD007826,O04449,P0093,1,3411.0,10
OD007827,O04450,P0054,2,2132.0,10
OD007828,O04451,P0099,3,1622.0,0
OD007829,O04451,P0053,3,5610.0,10
OD007830,O04452,P0067,3,4637.0,0
OD007831,O04453,P0024,4,89341.0,0
OD007832,O04454,P0027,3,51235.0,10
OD007833,O04455,P0016,4,51115.0,25
OD007834,O04455,P0044,4,488.0,0
OD007835,O04456,P0151,3,58699.0,10
OD007836,O04457,P0095,2,1298.0,25
OD007837,O04458,P0099,1,1622.0,20
OD007838,O04459,P0059,1,9307.0,5
OD007839,O04460,P0066,3,5839.0,15
OD007840,O04460,P0029,1,31521.0,5
OD007841,O04461,P0154,2,58654.0,25
OD007842,O04462,P0117,1,948.0,5
OD007843,O04462,P0077,3,57019.0,15
OD007844,O04462,P0110,1,919.0,0
OD007845,O04463,P0137,3,4748.0,25
OD007846,O04463,P0029,4,31521.0,20
OD007847,O04464,P0068,4,1904.0,10
OD007848,O04465,P0110,2,919.0,5
OD007849,O04466,P0134,2,6094.0,10
OD007850,O04466,P0108,4,2690.0,20
OD007851,O04466,P0010,4,56892.0,10
OD007852,O04467,P0140,4,6575.0,5
OD007853,O04467,P0019,1,7506.0,20
OD007854,O04468,P0145,1,38085.0,25
OD007855,O04468,P0132,4,6274.0,0
OD007856,O04469,P0067,4,4637.0,25
OD007857,O04470,P0107,4,1172.0,5
OD007858,O04471,P0148,4,24905.0,5
OD007859,O04471,P0151,1,58699.0,5
OD007860,O04472,P0125,2,2245.0,0
OD007861,O04473,P0058,4,2360.0,0
OD007862,O04473,P0107,3,1172.0,25
OD007863,O04474,P0080,1,34091.0,10
OD007864,O04475,P0102,3,4842.0,10
OD007865,O04476,P0108,4,2690.0,0
OD007866,O04476,P0031,3,29153.0,5
OD007867,O04477,P0130,3,9352.0,5
OD007868,O04478,P0066,3,5839.0,10
OD007869,O04478,P0142,1,41501.0,0
OD007870,O04478,P0017,1,39927.0,20
OD007871,O04479,P0028,1,30285.0,25
OD007872,O04480,P0116,1,164.0,0
OD007873,O04480,P0107,2,1172.0,10
OD007874,O04481,P0037,2,6843.0,25
OD007875,O04481,P0094,1,1258.0,0
OD007876,O04481,P0045,2,4671.0,0
OD007877,O04482,P0091,4,4973.0,10
OD007878,O04483,P0060,3,8945.0,15
OD007879,O04484,P0115,4,2578.0,0
OD007880,O04484,P0071,1,4311.0,0
OD007881,O04485,P0070,2,357.0,5
OD007882,O04485,P0048,1,8501.0,10
OD007883,O04486,P0016,3,51115.0,0
OD007884,O04487,P0134,1,6094.0,10
OD007885,O04487,P0017,4,39927.0,10
OD007886,O04487,P0144,3,44525.0,0
OD007887,O04488,P0033,4,85759.0,0
OD007888,O04489,P0060,2,8945.0,20
OD007889,O04489,P0014,4,80631.0,5
OD007890,O04490,P0025,2,81340.0,5
OD007891,O04490,P0001,3,37548.0,15
OD007892,O04490,P0026,3,33587.0,0
OD007893,O04491,P0106,3,2055.0,10
OD007894,O04492,P0085,4,8130.0,15
OD007895,O04492,P0055,4,4223.0,0
OD007896,O04493,P0045,2,4671.0,10
OD007897,O04494,P0133,4,3741.0,10
OD007898,O04495,P0135,2,10468.0,0
OD007899,O04496,P0104,1,4730.0,20
OD007900,O04496,P0121,2,2262.0,0
OD007901,O04497,P0148,3,24905.0,0
OD007902,O04497,P0051,2,6426.0,10
OD007903,O04498,P0032,4,29369.0,10
OD007904,O04498,P0137,3,4748.0,10
OD007905,O04499,P0011,1,21879.0,0
OD007906,O04500,P0086,1,13724.0,5
OD007907,O04500,P0112,3,1185.0,15
OD007908,O04500,P0104,4,4730.0,0
OD007909,O04501,P0121,3,2262.0,0
OD007910,O04502,P0148,2,24905.0,25
OD007911,O04503,P0145,1,38085.0,10
OD007912,O04503,P0025,2,81340.0,10
OD007913,O04503,P0052,2,8989.0,10
OD007914,O04504,P0146,3,53886.0,0
OD007915,O04504,P0019,3,7506.0,15
OD007916,O04504,P0102,2,4842.0,25
OD007917,O04505,P0034,4,36218.0,0
OD007918,O04505,P0097,4,4219.0,25
OD007919,O04506,P0107,2,1172.0,25
OD007920,O04507,P0044,4,488.0,10
OD007921,O04508,P0025,2,81340.0,10
OD007922,O04508,P0023,1,50020.0,20
OD007923,O04508,P0040,3,2804.0,0
OD007924,O04509,P0008,3,30393.0,0
OD007925,O04509,P0086,3,13724.0,25
OD007926,O04510,P0088,2,3802.0,10
OD007927,O04510,P0023,1,50020.0,10
OD007928,O04510,P0004,3,5665.0,10
OD007929,O04511,P0071,3,4311.0,0
OD007930,O04512,P0091,4,4973.0,0
OD007931,O04513,P0039,4,1789.0,0
OD007932,O04513,P0022,1,84820.0,10
OD007933,O04514,P0010,4,56892.0,5
OD007934,O04514,P0063,4,11304.0,0
OD007935,O04515,P0018,1,77174.0,5
OD007936,O04516,P0117,3,948.0,15
OD007937,O04517,P0099,3,1622.0,10
OD007938,O04518,P0072,2,4076.0,25
OD007939,O04518,P0156,1,58031.0,10
OD007940,O04518,P0033,3,85759.0,0
OD007941,O04519,P0047,2,7733.0,5
OD007942,O04520,P0095,3,1298.0,0
OD007943,O04521,P0150,4,58459.0,5
OD007944,O04521,P0124,1,129.0,10
OD007945,O04521,P0123,2,3569.0,0
OD007946,O04521,P0042,1,6552.0,5
OD007947,O04522,P0118,2,1045.0,0
OD007948,O04522,P0071,2,4311.0,15
OD007949,O04523,P0002,3,19789.0,10
OD007950,O04524,P0011,3,21879.0,10
OD007951,O04524,P0047,4,7733.0,0
OD007952,O04525,P0056,3,9595.0,20
OD007953,O04525,P0032,3,29369.0,15
OD007954,O04525,P0066,3,5839.0,20
OD007955,O04526,P0008,2,30393.0,5
OD007956,O04526,P0019,2,7506.0,10
OD007957,O04527,P0146,1,53886.0,10
OD007958,O04528,P0011,3,21879.0,20
OD007959,O04529,P0061,2,3770.0,25
OD007960,O04529,P0153,1,26414.0,10
OD007961,O04530,P0051,2,6426.0,20
OD007962,O04531,P0049,1,2043.0,0
OD007963,O04531,P0142,4,41501.0,10
OD007964,O04532,P0092,3,11144.0,15
OD007965,O04532,P0095,1,1298.0,20
OD007966,O04533,P0122,3,2157.0,15
OD007967,O04533,P0009,2,37963.0,10
OD007968,O04534,P0076,4,894.0,20
OD007969,O04534,P0078,1,8600.0,5
OD007970,O04535,P0144,4,44525.0,0
OD007971,O04535,P0135,4,10468.0,10
OD007972,O04535,P0007,4,27562.0,10
OD007973,O04536,P0014,1,80631.0,0
OD007974,O04537,P0046,3,5108.0,0
OD007975,O04538,P0105,4,2236.0,0
OD007976,O04539,P0027,3,51235.0,5
OD007977,O04539,P0120,1,1825.0,15
OD007978,O04539,P0035,3,75079.0,25
OD007979,O04540,P0072,4,4076.0,5
OD007980,O04541,P0115,1,2578.0,0
OD007981,O04541,P0128,3,11621.0,10
OD007982,O04542,P0145,3,38085.0,0
OD007983,O04542,P0037,4,6843.0,5
OD007984,O04542,P0035,1,75079.0,20
OD007985,O04543,P0100,1,656.0,0
OD007986,O04544,P0060,1,8945.0,5
OD007987,O04545,P0086,4,13724.0,0
OD007988,O04545,P0093,1,3411.0,15
OD007989,O04546,P0054,3,2132.0,0
OD007990,O04546,P0016,4,51115.0,0
OD007991,O04547,P0021,4,51323.0,15
OD007992,O04547,P0136,4,2962.0,10
OD007993,O04547,P0096,4,1121.0,0
OD007994,O04547,P0119,1,1373.0,20
OD007995,O04548,P0132,2,6274.0,10
OD007996,O04548,P0031,2,29153.0,20
OD007997,O04549,P0063,3,11304.0,0
OD007998,O04550,P0049,1,2043.0,25
OD007999,O04550,P0080,2,34091.0,0
OD008000,O04550,P0081,2,71792.0,0
OD008001,O04550,P0050,1,10277.0,0
OD008002,O04551,P0079,1,54272.0,25
OD008003,O04551,P0138,2,55464.0,0
OD008004,O04552,P0087,2,6958.0,0
OD008005,O04553,P0097,4,4219.0,10
OD008006,O04554,P0155,4,72075.0,15
OD008007,O04555,P0104,3,4730.0,5
OD008008,O04555,P0001,1,37548.0,25
OD008009,O04556,P0155,3,72075.0,0
OD008010,O04557,P0044,2,488.0,0
OD008011,O04557,P0143,4,4601.0,20
OD008012,O04558,P0028,2,30285.0,10
OD008013,O04559,P0151,3,58699.0,10
OD008014,O04560,P0037,1,6843.0,15
OD008015,O04561,P0011,4,21879.0,0
OD008016,O04562,P0090,2,6696.0,20
OD008017,O04563,P0113,2,2101.0,0
OD008018,O04563,P0062,3,11980.0,0
OD008019,O04563,P0064,1,8779.0,0
OD008020,O04564,P0117,2,948.0,0
OD008021,O04565,P0142,3,41501.0,20
OD008022,O04565,P0109,1,3854.0,0
OD008023,O04566,P0073,4,1183.0,0
OD008024,O04566,P0061,3,3770.0,15
OD008025,O04567,P0132,4,6274.0,10
OD008026,O04568,P0074,3,3972.0,20
OD008027,O04568,P0085,3,8130.0,20
OD008028,O04569,P0012,2,14896.0,5
OD008029,O04569,P0071,4,4311.0,20
OD008030,O04570,P0097,3,4219.0,10
OD008031,O04570,P0116,4,164.0,0
OD008032,O04570,P0043,1,8969.0,5
OD008033,O04571,P0092,4,11144.0,25
OD008034,O04571,P0076,3,894.0,25
OD008035,O04572,P0052,4,8989.0,10
OD008036,O04572,P0043,2,8969.0,5
OD008037,O04573,P0156,1,58031.0,10
OD008038,O04573,P0135,3,10468.0,5
OD008039,O04574,P0155,2,72075.0,0
OD008040,O04575,P0019,2,7506.0,0
OD008041,O04576,P0065,1,4361.0,0
OD008042,O04576,P0126,1,4619.0,0
OD008043,O04577,P0077,4,57019.0,10
OD008044,O04578,P0116,4,164.0,10
OD008045,O04579,P0096,4,1121.0,10
OD008046,O04580,P0102,1,4842.0,15
OD008047,O04580,P0056,2,9595.0,25
OD008048,O04581,P0057,1,8262.0,0
OD008049,O04582,P0150,2,58459.0,5
OD008050,O04583,P0137,3,4748.0,25
OD008051,O04584,P0038,4,2566.0,0
OD008052,O04585,P0019,2,7506.0,5
OD008053,O04585,P0118,1,1045.0,25
OD008054,O04585,P0032,1,29369.0,10
OD008055,O04585,P0103,1,771.0,25
OD008056,O04586,P0051,4,6426.0,0
OD008057,O04586,P0020,1,11958.0,0
OD008058,O04586,P0124,3,129.0,25
OD008059,O04587,P0077,3,57019.0,5
OD008060,O04588,P0145,3,38085.0,20
OD008061,O04589,P0010,2,56892.0,0
OD008062,O04589,P0150,1,58459.0,0
OD008063,O04589,P0021,4,51323.0,0
OD008064,O04590,P0065,1,4361.0,0
OD008065,O04590,P0038,1,2566.0,20
OD008066,O04591,P0149,4,6514.0,5
OD008067,O04591,P0117,3,948.0,0
OD008068,O04591,P0070,1,357.0,10
OD008069,O04591,P0008,2,30393.0,15
OD008070,O04592,P0088,4,3802.0,0
OD008071,O04593,P0088,4,3802.0,0
OD008072,O04594,P0055,4,4223.0,25
OD008073,O04594,P0029,4,31521.0,10
OD008074,O04594,P0012,4,14896.0,10
OD008075,O04595,P0067,4,4637.0,5
OD008076,O04596,P0072,3,4076.0,15
OD008077,O04597,P0140,3,6575.0,5
OD008078,O04597,P0121,4,2262.0,10
OD008079,O04598,P0079,3,54272.0,0
OD008080,O04598,P0009,3,37963.0,20
OD008081,O04598,P0132,4,6274.0,15
OD008082,O04598,P0041,4,10071.0,20
OD008083,O04599,P0146,2,53886.0,10
OD008084,O04599,P0128,1,11621.0,15
OD008085,O04599,P0057,4,8262.0,0
OD008086,O04600,P0144,2,44525.0,5
OD008087,O04601,P0132,1,6274.0,0
OD008088,O04601,P0086,3,13724.0,0
OD008089,O04602,P0108,3,2690.0,0
OD008090,O04602,P0116,4,164.0,0
OD008091,O04602,P0040,3,2804.0,0
OD008092,O04603,P0099,4,1622.0,5
OD008093,O04603,P0121,2,2262.0,5
OD008094,O04604,P0147,3,5117.0,20
OD008095,O04605,P0012,2,14896.0,10
OD008096,O04605,P0117,4,948.0,0
OD008097,O04605,P0031,1,29153.0,10
OD008098,O04606,P0152,3,16657.0,5
OD008099,O04606,P0116,2,164.0,25
OD008100,O04607,P0099,1,1622.0,15
OD008101,O04607,P0074,2,3972.0,0
OD008102,O04608,P0060,1,8945.0,10
OD008103,O04609,P0004,4,5665.0,15
OD008104,O04609,P0102,1,4842.0,5
OD008105,O04610,P0038,1,2566.0,10
OD008106,O04611,P0130,2,9352.0,10
OD008107,O04611,P0045,2,4671.0,10
OD008108,O04611,P0076,2,894.0,15
OD008109,O04612,P0082,4,56796.0,25
OD008110,O04613,P0123,4,3569.0,20
OD008111,O04614,P0067,2,4637.0,10
OD008112,O04614,P0022,4,84820.0,0
OD008113,O04615,P0073,3,1183.0,0
OD008114,O04616,P0120,4,1825.0,15
OD008115,O04616,P0030,2,54081.0,0
OD008116,O04617,P0104,4,4730.0,10
OD008117,O04617,P0090,2,6696.0,0
OD008118,O04617,P0149,4,6514.0,10
OD008119,O04618,P0028,2,30285.0,5
OD008120,O04619,P0061,2,3770.0,10
OD008121,O04620,P0023,1,50020.0,0
OD008122,O04620,P0057,3,8262.0,0
OD008123,O04621,P0039,2,1789.0,25
OD008124,O04622,P0117,1,948.0,25
OD008125,O04622,P0096,3,1121.0,10
OD008126,O04623,P0005,2,30157.0,15
OD008127,O04624,P0124,4,129.0,5
OD008128,O04625,P0129,2,890.0,10
OD008129,O04626,P0132,2,6274.0,25
OD008130,O04626,P0099,4,1622.0,15
OD008131,O04627,P0004,2,5665.0,10
OD008132,O04627,P0027,1,51235.0,10
OD008133,O04627,P0107,1,1172.0,20
OD008134,O04627,P0154,3,58654.0,10
OD008135,O04628,P0149,4,6514.0,15
OD008136,O04628,P0106,3,2055.0,0
OD008137,O04628,P0083,2,62137.0,10
OD008138,O04629,P0016,4,51115.0,25
OD008139,O04630,P0045,1,4671.0,15
OD008140,O04630,P0052,2,8989.0,0
OD008141,O04631,P0110,1,919.0,20
OD008142,O04632,P0017,3,39927.0,0
OD008143,O04633,P0115,3,2578.0,10
OD008144,O04633,P0103,3,771.0,20
OD008145,O04634,P0015,3,61717.0,0
OD008146,O04635,P0019,3,7506.0,20
OD008147,O04635,P0144,3,44525.0,10
OD008148,O04636,P0125,1,2245.0,20
OD008149,O04636,P0044,4,488.0,15
OD008150,O04637,P0100,4,656.0,25
OD008151,O04638,P0011,2,21879.0,25
OD008152,O04639,P0127,1,458.0,0
OD008153,O04639,P0067,4,4637.0,15
OD008154,O04640,P0002,2,19789.0,5
OD008155,O04641,P0151,3,58699.0,25
OD008156,O04642,P0130,2,9352.0,10
OD008157,O04643,P0056,3,9595.0,25
OD008158,O04644,P0122,4,2157.0,0
OD008159,O04644,P0039,2,1789.0,10
OD008160,O04645,P0082,3,56796.0,0
OD008161,O04645,P0042,4,6552.0,15
OD008162,O04645,P0059,3,9307.0,10
OD008163,O04646,P0051,3,6426.0,0
OD008164,O04647,P0070,1,357.0,0
OD008165,O04648,P0096,3,1121.0,20
OD008166,O04648,P0034,2,36218.0,0
OD008167,O04649,P0042,2,6552.0,10
OD008168,O04649,P0098,3,565.0,10
OD008169,O04650,P0074,1,3972.0,0
OD008170,O04650,P0120,2,1825.0,20
OD008171,O04651,P0024,2,89341.0,20
OD008172,O04652,P0109,1,3854.0,10
OD008173,O04652,P0054,4,2132.0,25
OD008174,O04652,P0116,3,164.0,5
OD008175,O04652,P0040,1,2804.0,0
OD008176,O04653,P0150,3,58459.0,10
OD008177,O04653,P0115,4,2578.0,10
OD008178,O04654,P0094,1,1258.0,5
OD008179,O04655,P0093,2,3411.0,0
OD008180,O04656,P0033,1,85759.0,15
OD008181,O04656,P0117,3,948.0,0
OD008182,O04657,P0130,4,9352.0,10
OD008183,O04657,P0148,3,24905.0,0
OD008184,O04658,P0129,2,890.0,20
OD008185,O04659,P0057,3,8262.0,0
OD008186,O04660,P0023,3,50020.0,25
OD008187,O04660,P0056,4,9595.0,0
OD008188,O04660,P0118,1,1045.0,0
OD008189,O04661,P0015,4,61717.0,10
OD008190,O04662,P0002,4,19789.0,0
OD008191,O04663,P0108,1,2690.0,10
OD008192,O04663,P0023,1,50020.0,0
OD008193,O04663,P0149,1,6514.0,0
OD008194,O04663,P0044,2,488.0,0
OD008195,O04664,P0026,2,33587.0,20
OD008196,O04665,P0005,4,30157.0,25
OD008197,O04665,P0124,4,129.0,0
OD008198,O04666,P0098,2,565.0,0
OD008199,O04666,P0117,2,948.0,0
OD008200,O04667,P0111,1,1846.0,25
OD008201,O04668,P0141,4,27658.0,0
OD008202,O04669,P0131,2,2388.0,20
OD008203,O04669,P0112,4,1185.0,15
OD008204,O04669,P0028,2,30285.0,0
OD008205,O04670,P0042,1,6552.0,10
OD008206,O04671,P0156,1,58031.0,25
OD008207,O04671,P0058,1,2360.0,20
OD008208,O04671,P0011,1,21879.0,0
OD008209,O04672,P0004,2,5665.0,0
OD008210,O04673,P0015,3,61717.0,0
OD008211,O04673,P0065,4,4361.0,5
OD008212,O04673,P0001,3,37548.0,25
OD008213,O04674,P0120,2,1825.0,10
OD008214,O04674,P0020,2,11958.0,15
OD008215,O04675,P0011,4,21879.0,10
OD008216,O04676,P0120,3,1825.0,0
OD008217,O04676,P0015,1,61717.0,0
OD008218,O04677,P0031,2,29153.0,5
OD008219,O04677,P0026,3,33587.0,10
OD008220,O04678,P0100,3,656.0,20
OD008221,O04678,P0063,2,11304.0,25
OD008222,O04678,P0071,2,4311.0,10
OD008223,O04679,P0012,2,14896.0,25
OD008224,O04680,P0146,1,53886.0,15
OD008225,O04680,P0143,1,4601.0,0
OD008226,O04680,P0089,3,2997.0,10
OD008227,O04681,P0091,4,4973.0,10
OD008228,O04681,P0150,2,58459.0,0
OD008229,O04681,P0016,2,51115.0,15
OD008230,O04681,P0017,1,39927.0,10
OD008231,O04682,P0112,1,1185.0,10
OD008232,O04682,P0126,1,4619.0,15
OD008233,O04683,P0023,3,50020.0,0
OD008234,O04684,P0031,2,29153.0,20
OD008235,O04684,P0132,1,6274.0,10
OD008236,O04685,P0100,3,656.0,25
OD008237,O04686,P0030,1,54081.0,25
OD008238,O04687,P0021,1,51323.0,20
OD008239,O04687,P0094,2,1258.0,25
OD008240,O04687,P0128,3,11621.0,10
OD008241,O04687,P0024,3,89341.0,25
OD008242,O04688,P0010,3,56892.0,10
OD008243,O04688,P0080,1,34091.0,0
OD008244,O04689,P0120,2,1825.0,15
OD008245,O04689,P0106,2,2055.0,25
OD008246,O04690,P0103,4,771.0,10
OD008247,O04690,P0122,1,2157.0,20
OD008248,O04690,P0086,2,13724.0,0
OD008249,O04691,P0018,1,77174.0,10
OD008250,O04691,P0015,4,61717.0,0
OD008251,O04691,P0039,1,1789.0,20
OD008252,O04692,P0106,2,2055.0,10
OD008253,O04693,P0070,2,357.0,0
OD008254,O04694,P0142,3,41501.0,15
OD008255,O04695,P0131,3,2388.0,15
OD008256,O04695,P0031,1,29153.0,0
OD008257,O04696,P0056,1,9595.0,0
OD008258,O04697,P0120,4,1825.0,0
OD008259,O04697,P0085,3,8130.0,0
OD008260,O04698,P0131,3,2388.0,20
OD008261,O04699,P0090,1,6696.0,0
OD008262,O04699,P0106,3,2055.0,0
OD008263,O04700,P0035,1,75079.0,15
OD008264,O04700,P0012,4,14896.0,0
OD008265,O04701,P0008,3,30393.0,15
OD008266,O04702,P0085,3,8130.0,20
OD008267,O04703,P0089,2,2997.0,10
OD008268,O04703,P0006,4,80407.0,20
OD008269,O04704,P0040,4,2804.0,5
OD008270,O04705,P0057,1,8262.0,25
OD008271,O04705,P0103,2,771.0,10
OD008272,O04705,P0118,4,1045.0,0
OD008273,O04705,P0134,1,6094.0,0
OD008274,O04706,P0005,1,30157.0,0
OD008275,O04706,P0121,4,2262.0,5
OD008276,O04706,P0061,3,3770.0,20
OD008277,O04707,P0071,1,4311.0,25
OD008278,O04708,P0108,3,2690.0,0
OD008279,O04709,P0149,2,6514.0,0
OD008280,O04710,P0030,3,54081.0,20
OD008281,O04711,P0135,4,10468.0,5
OD008282,O04711,P0003,2,12895.0,15
OD008283,O04711,P0079,2,54272.0,25
OD008284,O04712,P0150,4,58459.0,10
OD008285,O04712,P0134,4,6094.0,10
OD008286,O04712,P0023,3,50020.0,10
OD008287,O04713,P0023,4,50020.0,25
OD008288,O04714,P0028,4,30285.0,25
OD008289,O04715,P0128,4,11621.0,15
OD008290,O04716,P0043,4,8969.0,25
OD008291,O04717,P0070,4,357.0,10
OD008292,O04718,P0121,4,2262.0,0
OD008293,O04718,P0011,2,21879.0,0
OD008294,O04718,P0006,1,80407.0,0
OD008295,O04719,P0030,3,54081.0,10
OD008296,O04720,P0147,3,5117.0,10
OD008297,O04721,P0076,2,894.0,10
OD008298,O04721,P0110,4,919.0,25
OD008299,O04721,P0020,3,11958.0,0
OD008300,O04722,P0111,3,1846.0,10
OD008301,O04722,P0093,4,3411.0,0
OD008302,O04723,P0022,1,84820.0,10
OD008303,O04724,P0044,3,488.0,15
OD008304,O04725,P0151,2,58699.0,20
OD008305,O04726,P0073,3,1183.0,0
OD008306,O04727,P0055,1,4223.0,15
OD008307,O04727,P0113,1,2101.0,5
OD008308,O04727,P0146,4,53886.0,10
OD008309,O04728,P0151,3,58699.0,10
OD008310,O04728,P0147,3,5117.0,0
OD008311,O04729,P0129,1,890.0,5
OD008312,O04730,P0121,2,2262.0,10
OD008313,O04731,P0025,4,81340.0,20
OD008314,O04732,P0084,1,59582.0,25
OD008315,O04732,P0068,1,1904.0,0
OD008316,O04733,P0118,4,1045.0,20
OD008317,O04733,P0102,4,4842.0,10
OD008318,O04734,P0028,2,30285.0,15
OD008319,O04734,P0083,1,62137.0,10
OD008320,O04734,P0127,1,458.0,25
OD008321,O04735,P0008,2,30393.0,20
OD008322,O04736,P0102,3,4842.0,5
OD008323,O04737,P0076,3,894.0,20
OD008324,O04737,P0011,3,21879.0,5
OD008325,O04738,P0150,3,58459.0,20
OD008326,O04738,P0117,4,948.0,25
OD008327,O04738,P0046,2,5108.0,25
OD008328,O04738,P0084,4,59582.0,0
OD008329,O04739,P0147,1,5117.0,25
OD008330,O04740,P0141,4,27658.0,15
OD008331,O04740,P0135,3,10468.0,10
OD008332,O04741,P0054,1,2132.0,25
OD008333,O04741,P0060,3,8945.0,5
OD008334,O04742,P0019,4,7506.0,10
OD008335,O04743,P0069,1,582.0,20
OD008336,O04744,P0156,1,58031.0,0
OD008337,O04744,P0056,3,9595.0,5
OD008338,O04744,P0028,1,30285.0,0
OD008339,O04745,P0059,1,9307.0,10
OD008340,O04745,P0074,3,3972.0,20
OD008341,O04745,P0081,3,71792.0,0
OD008342,O04745,P0051,2,6426.0,25
OD008343,O04746,P0030,3,54081.0,10
OD008344,O04746,P0120,3,1825.0,25
OD008345,O04747,P0069,4,582.0,15
OD008346,O04747,P0123,3,3569.0,10
OD008347,O04748,P0145,1,38085.0,0
OD008348,O04748,P0010,4,56892.0,25
OD008349,O04749,P0152,1,16657.0,20
OD008350,O04750,P0109,4,3854.0,5
OD008351,O04750,P0140,1,6575.0,25
OD008352,O04751,P0055,2,4223.0,10
OD008353,O04751,P0151,3,58699.0,0
OD008354,O04752,P0032,2,29369.0,10
OD008355,O04753,P0093,2,3411.0,5
OD008356,O04754,P0010,3,56892.0,25
OD008357,O04755,P0056,2,9595.0,10
OD008358,O04756,P0097,4,4219.0,0
OD008359,O04757,P0124,4,129.0,0
OD008360,O04757,P0132,4,6274.0,10
OD008361,O04757,P0004,2,5665.0,10
OD008362,O04758,P0146,3,53886.0,0
OD008363,O04759,P0134,4,6094.0,5
OD008364,O04759,P0116,2,164.0,20
OD008365,O04760,P0053,2,5610.0,5
OD008366,O04760,P0074,1,3972.0,20
OD008367,O04761,P0088,1,3802.0,0
OD008368,O04762,P0044,1,488.0,0
OD008369,O04762,P0130,4,9352.0,0
OD008370,O04763,P0091,4,4973.0,15
OD008371,O04763,P0100,2,656.0,10
OD008372,O04764,P0145,2,38085.0,10
OD008373,O04765,P0038,1,2566.0,0
OD008374,O04765,P0122,4,2157.0,5
OD008375,O04766,P0056,3,9595.0,15
OD008376,O04767,P0080,4,34091.0,0
OD008377,O04768,P0096,4,1121.0,0
OD008378,O04768,P0052,2,8989.0,10
OD008379,O04769,P0021,3,51323.0,0
OD008380,O04770,P0012,2,14896.0,10
OD008381,O04771,P0037,1,6843.0,20
OD008382,O04771,P0106,2,2055.0,5
OD008383,O04771,P0156,4,58031.0,25
OD008384,O04772,P0051,3,6426.0,10
OD008385,O04773,P0064,2,8779.0,15
OD008386,O04773,P0018,1,77174.0,0
OD008387,O04774,P0096,2,1121.0,10
OD008388,O04774,P0095,3,1298.0,20
OD008389,O04774,P0047,2,7733.0,0
OD008390,O04775,P0059,3,9307.0,10
OD008391,O04776,P0092,2,11144.0,0
OD008392,O04776,P0127,4,458.0,0
OD008393,O04776,P0034,1,36218.0,5
OD008394,O04777,P0010,1,56892.0,10
OD008395,O04777,P0100,3,656.0,25
OD008396,O04778,P0130,2,9352.0,20
OD008397,O04778,P0108,3,2690.0,0
OD008398,O04778,P0002,2,19789.0,10
OD008399,O04779,P0134,4,6094.0,0
OD008400,O04780,P0101,4,1082.0,25
OD008401,O04780,P0142,2,41501.0,5
OD008402,O04781,P0011,3,21879.0,15
OD008403,O04782,P0020,3,11958.0,25
OD008404,O04783,P0129,2,890.0,25
OD008405,O04784,P0021,2,51323.0,20
OD008406,O04785,P0145,4,38085.0,25
OD008407,O04786,P0028,3,30285.0,10
OD008408,O04787,P0141,2,27658.0,5
OD008409,O04788,P0156,1,58031.0,20
OD008410,O04788,P0018,2,77174.0,15
OD008411,O04788,P0103,4,771.0,0
OD008412,O04789,P0033,3,85759.0,0
OD008413,O04789,P0059,3,9307.0,10
OD008414,O04790,P0112,3,1185.0,0
OD008415,O04791,P0001,3,37548.0,0
OD008416,O04792,P0120,4,1825.0,10
OD008417,O04793,P0047,1,7733.0,15
OD008418,O04793,P0065,3,4361.0,25
OD008419,O04794,P0120,4,1825.0,0
OD008420,O04794,P0078,2,8600.0,5
OD008421,O04794,P0052,2,8989.0,10
OD008422,O04795,P0126,3,4619.0,5
OD008423,O04796,P0065,4,4361.0,5
OD008424,O04797,P0012,1,14896.0,0
OD008425,O04797,P0138,4,55464.0,20
OD008426,O04798,P0098,1,565.0,5
OD008427,O04798,P0112,4,1185.0,5
OD008428,O04798,P0019,3,7506.0,0
OD008429,O04799,P0131,1,2388.0,10
OD008430,O04799,P0106,2,2055.0,0
OD008431,O04800,P0059,2,9307.0,25
OD008432,O04800,P0133,4,3741.0,0
OD008433,O04800,P0090,2,6696.0,0
OD008434,O04800,P0083,2,62137.0,0
OD008435,O04801,P0041,1,10071.0,10
OD008436,O04801,P0019,1,7506.0,0
OD008437,O04802,P0085,3,8130.0,10
OD008438,O04802,P0131,2,2388.0,0
OD008439,O04803,P0076,2,894.0,0
OD008440,O04804,P0143,1,4601.0,0
OD008441,O04805,P0138,2,55464.0,0
OD008442,O04806,P0082,1,56796.0,5
OD008443,O04807,P0075,2,3434.0,25
OD008444,O04808,P0093,2,3411.0,10
OD008445,O04808,P0100,2,656.0,10
OD008446,O04809,P0004,4,5665.0,0
OD008447,O04810,P0143,2,4601.0,10
OD008448,O04810,P0091,2,4973.0,0
OD008449,O04811,P0055,4,4223.0,0
OD008450,O04811,P0006,4,80407.0,15
OD008451,O04812,P0075,3,3434.0,25
OD008452,O04813,P0154,4,58654.0,15
OD008453,O04814,P0014,4,80631.0,20
OD008454,O04815,P0034,3,36218.0,5
OD008455,O04815,P0097,4,4219.0,0
OD008456,O04816,P0107,1,1172.0,25
OD008457,O04816,P0030,2,54081.0,0
OD008458,O04816,P0051,4,6426.0,0
OD008459,O04817,P0057,4,8262.0,5
OD008460,O04817,P0111,2,1846.0,15
OD008461,O04818,P0135,4,10468.0,5
OD008462,O04819,P0089,3,2997.0,15
OD008463,O04819,P0092,4,11144.0,0
OD008464,O04819,P0098,4,565.0,0
OD008465,O04820,P0072,2,4076.0,15
OD008466,O04821,P0030,2,54081.0,10
OD008467,O04822,P0003,4,12895.0,20
OD008468,O04823,P0077,2,57019.0,25
OD008469,O04823,P0090,2,6696.0,10
OD008470,O04823,P0066,2,5839.0,25
OD008471,O04824,P0091,3,4973.0,15
OD008472,O04825,P0119,2,1373.0,0
OD008473,O04826,P0054,2,2132.0,25
OD008474,O04827,P0041,2,10071.0,25
OD008475,O04827,P0037,1,6843.0,5
OD008476,O04827,P0064,3,8779.0,0
OD008477,O04828,P0010,2,56892.0,10
OD008478,O04828,P0106,1,2055.0,15
OD008479,O04829,P0088,1,3802.0,10
OD008480,O04830,P0047,1,7733.0,0
OD008481,O04830,P0098,3,565.0,10
OD008482,O04830,P0086,1,13724.0,0
OD008483,O04831,P0068,2,1904.0,0
OD008484,O04832,P0052,2,8989.0,10
OD008485,O04832,P0102,3,4842.0,15
OD008486,O04833,P0120,1,1825.0,25
OD008487,O04834,P0019,2,7506.0,5
OD008488,O04834,P0020,3,11958.0,0
OD008489,O04835,P0056,2,9595.0,5
OD008490,O04836,P0079,4,54272.0,10
OD008491,O04837,P0028,2,30285.0,10
OD008492,O04838,P0083,2,62137.0,5
OD008493,O04838,P0100,4,656.0,25
OD008494,O04839,P0062,3,11980.0,0
OD008495,O04839,P0012,1,14896.0,10
OD008496,O04840,P0054,1,2132.0,10
OD008497,O04841,P0114,4,1392.0,10
OD008498,O04842,P0064,1,8779.0,25
OD008499,O04842,P0028,2,30285.0,10
OD008500,O04843,P0101,4,1082.0,0
OD008501,O04843,P0123,2,3569.0,0
OD008502,O04843,P0059,2,9307.0,0
OD008503,O04844,P0031,1,29153.0,25
OD008504,O04845,P0090,1,6696.0,25
OD008505,O04846,P0075,3,3434.0,25
OD008506,O04847,P0036,4,78122.0,20
OD008507,O04847,P0123,3,3569.0,20
OD008508,O04847,P0006,3,80407.0,0
OD008509,O04848,P0046,1,5108.0,10
OD008510,O04848,P0107,2,1172.0,10
OD008511,O04849,P0021,4,51323.0,10
OD008512,O04849,P0005,1,30157.0,25
OD008513,O04849,P0091,4,4973.0,0
OD008514,O04849,P0149,2,6514.0,20
OD008515,O04850,P0040,1,2804.0,0
OD008516,O04850,P0152,3,16657.0,0
OD008517,O04850,P0092,3,11144.0,10
OD008518,O04851,P0008,1,30393.0,0
OD008519,O04851,P0049,1,2043.0,10
OD008520,O04851,P0113,3,2101.0,15
OD008521,O04852,P0132,3,6274.0,0
OD008522,O04853,P0039,4,1789.0,20
OD008523,O04854,P0091,1,4973.0,10
OD008524,O04855,P0133,3,3741.0,15
OD008525,O04855,P0067,3,4637.0,20
OD008526,O04855,P0127,1,458.0,5
OD008527,O04856,P0153,3,26414.0,0
OD008528,O04857,P0122,3,2157.0,5
OD008529,O04857,P0088,2,3802.0,0
OD008530,O04857,P0046,4,5108.0,10
OD008531,O04858,P0091,2,4973.0,0
OD008532,O04859,P0067,1,4637.0,10
OD008533,O04859,P0070,2,357.0,10
OD008534,O04859,P0115,1,2578.0,5
OD008535,O04859,P0139,4,22366.0,0
OD008536,O04860,P0079,3,54272.0,5
OD008537,O04861,P0074,1,3972.0,0
OD008538,O04861,P0143,3,4601.0,15
OD008539,O04862,P0060,1,8945.0,10
OD008540,O04862,P0099,2,1622.0,0
OD008541,O04863,P0017,2,39927.0,0
OD008542,O04863,P0107,3,1172.0,0
OD008543,O04864,P0092,4,11144.0,10
OD008544,O04864,P0100,4,656.0,10
OD008545,O04865,P0038,4,2566.0,0
OD008546,O04866,P0113,4,2101.0,10
OD008547,O04867,P0002,4,19789.0,5
OD008548,O04868,P0002,1,19789.0,20
OD008549,O04869,P0058,1,2360.0,0
OD008550,O04869,P0018,1,77174.0,0
OD008551,O04870,P0069,3,582.0,25
OD008552,O04871,P0111,3,1846.0,15
OD008553,O04871,P0115,3,2578.0,0
OD008554,O04872,P0156,4,58031.0,10
OD008555,O04873,P0110,1,919.0,0
OD008556,O04873,P0006,3,80407.0,10
OD008557,O04874,P0145,1,38085.0,0
OD008558,O04874,P0027,4,51235.0,0
OD008559,O04875,P0121,1,2262.0,10
OD008560,O04875,P0070,2,357.0,0
OD008561,O04876,P0048,2,8501.0,0
OD008562,O04877,P0029,4,31521.0,10
OD008563,O04877,P0152,1,16657.0,10
OD008564,O04878,P0067,1,4637.0,0
OD008565,O04879,P0004,3,5665.0,5
OD008566,O04880,P0053,3,5610.0,10
OD008567,O04881,P0080,2,34091.0,0
OD008568,O04881,P0038,3,2566.0,25
OD008569,O04882,P0015,3,61717.0,0
OD008570,O04882,P0149,4,6514.0,15
OD008571,O04883,P0108,4,2690.0,20
OD008572,O04884,P0021,3,51323.0,0
OD008573,O04884,P0073,3,1183.0,0
OD008574,O04884,P0074,3,3972.0,25
OD008575,O04884,P0144,2,44525.0,10
OD008576,O04885,P0049,3,2043.0,15
OD008577,O04885,P0066,1,5839.0,10
OD008578,O04885,P0004,1,5665.0,10
OD008579,O04886,P0093,4,3411.0,20
OD008580,O04886,P0110,1,919.0,0
OD008581,O04887,P0053,2,5610.0,25
OD008582,O04888,P0076,1,894.0,10
OD008583,O04889,P0120,1,1825.0,15
OD008584,O04890,P0084,4,59582.0,0
OD008585,O04891,P0103,3,771.0,5
OD008586,O04892,P0135,1,10468.0,15
OD008587,O04893,P0122,4,2157.0,10
OD008588,O04894,P0129,3,890.0,20
OD008589,O04895,P0129,3,890.0,10
OD008590,O04896,P0096,1,1121.0,20
OD008591,O04897,P0131,1,2388.0,0
OD008592,O04898,P0061,4,3770.0,0
OD008593,O04899,P0101,1,1082.0,25
OD008594,O04900,P0029,3,31521.0,10
OD008595,O04900,P0062,2,11980.0,10
OD008596,O04901,P0105,4,2236.0,0
OD008597,O04901,P0149,4,6514.0,0
OD008598,O04901,P0091,3,4973.0,5
OD008599,O04902,P0094,4,1258.0,0
OD008600,O04902,P0068,1,1904.0,0
OD008601,O04902,P0045,2,4671.0,0
OD008602,O04903,P0078,1,8600.0,10
OD008603,O04903,P0025,1,81340.0,0
OD008604,O04903,P0065,1,4361.0,0
OD008605,O04904,P0141,4,27658.0,0
OD008606,O04904,P0068,2,1904.0,0
OD008607,O04904,P0086,4,13724.0,10
OD008608,O04905,P0014,3,80631.0,10
OD008609,O04905,P0081,2,71792.0,10
OD008610,O04906,P0137,2,4748.0,10
OD008611,O04907,P0031,1,29153.0,0
OD008612,O04907,P0098,4,565.0,15
OD008613,O04908,P0020,2,11958.0,20
OD008614,O04909,P0128,4,11621.0,15
OD008615,O04910,P0085,3,8130.0,25
OD008616,O04910,P0146,1,53886.0,0
OD008617,O04910,P0130,1,9352.0,10
OD008618,O04911,P0132,2,6274.0,0
OD008619,O04912,P0080,4,34091.0,0
OD008620,O04912,P0029,3,31521.0,5
OD008621,O04913,P0024,4,89341.0,20
OD008622,O04914,P0065,2,4361.0,15
OD008623,O04915,P0020,1,11958.0,0
OD008624,O04916,P0151,2,58699.0,10
OD008625,O04917,P0102,2,4842.0,10
OD008626,O04917,P0092,1,11144.0,5
OD008627,O04917,P0093,2,3411.0,0
OD008628,O04917,P0040,3,2804.0,20
OD008629,O04918,P0150,1,58459.0,25
OD008630,O04918,P0004,2,5665.0,5
OD008631,O04919,P0067,4,4637.0,0
OD008632,O04919,P0126,4,4619.0,0
OD008633,O04920,P0065,4,4361.0,0
OD008634,O04921,P0094,3,1258.0,0
OD008635,O04921,P0154,2,58654.0,15
OD008636,O04922,P0098,4,565.0,0
OD008637,O04922,P0015,4,61717.0,15
OD008638,O04923,P0074,1,3972.0,0
OD008639,O04923,P0007,3,27562.0,0
OD008640,O04924,P0146,1,53886.0,0
OD008641,O04924,P0047,4,7733.0,15
OD008642,O04925,P0013,2,14176.0,15
OD008643,O04925,P0155,1,72075.0,25
OD008644,O04925,P0128,4,11621.0,5
OD008645,O04926,P0112,2,1185.0,5
OD008646,O04926,P0054,3,2132.0,0
OD008647,O04926,P0100,4,656.0,15
OD008648,O04927,P0027,4,51235.0,15
OD008649,O04927,P0138,1,55464.0,10
OD008650,O04928,P0060,1,8945.0,0
OD008651,O04929,P0078,1,8600.0,0
OD008652,O04930,P0071,1,4311.0,15
OD008653,O04930,P0061,2,3770.0,10
OD008654,O04931,P0032,1,29369.0,10
OD008655,O04932,P0092,3,11144.0,15
OD008656,O04932,P0141,3,27658.0,10
OD008657,O04932,P0156,1,58031.0,10
OD008658,O04932,P0051,1,6426.0,0
OD008659,O04933,P0021,4,51323.0,0
OD008660,O04934,P0073,3,1183.0,0
OD008661,O04935,P0129,1,890.0,20
OD008662,O04935,P0087,4,6958.0,0
OD008663,O04936,P0114,1,1392.0,10
OD008664,O04936,P0102,2,4842.0,15
OD008665,O04937,P0102,3,4842.0,0
OD008666,O04938,P0079,1,54272.0,20
OD008667,O04939,P0019,1,7506.0,0
OD008668,O04940,P0011,4,21879.0,20
OD008669,O04940,P0059,3,9307.0,10
OD008670,O04941,P0142,1,41501.0,10
OD008671,O04942,P0125,4,2245.0,10
OD008672,O04943,P0082,2,56796.0,0
OD008673,O04943,P0020,3,11958.0,20
OD008674,O04944,P0007,2,27562.0,0
OD008675,O04945,P0144,1,44525.0,25
OD008676,O04945,P0067,2,4637.0,25
OD008677,O04946,P0064,2,8779.0,0
OD008678,O04947,P0016,4,51115.0,10
OD008679,O04948,P0004,4,5665.0,10
OD008680,O04948,P0086,4,13724.0,20
OD008681,O04949,P0011,2,21879.0,10
OD008682,O04949,P0053,1,5610.0,10
OD008683,O04949,P0025,2,81340.0,10
OD008684,O04949,P0019,4,7506.0,10
OD008685,O04950,P0025,2,81340.0,20
OD008686,O04951,P0034,1,36218.0,0
OD008687,O04952,P0010,1,56892.0,0
OD008688,O04953,P0102,1,4842.0,0
OD008689,O04954,P0149,2,6514.0,0
OD008690,O04955,P0066,1,5839.0,25
OD008691,O04955,P0043,2,8969.0,5
OD008692,O04955,P0146,3,53886.0,0
OD008693,O04956,P0031,4,29153.0,0
OD008694,O04956,P0079,1,54272.0,20
OD008695,O04956,P0002,3,19789.0,20
OD008696,O04957,P0056,3,9595.0,0
OD008697,O04957,P0025,4,81340.0,15
OD008698,O04958,P0107,1,1172.0,20
OD008699,O04959,P0019,3,7506.0,10
OD008700,O04959,P0091,3,4973.0,0
OD008701,O04959,P0096,3,1121.0,5
OD008702,O04960,P0139,3,22366.0,15
OD008703,O04960,P0065,1,4361.0,15
OD008704,O04961,P0100,2,656.0,0
OD008705,O04961,P0086,2,13724.0,20
OD008706,O04961,P0060,4,8945.0,0
OD008707,O04961,P0063,4,11304.0,0
OD008708,O04962,P0008,3,30393.0,0
OD008709,O04963,P0020,4,11958.0,0
OD008710,O04964,P0153,2,26414.0,25
OD008711,O04964,P0108,3,2690.0,15
OD008712,O04965,P0013,3,14176.0,0
OD008713,O04966,P0031,3,29153.0,15
OD008714,O04966,P0085,4,8130.0,10
OD008715,O04966,P0087,2,6958.0,5
OD008716,O04967,P0151,4,58699.0,10
OD008717,O04967,P0109,3,3854.0,5
OD008718,O04968,P0097,1,4219.0,25
OD008719,O04968,P0155,1,72075.0,0
OD008720,O04968,P0138,2,55464.0,25
OD008721,O04969,P0045,4,4671.0,15
OD008722,O04970,P0076,3,894.0,10
OD008723,O04971,P0049,2,2043.0,20
OD008724,O04972,P0018,4,77174.0,0
OD008725,O04972,P0121,1,2262.0,25
OD008726,O04972,P0038,3,2566.0,20
OD008727,O04973,P0156,4,58031.0,10
OD008728,O04974,P0147,2,5117.0,0
OD008729,O04975,P0152,2,16657.0,10
OD008730,O04975,P0123,2,3569.0,0
OD008731,O04976,P0022,3,84820.0,0
OD008732,O04977,P0156,3,58031.0,0
OD008733,O04977,P0008,2,30393.0,10
OD008734,O04978,P0069,1,582.0,10
OD008735,O04979,P0025,2,81340.0,0
OD008736,O04980,P0086,4,13724.0,20
OD008737,O04980,P0133,4,3741.0,0
OD008738,O04981,P0053,4,5610.0,0
OD008739,O04981,P0046,1,5108.0,0
OD008740,O04981,P0134,4,6094.0,15
OD008741,O04982,P0107,4,1172.0,25
OD008742,O04982,P0015,2,61717.0,10
OD008743,O04982,P0083,2,62137.0,10
OD008744,O04983,P0029,3,31521.0,25
OD008745,O04983,P0020,2,11958.0,5
OD008746,O04983,P0051,3,6426.0,10
OD008747,O04984,P0143,1,4601.0,10
OD008748,O04984,P0140,3,6575.0,10
OD008749,O04985,P0083,2,62137.0,25
OD008750,O04986,P0088,2,3802.0,10
OD008751,O04987,P0095,4,1298.0,0
OD008752,O04988,P0035,3,75079.0,10
OD008753,O04988,P0039,4,1789.0,0
OD008754,O04989,P0156,4,58031.0,10
OD008755,O04990,P0053,2,5610.0,25
OD008756,O04990,P0119,2,1373.0,0
OD008757,O04990,P0141,3,27658.0,5
OD008758,O04990,P0033,1,85759.0,20
OD008759,O04991,P0023,1,50020.0,0
OD008760,O04992,P0004,4,5665.0,25
OD008761,O04992,P0153,4,26414.0,0
OD008762,O04993,P0089,1,2997.0,25
OD008763,O04994,P0123,2,3569.0,5
OD008764,O04994,P0001,3,37548.0,10
OD008765,O04995,P0094,2,1258.0,10
OD008766,O04996,P0066,1,5839.0,25
OD008767,O04997,P0086,4,13724.0,25
OD008768,O04998,P0027,3,51235.0,20
OD008769,O04998,P0145,3,38085.0,0
OD008770,O04999,P0153,1,26414.0,20
OD008771,O04999,P0081,3,71792.0,5
OD008772,O04999,P0068,2,1904.0,0
OD008773,O05000,P0080,3,34091.0,0
OD008774,O05000,P0056,1,9595.0,20
OD008775,O05000,P0090,4,6696.0,20
OD008776,O05001,P0078,3,8600.0,10
OD008777,O05002,P0102,3,4842.0,5
OD008778,O05003,P0104,3,4730.0,20
OD008779,O05003,P0148,4,24905.0,0
OD008780,O05003,P0138,2,55464.0,15
OD008781,O05003,P0028,4,30285.0,5
OD008782,O05004,P0138,4,55464.0,0
OD008783,O05005,P0039,3,1789.0,20
OD008784,O05006,P0025,3,81340.0,0
OD008785,O05007,P0019,2,7506.0,0
OD008786,O05007,P0045,3,4671.0,15
OD008787,O05007,P0039,4,1789.0,0
OD008788,O05008,P0042,2,6552.0,10
OD008789,O05008,P0123,2,3569.0,15
OD008790,O05009,P0106,3,2055.0,0
OD008791,O05010,P0133,2,3741.0,20
OD008792,O05011,P0019,4,7506.0,20
OD008793,O05011,P0128,2,11621.0,0
OD008794,O05012,P0043,1,8969.0,10
OD008795,O05012,P0076,4,894.0,0
OD008796,O05013,P0028,3,30285.0,0
OD008797,O05014,P0013,3,14176.0,0
OD008798,O05014,P0152,1,16657.0,0
OD008799,O05015,P0003,2,12895.0,10
OD008800,O05015,P0105,4,2236.0,25
OD008801,O05015,P0131,2,2388.0,10
OD008802,O05016,P0107,4,1172.0,0
OD008803,O05016,P0008,4,30393.0,25
OD008804,O05016,P0060,2,8945.0,25
OD008805,O05017,P0107,4,1172.0,15
OD008806,O05018,P0109,1,3854.0,0
OD008807,O05019,P0073,4,1183.0,0
OD008808,O05020,P0012,1,14896.0,5
OD008809,O05021,P0059,1,9307.0,0
OD008810,O05022,P0096,2,1121.0,15
OD008811,O05022,P0134,3,6094.0,15
OD008812,O05023,P0035,2,75079.0,5
OD008813,O05023,P0066,4,5839.0,20
OD008814,O05023,P0084,3,59582.0,15
OD008815,O05023,P0065,2,4361.0,20
OD008816,O05024,P0013,3,14176.0,10
OD008817,O05025,P0063,3,11304.0,0
OD008818,O05025,P0095,2,1298.0,10
OD008819,O05026,P0115,2,2578.0,20
OD008820,O05026,P0049,3,2043.0,10
OD008821,O05027,P0116,4,164.0,10
OD008822,O05028,P0116,2,164.0,0
OD008823,O05028,P0026,1,33587.0,10
OD008824,O05029,P0063,3,11304.0,10
OD008825,O05030,P0050,4,10277.0,15
OD008826,O05030,P0085,3,8130.0,25
OD008827,O05030,P0019,2,7506.0,0
OD008828,O05031,P0145,4,38085.0,15
OD008829,O05032,P0099,2,1622.0,20
OD008830,O05032,P0127,1,458.0,10
OD008831,O05033,P0015,3,61717.0,0
OD008832,O05033,P0054,4,2132.0,0
OD008833,O05033,P0055,3,4223.0,25
OD008834,O05034,P0022,3,84820.0,5
OD008835,O05035,P0094,4,1258.0,5
OD008836,O05036,P0133,3,3741.0,10
OD008837,O05036,P0024,2,89341.0,10
OD008838,O05037,P0095,3,1298.0,25
OD008839,O05038,P0122,3,2157.0,15
OD008840,O05038,P0054,4,2132.0,25
OD008841,O05039,P0135,1,10468.0,25
OD008842,O05039,P0134,4,6094.0,15
OD008843,O05040,P0036,3,78122.0,0
OD008844,O05041,P0089,3,2997.0,20
OD008845,O05042,P0006,1,80407.0,0
OD008846,O05042,P0005,3,30157.0,20
OD008847,O05042,P0131,4,2388.0,5
OD008848,O05043,P0015,1,61717.0,10
OD008849,O05044,P0108,1,2690.0,15
OD008850,O05044,P0082,2,56796.0,0
OD008851,O05044,P0012,4,14896.0,5
OD008852,O05045,P0109,4,3854.0,0
OD008853,O05046,P0118,4,1045.0,5
OD008854,O05047,P0090,1,6696.0,5
OD008855,O05048,P0056,1,9595.0,15
OD008856,O05048,P0044,4,488.0,15
OD008857,O05048,P0076,1,894.0,15
OD008858,O05049,P0040,4,2804.0,25
OD008859,O05050,P0076,4,894.0,20
OD008860,O05050,P0048,4,8501.0,0
OD008861,O05051,P0072,1,4076.0,25
OD008862,O05051,P0042,2,6552.0,0
OD008863,O05051,P0035,3,75079.0,20
OD008864,O05052,P0083,2,62137.0,0
OD008865,O05052,P0112,3,1185.0,20
OD008866,O05053,P0127,4,458.0,20
OD008867,O05054,P0083,4,62137.0,0
OD008868,O05055,P0149,4,6514.0,0
OD008869,O05056,P0137,3,4748.0,20
OD008870,O05056,P0129,2,890.0,10
OD008871,O05057,P0063,3,11304.0,0
OD008872,O05058,P0145,3,38085.0,0
OD008873,O05059,P0010,1,56892.0,0
OD008874,O05059,P0092,2,11144.0,10
OD008875,O05060,P0050,2,10277.0,20
OD008876,O05060,P0010,2,56892.0,10
OD008877,O05061,P0048,2,8501.0,10
OD008878,O05062,P0051,1,6426.0,0
OD008879,O05063,P0095,3,1298.0,25
OD008880,O05064,P0153,2,26414.0,0
OD008881,O05064,P0100,1,656.0,10
OD008882,O05064,P0012,1,14896.0,20
OD008883,O05064,P0011,1,21879.0,0
OD008884,O05065,P0129,1,890.0,15
OD008885,O05066,P0117,4,948.0,5
OD008886,O05067,P0145,1,38085.0,5
OD008887,O05067,P0010,1,56892.0,15
OD008888,O05067,P0046,3,5108.0,10
OD008889,O05068,P0094,2,1258.0,5
OD008890,O05069,P0049,3,2043.0,0
OD008891,O05070,P0074,1,3972.0,5
OD008892,O05071,P0031,2,29153.0,5
OD008893,O05071,P0089,2,2997.0,0
OD008894,O05071,P0036,1,78122.0,0
OD008895,O05071,P0017,2,39927.0,10
OD008896,O05072,P0111,4,1846.0,20
OD008897,O05072,P0119,3,1373.0,0
OD008898,O05072,P0029,3,31521.0,10
OD008899,O05073,P0059,4,9307.0,20
OD008900,O05073,P0031,1,29153.0,5
OD008901,O05073,P0065,1,4361.0,20
OD008902,O05074,P0084,4,59582.0,25
OD008903,O05075,P0061,2,3770.0,10
OD008904,O05075,P0089,2,2997.0,0
OD008905,O05076,P0019,3,7506.0,5
OD008906,O05077,P0029,3,31521.0,15
OD008907,O05078,P0077,2,57019.0,15
OD008908,O05078,P0111,4,1846.0,25
OD008909,O05078,P0024,2,89341.0,15
OD008910,O05079,P0013,2,14176.0,15
OD008911,O05079,P0027,3,51235.0,10
OD008912,O05080,P0089,1,2997.0,0
OD008913,O05080,P0081,4,71792.0,5
OD008914,O05081,P0109,4,3854.0,20
OD008915,O05081,P0052,2,8989.0,0
OD008916,O05082,P0144,4,44525.0,0
OD008917,O05082,P0091,3,4973.0,0
OD008918,O05083,P0095,3,1298.0,0
OD008919,O05083,P0038,2,2566.0,0
OD008920,O05083,P0151,1,58699.0,0
OD008921,O05084,P0002,3,19789.0,5
OD008922,O05085,P0083,3,62137.0,0
OD008923,O05085,P0125,4,2245.0,20
OD008924,O05086,P0089,2,2997.0,0
OD008925,O05086,P0128,2,11621.0,25
OD008926,O05087,P0151,1,58699.0,0
OD008927,O05088,P0139,1,22366.0,5
OD008928,O05089,P0118,2,1045.0,0
OD008929,O05089,P0012,1,14896.0,10
OD008930,O05090,P0140,3,6575.0,10
OD008931,O05090,P0054,3,2132.0,20
OD008932,O05090,P0127,4,458.0,0
OD008933,O05091,P0050,1,10277.0,15
OD008934,O05092,P0043,2,8969.0,0
OD008935,O05092,P0030,3,54081.0,0
OD008936,O05093,P0101,3,1082.0,10
OD008937,O05094,P0065,1,4361.0,0
OD008938,O05094,P0131,2,2388.0,0
OD008939,O05094,P0040,3,2804.0,5
OD008940,O05095,P0056,4,9595.0,0
OD008941,O05095,P0006,3,80407.0,20
OD008942,O05095,P0017,3,39927.0,5
OD008943,O05096,P0134,1,6094.0,0
OD008944,O05097,P0123,3,3569.0,10
OD008945,O05097,P0151,3,58699.0,0
OD008946,O05097,P0012,1,14896.0,20
OD008947,O05098,P0136,1,2962.0,15
OD008948,O05098,P0113,1,2101.0,0
OD008949,O05099,P0116,3,164.0,0
OD008950,O05100,P0136,4,2962.0,10
OD008951,O05101,P0118,2,1045.0,0
OD008952,O05101,P0012,3,14896.0,10
OD008953,O05101,P0143,2,4601.0,15
OD008954,O05101,P0107,1,1172.0,0
OD008955,O05102,P0002,1,19789.0,15
OD008956,O05102,P0057,1,8262.0,0
OD008957,O05102,P0124,1,129.0,10
OD008958,O05103,P0048,2,8501.0,15
OD008959,O05103,P0038,1,2566.0,15
OD008960,O05103,P0121,3,2262.0,5
OD008961,O05104,P0148,3,24905.0,5
OD008962,O05104,P0055,3,4223.0,20
OD008963,O05105,P0135,1,10468.0,0
OD008964,O05106,P0050,4,10277.0,0
OD008965,O05106,P0021,1,51323.0,10
OD008966,O05106,P0118,2,1045.0,10
OD008967,O05107,P0014,1,80631.0,10
OD008968,O05108,P0141,3,27658.0,15
OD008969,O05109,P0039,3,1789.0,25
OD008970,O05109,P0082,1,56796.0,10
OD008971,O05110,P0105,4,2236.0,0
OD008972,O05110,P0094,3,1258.0,15
OD008973,O05110,P0156,3,58031.0,25
OD008974,O05110,P0014,3,80631.0,10
OD008975,O05111,P0134,1,6094.0,15
OD008976,O05112,P0147,2,5117.0,0
OD008977,O05112,P0053,3,5610.0,0
OD008978,O05113,P0045,4,4671.0,10
OD008979,O05113,P0007,1,27562.0,0
OD008980,O05113,P0019,2,7506.0,10
OD008981,O05114,P0147,1,5117.0,0
OD008982,O05115,P0052,1,8989.0,15
OD008983,O05116,P0081,4,71792.0,20
OD008984,O05116,P0014,4,80631.0,0
OD008985,O05116,P0126,3,4619.0,0
OD008986,O05117,P0146,3,53886.0,25
OD008987,O05118,P0110,4,919.0,25
OD008988,O05118,P0099,1,1622.0,10
OD008989,O05118,P0145,2,38085.0,10
OD008990,O05119,P0129,1,890.0,0
OD008991,O05120,P0066,2,5839.0,10
OD008992,O05120,P0149,3,6514.0,20
OD008993,O05120,P0025,2,81340.0,25
OD008994,O05120,P0083,1,62137.0,5
OD008995,O05121,P0084,2,59582.0,20
OD008996,O05122,P0119,1,1373.0,0
OD008997,O05123,P0112,4,1185.0,10
OD008998,O05124,P0144,2,44525.0,0
OD008999,O05124,P0091,4,4973.0,10
OD009000,O05125,P0047,1,7733.0,5
OD009001,O05125,P0097,3,4219.0,0
OD009002,O05126,P0071,3,4311.0,0
OD009003,O05126,P0117,3,948.0,0
OD009004,O05127,P0093,1,3411.0,25
OD009005,O05128,P0018,4,77174.0,0
OD009006,O05129,P0059,1,9307.0,0
OD009007,O05130,P0009,3,37963.0,25
OD009008,O05131,P0140,3,6575.0,0
OD009009,O05131,P0095,2,1298.0,5
OD009010,O05131,P0131,3,2388.0,25
OD009011,O05132,P0004,1,5665.0,10
OD009012,O05132,P0122,3,2157.0,0
OD009013,O05132,P0027,3,51235.0,10
OD009014,O05133,P0019,4,7506.0,0
OD009015,O05133,P0049,3,2043.0,10
OD009016,O05133,P0101,4,1082.0,0
OD009017,O05134,P0024,1,89341.0,0
OD009018,O05135,P0119,4,1373.0,0
OD009019,O05135,P0003,1,12895.0,0
OD009020,O05136,P0005,2,30157.0,0
OD009021,O05136,P0085,3,8130.0,0
OD009022,O05137,P0075,1,3434.0,20
OD009023,O05137,P0058,4,2360.0,0
OD009024,O05138,P0105,3,2236.0,25
OD009025,O05139,P0087,2,6958.0,10
OD009026,O05139,P0009,1,37963.0,15
OD009027,O05139,P0040,3,2804.0,0
OD009028,O05139,P0108,4,2690.0,0
OD009029,O05140,P0058,4,2360.0,15
OD009030,O05141,P0133,3,3741.0,25
OD009031,O05141,P0145,1,38085.0,0
OD009032,O05141,P0103,1,771.0,0
OD009033,O05141,P0063,1,11304.0,0
OD009034,O05142,P0084,2,59582.0,0
OD009035,O05142,P0128,1,11621.0,15
OD009036,O05143,P0004,4,5665.0,10
OD009037,O05144,P0043,4,8969.0,20
OD009038,O05144,P0087,2,6958.0,0
OD009039,O05144,P0133,2,3741.0,25
OD009040,O05144,P0111,2,1846.0,15
OD009041,O05145,P0051,1,6426.0,10
OD009042,O05145,P0096,2,1121.0,10
OD009043,O05146,P0127,2,458.0,0
OD009044,O05147,P0014,1,80631.0,20
OD009045,O05147,P0155,3,72075.0,0
OD009046,O05147,P0099,3,1622.0,5
OD009047,O05148,P0082,1,56796.0,10
OD009048,O05148,P0068,3,1904.0,0
OD009049,O05149,P0021,3,51323.0,0
OD009050,O05149,P0134,1,6094.0,15
OD009051,O05150,P0131,4,2388.0,0
OD009052,O05150,P0093,3,3411.0,20
OD009053,O05151,P0040,1,2804.0,0
OD009054,O05152,P0020,4,11958.0,0
OD009055,O05152,P0062,4,11980.0,10
OD009056,O05153,P0124,1,129.0,0
OD009057,O05153,P0068,3,1904.0,0
OD009058,O05153,P0005,3,30157.0,20
OD009059,O05153,P0154,1,58654.0,10
OD009060,O05154,P0135,1,10468.0,25
OD009061,O05155,P0096,3,1121.0,10
OD009062,O05156,P0099,4,1622.0,10
OD009063,O05157,P0102,3,4842.0,0
OD009064,O05158,P0016,4,51115.0,5
OD009065,O05159,P0090,3,6696.0,0
OD009066,O05160,P0078,4,8600.0,0
OD009067,O05161,P0100,1,656.0,0
OD009068,O05161,P0075,1,3434.0,0
OD009069,O05162,P0130,4,9352.0,0
OD009070,O05162,P0010,4,56892.0,10
OD009071,O05163,P0012,2,14896.0,10
OD009072,O05163,P0125,2,2245.0,0
OD009073,O05164,P0033,3,85759.0,20
OD009074,O05165,P0046,1,5108.0,5
OD009075,O05165,P0110,1,919.0,10
OD009076,O05166,P0026,4,33587.0,0
OD009077,O05167,P0060,2,8945.0,0
OD009078,O05167,P0131,2,2388.0,0
OD009079,O05168,P0125,3,2245.0,0
OD009080,O05168,P0048,2,8501.0,0
OD009081,O05168,P0026,1,33587.0,0
OD009082,O05169,P0083,1,62137.0,10
OD009083,O05170,P0065,3,4361.0,0
OD009084,O05171,P0025,2,81340.0,20
OD009085,O05172,P0018,1,77174.0,10
OD009086,O05172,P0094,3,1258.0,0
OD009087,O05173,P0126,4,4619.0,20
OD009088,O05173,P0056,1,9595.0,0
OD009089,O05174,P0102,3,4842.0,20
OD009090,O05175,P0075,4,3434.0,25
OD009091,O05176,P0028,2,30285.0,10
OD009092,O05176,P0150,4,58459.0,15
OD009093,O05176,P0130,3,9352.0,0
OD009094,O05177,P0087,3,6958.0,0
OD009095,O05178,P0078,4,8600.0,10
OD009096,O05178,P0065,4,4361.0,20
OD009097,O05178,P0137,2,4748.0,20
OD009098,O05179,P0121,2,2262.0,5
OD009099,O05179,P0117,4,948.0,25
OD009100,O05180,P0123,1,3569.0,20
OD009101,O05181,P0027,1,51235.0,10
OD009102,O05182,P0010,1,56892.0,10
OD009103,O05183,P0015,2,61717.0,0
OD009104,O05183,P0119,1,1373.0,0
OD009105,O05184,P0109,4,3854.0,0
OD009106,O05185,P0132,2,6274.0,0
OD009107,O05185,P0147,3,5117.0,5
OD009108,O05186,P0115,2,2578.0,5
OD009109,O05187,P0025,1,81340.0,10
OD009110,O05187,P0117,2,948.0,5
OD009111,O05188,P0062,1,11980.0,15
OD009112,O05189,P0154,4,58654.0,10
OD009113,O05189,P0084,3,59582.0,15
OD009114,O05189,P0014,4,80631.0,0
OD009115,O05189,P0130,4,9352.0,0
OD009116,O05190,P0002,3,19789.0,0
OD009117,O05191,P0049,1,2043.0,10
OD009118,O05191,P0121,4,2262.0,25
OD009119,O05192,P0091,2,4973.0,5
OD009120,O05192,P0150,1,58459.0,5
OD009121,O05192,P0085,4,8130.0,0
OD009122,O05193,P0008,3,30393.0,25
OD009123,O05194,P0021,2,51323.0,15
OD009124,O05195,P0103,2,771.0,15
OD009125,O05196,P0134,3,6094.0,10
OD009126,O05196,P0093,3,3411.0,15
OD009127,O05196,P0079,2,54272.0,20
OD009128,O05197,P0120,3,1825.0,20
OD009129,O05198,P0119,4,1373.0,10
OD009130,O05198,P0004,1,5665.0,25
OD009131,O05199,P0012,3,14896.0,20
OD009132,O05199,P0056,1,9595.0,0
OD009133,O05200,P0044,4,488.0,25
OD009134,O05200,P0099,3,1622.0,10
OD009135,O05200,P0123,3,3569.0,0
OD009136,O05201,P0079,4,54272.0,10
OD009137,O05202,P0021,3,51323.0,0
OD009138,O05202,P0101,3,1082.0,10
OD009139,O05203,P0011,4,21879.0,5
OD009140,O05203,P0103,4,771.0,15
OD009141,O05203,P0068,4,1904.0,0
OD009142,O05204,P0081,4,71792.0,20
OD009143,O05205,P0075,1,3434.0,15
OD009144,O05206,P0091,2,4973.0,20
OD009145,O05207,P0116,2,164.0,10
OD009146,O05207,P0098,4,565.0,20
OD009147,O05208,P0140,4,6575.0,20
OD009148,O05209,P0134,3,6094.0,10
OD009149,O05209,P0078,2,8600.0,20
OD009150,O05209,P0090,2,6696.0,5
OD009151,O05209,P0112,1,1185.0,25
OD009152,O05210,P0065,1,4361.0,10
OD009153,O05210,P0154,4,58654.0,20
OD009154,O05210,P0129,3,890.0,10
OD009155,O05211,P0023,2,50020.0,10
OD009156,O05212,P0028,3,30285.0,10
OD009157,O05213,P0066,4,5839.0,0
OD009158,O05213,P0038,4,2566.0,0
OD009159,O05214,P0050,4,10277.0,0
OD009160,O05215,P0048,3,8501.0,10
OD009161,O05215,P0155,2,72075.0,0
OD009162,O05215,P0074,1,3972.0,0
OD009163,O05216,P0098,1,565.0,10
OD009164,O05217,P0020,4,11958.0,0
OD009165,O05218,P0052,2,8989.0,0
OD009166,O05218,P0011,2,21879.0,25
OD009167,O05218,P0100,3,656.0,15
OD009168,O05218,P0079,4,54272.0,0
OD009169,O05219,P0152,3,16657.0,10
OD009170,O05220,P0099,2,1622.0,10
OD009171,O05221,P0146,1,53886.0,20
OD009172,O05221,P0048,4,8501.0,10
OD009173,O05221,P0019,3,7506.0,15
OD009174,O05222,P0029,4,31521.0,10
OD009175,O05223,P0075,3,3434.0,5
OD009176,O05223,P0055,4,4223.0,10
OD009177,O05223,P0029,2,31521.0,25
OD009178,O05224,P0048,2,8501.0,0
OD009179,O05224,P0014,2,80631.0,0
OD009180,O05225,P0039,1,1789.0,0
OD009181,O05226,P0119,4,1373.0,0
OD009182,O05227,P0090,4,6696.0,10
OD009183,O05228,P0024,1,89341.0,0
OD009184,O05229,P0024,4,89341.0,15
OD009185,O05229,P0141,1,27658.0,15
OD009186,O05230,P0001,2,37548.0,20
OD009187,O05231,P0092,1,11144.0,0
OD009188,O05232,P0013,2,14176.0,0
OD009189,O05232,P0154,3,58654.0,15
OD009190,O05233,P0002,2,19789.0,0
OD009191,O05233,P0013,1,14176.0,10
OD009192,O05234,P0076,4,894.0,10
OD009193,O05234,P0106,1,2055.0,15
OD009194,O05235,P0021,4,51323.0,0
OD009195,O05235,P0033,3,85759.0,25
OD009196,O05235,P0028,3,30285.0,10
OD009197,O05236,P0057,2,8262.0,5
OD009198,O05236,P0102,4,4842.0,10
OD009199,O05237,P0148,3,24905.0,0
OD009200,O05237,P0024,1,89341.0,0
OD009201,O05238,P0145,2,38085.0,0
OD009202,O05238,P0050,4,10277.0,20
OD009203,O05238,P0072,4,4076.0,0
OD009204,O05239,P0082,4,56796.0,0
OD009205,O05240,P0101,2,1082.0,0
OD009206,O05241,P0028,1,30285.0,20
OD009207,O05241,P0083,3,62137.0,0
OD009208,O05241,P0149,4,6514.0,20
OD009209,O05242,P0021,2,51323.0,15
OD009210,O05242,P0088,1,3802.0,10
OD009211,O05243,P0015,3,61717.0,5
OD009212,O05243,P0153,1,26414.0,10
OD009213,O05244,P0040,2,2804.0,10
OD009214,O05244,P0142,2,41501.0,0
OD009215,O05245,P0025,1,81340.0,10
OD009216,O05246,P0104,1,4730.0,20
OD009217,O05247,P0124,2,129.0,0
OD009218,O05248,P0007,3,27562.0,10
OD009219,O05248,P0049,2,2043.0,15
OD009220,O05249,P0050,3,10277.0,0
OD009221,O05250,P0099,4,1622.0,0
OD009222,O05250,P0019,1,7506.0,20
OD009223,O05251,P0009,4,37963.0,25
OD009224,O05251,P0119,4,1373.0,5
OD009225,O05252,P0110,1,919.0,0
OD009226,O05252,P0004,1,5665.0,0
OD009227,O05252,P0001,2,37548.0,0
OD009228,O05253,P0134,2,6094.0,0
OD009229,O05253,P0066,2,5839.0,25
OD009230,O05254,P0098,2,565.0,0
OD009231,O05255,P0121,4,2262.0,10
OD009232,O05256,P0093,3,3411.0,25
OD009233,O05257,P0117,4,948.0,5
OD009234,O05257,P0009,2,37963.0,10
OD009235,O05257,P0074,3,3972.0,25
OD009236,O05258,P0007,4,27562.0,25
OD009237,O05258,P0035,3,75079.0,15
OD009238,O05259,P0065,1,4361.0,0
OD009239,O05260,P0050,4,10277.0,10
OD009240,O05261,P0072,3,4076.0,0
OD009241,O05262,P0018,2,77174.0,5
OD009242,O05263,P0010,4,56892.0,0
OD009243,O05263,P0063,2,11304.0,0
OD009244,O05264,P0105,3,2236.0,15
OD009245,O05264,P0121,1,2262.0,15
OD009246,O05264,P0060,1,8945.0,10
OD009247,O05265,P0017,4,39927.0,0
OD009248,O05266,P0074,4,3972.0,10
OD009249,O05267,P0074,1,3972.0,0
OD009250,O05268,P0007,3,27562.0,5
OD009251,O05268,P0130,4,9352.0,20
OD009252,O05269,P0028,2,30285.0,15
OD009253,O05269,P0037,4,6843.0,0
OD009254,O05269,P0092,3,11144.0,0
OD009255,O05270,P0005,4,30157.0,0
OD009256,O05271,P0076,4,894.0,0
OD009257,O05272,P0017,3,39927.0,15
OD009258,O05272,P0132,3,6274.0,10
OD009259,O05272,P0013,4,14176.0,0
OD009260,O05272,P0106,3,2055.0,25
OD009261,O05273,P0091,3,4973.0,0
OD009262,O05273,P0066,1,5839.0,0
OD009263,O05274,P0104,3,4730.0,15
OD009264,O05274,P0062,2,11980.0,0
OD009265,O05274,P0086,2,13724.0,15
OD009266,O05275,P0021,1,51323.0,0
OD009267,O05276,P0003,4,12895.0,25
OD009268,O05277,P0147,2,5117.0,10
OD009269,O05278,P0010,2,56892.0,20
OD009270,O05278,P0070,2,357.0,0
OD009271,O05279,P0083,3,62137.0,0
OD009272,O05280,P0128,2,11621.0,0
OD009273,O05280,P0126,3,4619.0,5
OD009274,O05281,P0142,1,41501.0,25
OD009275,O05281,P0114,4,1392.0,10
OD009276,O05282,P0101,4,1082.0,15
OD009277,O05282,P0121,1,2262.0,20
OD009278,O05283,P0043,4,8969.0,0
OD009279,O05284,P0146,3,53886.0,10
OD009280,O05285,P0106,2,2055.0,15
OD009281,O05285,P0044,4,488.0,0
OD009282,O05285,P0113,4,2101.0,25
OD009283,O05286,P0126,3,4619.0,0
OD009284,O05287,P0060,2,8945.0,20
OD009285,O05287,P0140,2,6575.0,15
OD009286,O05288,P0085,1,8130.0,10
OD009287,O05288,P0111,2,1846.0,15
OD009288,O05288,P0058,4,2360.0,25
OD009289,O05289,P0072,1,4076.0,25
OD009290,O05290,P0148,4,24905.0,10
OD009291,O05290,P0115,4,2578.0,10
OD009292,O05290,P0050,2,10277.0,0
OD009293,O05291,P0142,2,41501.0,0
OD009294,O05292,P0153,3,26414.0,0
OD009295,O05293,P0025,4,81340.0,0
OD009296,O05293,P0078,3,8600.0,20
OD009297,O05294,P0019,2,7506.0,25
OD009298,O05294,P0096,1,1121.0,5
OD009299,O05294,P0100,2,656.0,20
OD009300,O05295,P0051,3,6426.0,0
OD009301,O05295,P0134,1,6094.0,5
OD009302,O05295,P0043,4,8969.0,10
OD009303,O05296,P0005,2,30157.0,20
OD009304,O05297,P0094,2,1258.0,0
OD009305,O05297,P0044,2,488.0,15
OD009306,O05297,P0118,3,1045.0,10
OD009307,O05298,P0088,4,3802.0,15
OD009308,O05299,P0099,2,1622.0,5
OD009309,O05299,P0053,2,5610.0,15
OD009310,O05300,P0057,2,8262.0,0
OD009311,O05300,P0022,3,84820.0,0
OD009312,O05301,P0153,2,26414.0,25
OD009313,O05301,P0018,1,77174.0,10
OD009314,O05302,P0146,1,53886.0,15
OD009315,O05302,P0058,1,2360.0,25
OD009316,O05303,P0133,1,3741.0,25
OD009317,O05304,P0071,1,4311.0,10
OD009318,O05304,P0052,1,8989.0,5
OD009319,O05305,P0115,2,2578.0,20
OD009320,O05306,P0099,3,1622.0,10
OD009321,O05307,P0131,2,2388.0,0
OD009322,O05308,P0125,3,2245.0,0
OD009323,O05309,P0044,2,488.0,0
OD009324,O05310,P0129,4,890.0,0
OD009325,O05310,P0108,2,2690.0,0
OD009326,O05311,P0053,3,5610.0,10
OD009327,O05312,P0032,3,29369.0,0
OD009328,O05313,P0049,4,2043.0,5
OD009329,O05313,P0120,2,1825.0,20
OD009330,O05314,P0009,1,37963.0,0
OD009331,O05315,P0002,4,19789.0,10
OD009332,O05315,P0023,1,50020.0,15
OD009333,O05316,P0096,4,1121.0,0
OD009334,O05317,P0102,3,4842.0,10
OD009335,O05317,P0047,1,7733.0,5
OD009336,O05318,P0081,4,71792.0,15
OD009337,O05319,P0023,1,50020.0,10
OD009338,O05319,P0058,4,2360.0,10
OD009339,O05319,P0017,2,39927.0,15
OD009340,O05320,P0120,3,1825.0,20
OD009341,O05321,P0007,1,27562.0,25
OD009342,O05322,P0065,2,4361.0,0
OD009343,O05323,P0057,2,8262.0,0
OD009344,O05324,P0059,1,9307.0,25
OD009345,O05324,P0048,3,8501.0,15
OD009346,O05325,P0120,3,1825.0,0
OD009347,O05326,P0133,2,3741.0,15
OD009348,O05326,P0060,3,8945.0,0
OD009349,O05327,P0131,4,2388.0,15
OD009350,O05327,P0023,3,50020.0,10
OD009351,O05327,P0067,1,4637.0,15
OD009352,O05327,P0148,4,24905.0,20
OD009353,O05328,P0032,2,29369.0,0
OD009354,O05329,P0019,3,7506.0,10
OD009355,O05330,P0059,3,9307.0,0
OD009356,O05330,P0069,3,582.0,5
OD009357,O05331,P0041,1,10071.0,10
OD009358,O05332,P0097,3,4219.0,0
OD009359,O05333,P0059,1,9307.0,15
OD009360,O05334,P0139,2,22366.0,0
OD009361,O05335,P0056,4,9595.0,10
OD009362,O05336,P0149,3,6514.0,0
OD009363,O05336,P0025,2,81340.0,0
OD009364,O05337,P0125,2,2245.0,10
OD009365,O05338,P0102,1,4842.0,20
OD009366,O05339,P0141,1,27658.0,0
OD009367,O05340,P0135,3,10468.0,20
OD009368,O05340,P0071,2,4311.0,0
OD009369,O05340,P0084,4,59582.0,10
OD009370,O05341,P0082,2,56796.0,10
OD009371,O05342,P0115,3,2578.0,0
OD009372,O05342,P0037,2,6843.0,5
OD009373,O05343,P0064,1,8779.0,0
OD009374,O05344,P0132,2,6274.0,10
OD009375,O05345,P0098,2,565.0,10
OD009376,O05346,P0062,2,11980.0,10
OD009377,O05346,P0043,2,8969.0,0
OD009378,O05347,P0058,1,2360.0,0
OD009379,O05347,P0021,4,51323.0,5
OD009380,O05348,P0068,2,1904.0,10
OD009381,O05348,P0120,3,1825.0,20
OD009382,O05348,P0005,1,30157.0,10
OD009383,O05349,P0124,2,129.0,5
OD009384,O05349,P0136,2,2962.0,10
OD009385,O05349,P0086,3,13724.0,0
OD009386,O05350,P0104,4,4730.0,25
OD009387,O05351,P0076,2,894.0,0
OD009388,O05351,P0156,1,58031.0,15
OD009389,O05352,P0009,2,37963.0,10
OD009390,O05352,P0125,3,2245.0,25
OD009391,O05352,P0027,1,51235.0,0
OD009392,O05353,P0115,3,2578.0,10
OD009393,O05353,P0132,4,6274.0,0
OD009394,O05353,P0073,4,1183.0,0
OD009395,O05354,P0006,1,80407.0,15
OD009396,O05354,P0062,2,11980.0,10
OD009397,O05355,P0007,2,27562.0,0
OD009398,O05355,P0077,3,57019.0,10
OD009399,O05355,P0044,2,488.0,15
OD009400,O05356,P0120,2,1825.0,5
OD009401,O05357,P0046,4,5108.0,0
OD009402,O05357,P0059,2,9307.0,15
OD009403,O05357,P0033,4,85759.0,10
OD009404,O05358,P0051,1,6426.0,15
OD009405,O05358,P0005,1,30157.0,15
OD009406,O05358,P0153,1,26414.0,10
OD009407,O05359,P0099,2,1622.0,20
OD009408,O05360,P0146,4,53886.0,5
OD009409,O05360,P0073,4,1183.0,20
OD009410,O05361,P0113,4,2101.0,10
OD009411,O05362,P0111,4,1846.0,10
OD009412,O05363,P0087,1,6958.0,0
OD009413,O05363,P0141,1,27658.0,20
OD009414,O05363,P0114,3,1392.0,0
OD009415,O05363,P0126,4,4619.0,20
OD009416,O05364,P0126,4,4619.0,20
OD009417,O05365,P0054,1,2132.0,10
OD009418,O05365,P0039,1,1789.0,25
OD009419,O05365,P0073,4,1183.0,0
OD009420,O05365,P0095,2,1298.0,0
OD009421,O05366,P0099,1,1622.0,15
OD009422,O05366,P0067,4,4637.0,25
OD009423,O05367,P0091,4,4973.0,10
OD009424,O05367,P0151,4,58699.0,10
OD009425,O05367,P0141,4,27658.0,10
OD009426,O05368,P0028,1,30285.0,0
OD009427,O05369,P0133,3,3741.0,5
OD009428,O05369,P0027,1,51235.0,20
OD009429,O05370,P0106,3,2055.0,0
OD009430,O05370,P0076,3,894.0,15
OD009431,O05370,P0143,1,4601.0,15
OD009432,O05370,P0119,1,1373.0,10
OD009433,O05371,P0038,3,2566.0,0
OD009434,O05371,P0075,2,3434.0,20
OD009435,O05372,P0014,4,80631.0,20
OD009436,O05373,P0127,3,458.0,20
OD009437,O05374,P0105,1,2236.0,10
OD009438,O05375,P0056,2,9595.0,10
OD009439,O05376,P0098,1,565.0,10
OD009440,O05376,P0017,4,39927.0,5
OD009441,O05376,P0138,4,55464.0,0
OD009442,O05377,P0098,3,565.0,10
OD009443,O05378,P0040,2,2804.0,5
OD009444,O05379,P0075,2,3434.0,0
OD009445,O05380,P0069,4,582.0,20
OD009446,O05380,P0023,2,50020.0,10
OD009447,O05381,P0118,3,1045.0,25
OD009448,O05382,P0019,3,7506.0,0
OD009449,O05382,P0074,4,3972.0,20
OD009450,O05383,P0090,3,6696.0,25
OD009451,O05384,P0062,2,11980.0,0
OD009452,O05384,P0137,3,4748.0,10
OD009453,O05384,P0147,2,5117.0,20
OD009454,O05385,P0075,2,3434.0,15
OD009455,O05385,P0123,4,3569.0,0
OD009456,O05386,P0111,1,1846.0,0
OD009457,O05386,P0067,4,4637.0,0
OD009458,O05387,P0127,4,458.0,10
OD009459,O05387,P0065,2,4361.0,10
OD009460,O05387,P0120,3,1825.0,10
OD009461,O05387,P0030,2,54081.0,10
OD009462,O05388,P0124,1,129.0,15
OD009463,O05388,P0135,3,10468.0,25
OD009464,O05388,P0027,2,51235.0,10
OD009465,O05389,P0076,2,894.0,0
OD009466,O05389,P0100,4,656.0,0
OD009467,O05390,P0139,3,22366.0,10
OD009468,O05390,P0101,1,1082.0,20
OD009469,O05391,P0065,3,4361.0,5
OD009470,O05391,P0124,1,129.0,10
OD009471,O05392,P0134,1,6094.0,10
OD009472,O05392,P0140,2,6575.0,0
OD009473,O05392,P0066,3,5839.0,10
OD009474,O05393,P0111,1,1846.0,15
OD009475,O05394,P0092,4,11144.0,0
OD009476,O05395,P0133,2,3741.0,25
OD009477,O05396,P0076,3,894.0,20
OD009478,O05396,P0128,3,11621.0,0
OD009479,O05396,P0018,3,77174.0,0
OD009480,O05396,P0135,3,10468.0,0
OD009481,O05397,P0080,4,34091.0,20
OD009482,O05397,P0146,1,53886.0,5
OD009483,O05398,P0078,4,8600.0,15
OD009484,O05399,P0153,2,26414.0,0
OD009485,O05400,P0093,4,3411.0,20
OD009486,O05400,P0103,3,771.0,0
OD009487,O05400,P0097,1,4219.0,0
OD009488,O05400,P0029,4,31521.0,10
OD009489,O05401,P0067,1,4637.0,10
OD009490,O05401,P0019,1,7506.0,20
OD009491,O05402,P0009,2,37963.0,10
OD009492,O05403,P0088,4,3802.0,0
OD009493,O05403,P0003,3,12895.0,0
OD009494,O05403,P0046,3,5108.0,0
OD009495,O05403,P0104,1,4730.0,20
OD009496,O05404,P0015,2,61717.0,0
OD009497,O05405,P0062,2,11980.0,10
OD009498,O05406,P0053,2,5610.0,0
OD009499,O05407,P0150,3,58459.0,0
OD009500,O05408,P0092,1,11144.0,10
OD009501,O05409,P0070,4,357.0,0
OD009502,O05410,P0054,1,2132.0,10
OD009503,O05410,P0035,3,75079.0,10
OD009504,O05411,P0005,4,30157.0,25
OD009505,O05412,P0121,1,2262.0,10
OD009506,O05413,P0095,4,1298.0,10
OD009507,O05413,P0142,4,41501.0,10
OD009508,O05414,P0078,3,8600.0,10
OD009509,O05415,P0022,4,84820.0,5
OD009510,O05416,P0012,2,14896.0,25
OD009511,O05417,P0027,3,51235.0,15
OD009512,O05417,P0020,3,11958.0,0
OD009513,O05418,P0125,1,2245.0,5
OD009514,O05418,P0118,3,1045.0,25
OD009515,O05419,P0060,1,8945.0,25
OD009516,O05420,P0118,1,1045.0,5
OD009517,O05421,P0082,4,56796.0,0
OD009518,O05422,P0123,3,3569.0,10
OD009519,O05423,P0146,1,53886.0,5
OD009520,O05423,P0133,3,3741.0,5
OD009521,O05423,P0114,3,1392.0,0
OD009522,O05424,P0099,4,1622.0,5
OD009523,O05424,P0060,2,8945.0,10
OD009524,O05424,P0013,2,14176.0,0
OD009525,O05424,P0016,4,51115.0,0
OD009526,O05425,P0067,2,4637.0,0
OD009527,O05425,P0117,2,948.0,0
OD009528,O05426,P0077,1,57019.0,15
OD009529,O05426,P0007,2,27562.0,0
OD009530,O05426,P0129,2,890.0,0
OD009531,O05427,P0074,4,3972.0,20
OD009532,O05427,P0128,1,11621.0,0
OD009533,O05428,P0066,1,5839.0,25
OD009534,O05428,P0140,1,6575.0,0
OD009535,O05429,P0002,2,19789.0,25
OD009536,O05429,P0130,2,9352.0,15
OD009537,O05429,P0045,4,4671.0,0
OD009538,O05430,P0138,2,55464.0,10
OD009539,O05430,P0084,4,59582.0,10
OD009540,O05431,P0154,3,58654.0,15
OD009541,O05432,P0088,1,3802.0,0
OD009542,O05433,P0062,2,11980.0,10
OD009543,O05433,P0075,3,3434.0,20
OD009544,O05434,P0135,4,10468.0,5
OD009545,O05434,P0021,4,51323.0,0
OD009546,O05435,P0064,1,8779.0,0
OD009547,O05436,P0082,3,56796.0,0
OD009548,O05437,P0083,1,62137.0,20
OD009549,O05438,P0002,1,19789.0,10
OD009550,O05438,P0091,3,4973.0,0
OD009551,O05439,P0091,1,4973.0,5
OD009552,O05439,P0103,3,771.0,20
OD009553,O05440,P0122,4,2157.0,5
OD009554,O05441,P0064,2,8779.0,0
OD009555,O05441,P0129,1,890.0,15
OD009556,O05442,P0156,4,58031.0,5
OD009557,O05442,P0004,2,5665.0,5
OD009558,O05442,P0085,2,8130.0,20
OD009559,O05443,P0078,3,8600.0,5
OD009560,O05444,P0082,3,56796.0,25
OD009561,O05444,P0025,1,81340.0,0
OD009562,O05444,P0153,3,26414.0,15
OD009563,O05445,P0027,2,51235.0,5
OD009564,O05446,P0082,3,56796.0,25
OD009565,O05446,P0010,3,56892.0,10
OD009566,O05446,P0056,2,9595.0,0
OD009567,O05446,P0148,1,24905.0,0
OD009568,O05447,P0134,1,6094.0,10
OD009569,O05447,P0149,3,6514.0,10
OD009570,O05448,P0069,3,582.0,20
OD009571,O05448,P0023,2,50020.0,0
OD009572,O05449,P0114,1,1392.0,10
OD009573,O05450,P0139,4,22366.0,0
OD009574,O05451,P0091,2,4973.0,0
OD009575,O05451,P0053,1,5610.0,20
OD009576,O05451,P0151,4,58699.0,10
OD009577,O05451,P0018,1,77174.0,0
OD009578,O05452,P0100,3,656.0,25
OD009579,O05453,P0082,1,56796.0,0
OD009580,O05454,P0109,2,3854.0,0
OD009581,O05454,P0007,1,27562.0,10
OD009582,O05454,P0061,1,3770.0,0
OD009583,O05454,P0081,2,71792.0,20
OD009584,O05455,P0152,1,16657.0,0
OD009585,O05456,P0044,4,488.0,0
OD009586,O05456,P0022,3,84820.0,20
OD009587,O05456,P0083,3,62137.0,10
OD009588,O05456,P0155,1,72075.0,0
OD009589,O05457,P0124,4,129.0,0
OD009590,O05458,P0119,4,1373.0,15
OD009591,O05458,P0023,2,50020.0,5
OD009592,O05459,P0061,2,3770.0,0
OD009593,O05459,P0077,3,57019.0,0
OD009594,O05460,P0137,4,4748.0,15
OD009595,O05461,P0020,2,11958.0,0
OD009596,O05461,P0003,2,12895.0,20
OD009597,O05461,P0136,3,2962.0,15
OD009598,O05462,P0043,2,8969.0,5
OD009599,O05463,P0074,3,3972.0,25
OD009600,O05464,P0115,3,2578.0,15
OD009601,O05465,P0051,4,6426.0,0
OD009602,O05465,P0135,1,10468.0,0
OD009603,O05465,P0055,3,4223.0,0
OD009604,O05466,P0108,3,2690.0,10
OD009605,O05466,P0031,1,29153.0,10
OD009606,O05467,P0135,2,10468.0,20
OD009607,O05468,P0154,2,58654.0,20
OD009608,O05469,P0011,2,21879.0,10
OD009609,O05469,P0143,4,4601.0,10
OD009610,O05470,P0103,3,771.0,25
OD009611,O05470,P0017,4,39927.0,10
OD009612,O05471,P0031,4,29153.0,15
OD009613,O05471,P0008,3,30393.0,10
OD009614,O05471,P0077,4,57019.0,20
OD009615,O05471,P0110,1,919.0,10
OD009616,O05472,P0095,4,1298.0,10
OD009617,O05473,P0109,1,3854.0,15
OD009618,O05473,P0083,4,62137.0,15
OD009619,O05473,P0105,3,2236.0,10
OD009620,O05474,P0148,3,24905.0,0
OD009621,O05475,P0009,2,37963.0,10
OD009622,O05476,P0065,4,4361.0,0
OD009623,O05477,P0029,2,31521.0,15
OD009624,O05478,P0034,4,36218.0,10
OD009625,O05479,P0093,1,3411.0,10
OD009626,O05480,P0031,4,29153.0,0
OD009627,O05480,P0097,4,4219.0,5
OD009628,O05481,P0140,2,6575.0,25
OD009629,O05481,P0079,3,54272.0,0
OD009630,O05482,P0048,1,8501.0,15
OD009631,O05482,P0143,2,4601.0,20
OD009632,O05483,P0007,2,27562.0,0
OD009633,O05484,P0061,2,3770.0,0
OD009634,O05484,P0005,3,30157.0,0
OD009635,O05485,P0035,2,75079.0,25
OD009636,O05486,P0052,3,8989.0,10
OD009637,O05487,P0116,4,164.0,0
OD009638,O05487,P0018,4,77174.0,15
OD009639,O05488,P0065,1,4361.0,10
OD009640,O05489,P0106,3,2055.0,20
OD009641,O05489,P0095,1,1298.0,10
OD009642,O05490,P0151,2,58699.0,10
OD009643,O05490,P0064,3,8779.0,10
OD009644,O05491,P0057,2,8262.0,25
OD009645,O05491,P0075,3,3434.0,5
OD009646,O05492,P0004,2,5665.0,10
OD009647,O05492,P0007,3,27562.0,0
OD009648,O05492,P0108,4,2690.0,10
OD009649,O05493,P0125,3,2245.0,10
OD009650,O05494,P0027,4,51235.0,10
OD009651,O05495,P0090,1,6696.0,0
OD009652,O05496,P0096,1,1121.0,20
OD009653,O05497,P0102,4,4842.0,5
OD009654,O05497,P0090,1,6696.0,0
OD009655,O05498,P0092,4,11144.0,5
OD009656,O05499,P0029,1,31521.0,25
OD009657,O05500,P0018,1,77174.0,0
OD009658,O05500,P0052,3,8989.0,0
OD009659,O05501,P0103,3,771.0,15
OD009660,O05502,P0115,1,2578.0,20
OD009661,O05502,P0023,3,50020.0,0
OD009662,O05503,P0136,3,2962.0,20
OD009663,O05504,P0053,2,5610.0,10
OD009664,O05505,P0119,3,1373.0,10
OD009665,O05505,P0045,3,4671.0,0
OD009666,O05505,P0153,1,26414.0,0
OD009667,O05506,P0047,2,7733.0,0
OD009668,O05506,P0072,3,4076.0,0
OD009669,O05507,P0035,2,75079.0,25
OD009670,O05507,P0013,4,14176.0,10
OD009671,O05507,P0103,3,771.0,0
OD009672,O05508,P0053,4,5610.0,0
OD009673,O05508,P0024,3,89341.0,10
OD009674,O05508,P0075,1,3434.0,10
OD009675,O05509,P0123,3,3569.0,0
OD009676,O05510,P0027,2,51235.0,20
OD009677,O05510,P0094,3,1258.0,20
OD009678,O05511,P0104,1,4730.0,20
OD009679,O05511,P0040,4,2804.0,0
OD009680,O05512,P0052,4,8989.0,0
OD009681,O05512,P0078,4,8600.0,10
OD009682,O05512,P0025,1,81340.0,5
OD009683,O05512,P0105,3,2236.0,0
OD009684,O05513,P0018,3,77174.0,25
OD009685,O05514,P0022,3,84820.0,10
OD009686,O05515,P0017,3,39927.0,25
OD009687,O05515,P0050,2,10277.0,20
OD009688,O05516,P0141,1,27658.0,15
OD009689,O05517,P0039,2,1789.0,0
OD009690,O05517,P0152,4,16657.0,0
OD009691,O05518,P0110,4,919.0,10
OD009692,O05518,P0116,1,164.0,15
OD009693,O05518,P0074,1,3972.0,25
OD009694,O05519,P0050,4,10277.0,15
OD009695,O05519,P0024,1,89341.0,0
OD009696,O05520,P0010,2,56892.0,10
OD009697,O05521,P0058,2,2360.0,0
OD009698,O05521,P0109,3,3854.0,10
OD009699,O05521,P0095,4,1298.0,0
OD009700,O05522,P0139,4,22366.0,5
OD009701,O05523,P0047,3,7733.0,5
OD009702,O05523,P0110,3,919.0,15
OD009703,O05524,P0099,4,1622.0,10
OD009704,O05525,P0028,3,30285.0,0
OD009705,O05525,P0011,2,21879.0,25
OD009706,O05526,P0138,4,55464.0,0
OD009707,O05526,P0044,1,488.0,25
OD009708,O05527,P0013,1,14176.0,0
OD009709,O05527,P0011,2,21879.0,5
OD009710,O05528,P0053,3,5610.0,0
OD009711,O05528,P0076,2,894.0,5
OD009712,O05529,P0141,2,27658.0,0
OD009713,O05530,P0016,4,51115.0,0
OD009714,O05531,P0054,1,2132.0,0
OD009715,O05531,P0148,4,24905.0,25
OD009716,O05532,P0079,4,54272.0,5
OD009717,O05533,P0052,4,8989.0,0
OD009718,O05534,P0048,1,8501.0,5
OD009719,O05534,P0152,2,16657.0,0
OD009720,O05534,P0066,1,5839.0,25
OD009721,O05535,P0029,2,31521.0,0
OD009722,O05535,P0012,3,14896.0,10
OD009723,O05535,P0063,3,11304.0,5
OD009724,O05536,P0066,1,5839.0,20
OD009725,O05536,P0016,1,51115.0,15
OD009726,O05536,P0049,3,2043.0,10
OD009727,O05537,P0084,1,59582.0,10
OD009728,O05538,P0037,3,6843.0,0
OD009729,O05538,P0023,1,50020.0,0
OD009730,O05538,P0085,3,8130.0,0
OD009731,O05538,P0007,2,27562.0,10
OD009732,O05539,P0097,4,4219.0,0
OD009733,O05539,P0132,1,6274.0,25
OD009734,O05540,P0048,2,8501.0,0
OD009735,O05540,P0086,2,13724.0,20
OD009736,O05540,P0146,4,53886.0,10
OD009737,O05541,P0025,1,81340.0,5
OD009738,O05542,P0047,1,7733.0,10
OD009739,O05542,P0080,4,34091.0,0
OD009740,O05542,P0035,3,75079.0,0
OD009741,O05542,P0087,4,6958.0,5
OD009742,O05543,P0069,3,582.0,25
OD009743,O05544,P0092,4,11144.0,25
OD009744,O05545,P0094,2,1258.0,0
OD009745,O05546,P0108,3,2690.0,0
OD009746,O05547,P0121,4,2262.0,15
OD009747,O05547,P0139,3,22366.0,10
OD009748,O05548,P0030,1,54081.0,0
OD009749,O05549,P0012,4,14896.0,0
OD009750,O05550,P0072,4,4076.0,0
OD009751,O05550,P0126,1,4619.0,25
OD009752,O05551,P0081,1,71792.0,0
OD009753,O05552,P0035,4,75079.0,15
OD009754,O05553,P0092,3,11144.0,5
OD009755,O05554,P0125,2,2245.0,0
OD009756,O05555,P0058,2,2360.0,10
OD009757,O05555,P0127,1,458.0,0
OD009758,O05556,P0007,3,27562.0,10
OD009759,O05557,P0058,4,2360.0,25
OD009760,O05557,P0073,3,1183.0,0
OD009761,O05557,P0114,2,1392.0,0
OD009762,O05558,P0045,3,4671.0,25
OD009763,O05558,P0024,3,89341.0,10
OD009764,O05558,P0126,3,4619.0,10
OD009765,O05559,P0003,4,12895.0,0
OD009766,O05559,P0075,3,3434.0,10
OD009767,O05560,P0062,2,11980.0,0
OD009768,O05561,P0063,3,11304.0,10
OD009769,O05562,P0049,1,2043.0,20
OD009770,O05562,P0104,3,4730.0,15
OD009771,O05562,P0116,2,164.0,10
OD009772,O05562,P0119,1,1373.0,10
OD009773,O05563,P0113,3,2101.0,0
OD009774,O05563,P0087,3,6958.0,10
OD009775,O05563,P0100,3,656.0,10
OD009776,O05564,P0091,3,4973.0,20
OD009777,O05565,P0097,1,4219.0,10
OD009778,O05566,P0026,2,33587.0,10
OD009779,O05566,P0058,2,2360.0,25
OD009780,O05567,P0109,4,3854.0,10
OD009781,O05567,P0031,4,29153.0,10
OD009782,O05568,P0006,2,80407.0,0
OD009783,O05568,P0102,3,4842.0,5
OD009784,O05568,P0127,1,458.0,20
OD009785,O05569,P0099,3,1622.0,0
OD009786,O05569,P0063,1,11304.0,5
OD009787,O05569,P0144,1,44525.0,5
OD009788,O05570,P0082,4,56796.0,10
OD009789,O05570,P0019,3,7506.0,25
OD009790,O05571,P0003,2,12895.0,20
OD009791,O05572,P0074,2,3972.0,20
OD009792,O05573,P0140,3,6575.0,10
OD009793,O05573,P0137,2,4748.0,0
OD009794,O05574,P0067,2,4637.0,10
OD009795,O05575,P0050,1,10277.0,5
OD009796,O05575,P0054,2,2132.0,10
OD009797,O05575,P0133,1,3741.0,0
OD009798,O05575,P0123,3,3569.0,20
OD009799,O05576,P0061,2,3770.0,20
OD009800,O05577,P0013,1,14176.0,20
OD009801,O05577,P0053,3,5610.0,0
OD009802,O05577,P0050,4,10277.0,10
OD009803,O05578,P0127,4,458.0,0
OD009804,O05579,P0020,1,11958.0,15
OD009805,O05579,P0149,2,6514.0,0
OD009806,O05579,P0154,2,58654.0,25
OD009807,O05580,P0144,4,44525.0,20
OD009808,O05580,P0152,2,16657.0,5
OD009809,O05581,P0110,2,919.0,0
OD009810,O05581,P0125,1,2245.0,25
OD009811,O05581,P0060,3,8945.0,25
OD009812,O05581,P0129,2,890.0,20
OD009813,O05582,P0022,2,84820.0,15
OD009814,O05583,P0138,2,55464.0,0
OD009815,O05583,P0114,3,1392.0,10
OD009816,O05583,P0005,1,30157.0,0
OD009817,O05584,P0072,3,4076.0,25
OD009818,O05584,P0020,1,11958.0,25
OD009819,O05585,P0089,1,2997.0,10
OD009820,O05586,P0139,1,22366.0,20
OD009821,O05587,P0039,2,1789.0,10
OD009822,O05587,P0007,2,27562.0,0
OD009823,O05587,P0133,4,3741.0,10
OD009824,O05588,P0061,3,3770.0,10
OD009825,O05589,P0122,3,2157.0,5
OD009826,O05590,P0109,4,3854.0,0
OD009827,O05591,P0156,4,58031.0,0
OD009828,O05591,P0038,1,2566.0,10
OD009829,O05592,P0111,2,1846.0,0
OD009830,O05593,P0020,3,11958.0,5
OD009831,O05594,P0068,1,1904.0,0
OD009832,O05594,P0028,1,30285.0,20
OD009833,O05594,P0081,2,71792.0,0
OD009834,O05595,P0120,2,1825.0,0
OD009835,O05596,P0144,2,44525.0,0
OD009836,O05597,P0013,4,14176.0,0
OD009837,O05597,P0063,3,11304.0,10
OD009838,O05598,P0037,2,6843.0,0
OD009839,O05599,P0045,1,4671.0,0
OD009840,O05599,P0110,1,919.0,0
OD009841,O05599,P0153,3,26414.0,20
OD009842,O05600,P0073,4,1183.0,0
OD009843,O05600,P0004,1,5665.0,0
OD009844,O05601,P0114,1,1392.0,25
OD009845,O05602,P0006,2,80407.0,20
OD009846,O05602,P0083,2,62137.0,10
OD009847,O05602,P0135,3,10468.0,10
OD009848,O05603,P0074,1,3972.0,20
OD009849,O05604,P0063,1,11304.0,10
OD009850,O05605,P0024,2,89341.0,0
OD009851,O05606,P0005,4,30157.0,20
OD009852,O05607,P0055,3,4223.0,0
OD009853,O05607,P0053,4,5610.0,15
OD009854,O05608,P0071,1,4311.0,0
OD009855,O05609,P0048,1,8501.0,0
OD009856,O05609,P0130,3,9352.0,10
OD009857,O05609,P0036,3,78122.0,0
OD009858,O05610,P0048,4,8501.0,20
OD009859,O05610,P0037,4,6843.0,0
OD009860,O05611,P0039,2,1789.0,5
OD009861,O05612,P0147,2,5117.0,10
OD009862,O05613,P0101,3,1082.0,0
OD009863,O05613,P0120,1,1825.0,0
OD009864,O05613,P0056,1,9595.0,5
OD009865,O05614,P0080,4,34091.0,25
OD009866,O05615,P0119,3,1373.0,5
OD009867,O05616,P0060,4,8945.0,5
OD009868,O05616,P0087,3,6958.0,20
OD009869,O05617,P0041,1,10071.0,25
OD009870,O05617,P0087,3,6958.0,10
OD009871,O05617,P0024,1,89341.0,15
OD009872,O05617,P0029,2,31521.0,0
OD009873,O05618,P0071,1,4311.0,0
OD009874,O05618,P0028,1,30285.0,25
OD009875,O05618,P0066,2,5839.0,5
OD009876,O05619,P0079,4,54272.0,0
OD009877,O05620,P0037,1,6843.0,0
OD009878,O05621,P0009,1,37963.0,5
OD009879,O05622,P0059,1,9307.0,0
OD009880,O05622,P0012,2,14896.0,15
OD009881,O05622,P0108,2,2690.0,5
OD009882,O05622,P0128,4,11621.0,0
OD009883,O05623,P0095,4,1298.0,20
OD009884,O05624,P0034,2,36218.0,10
OD009885,O05624,P0144,2,44525.0,0
OD009886,O05625,P0022,3,84820.0,10
OD009887,O05625,P0065,4,4361.0,10
OD009888,O05626,P0068,3,1904.0,20
OD009889,O05626,P0045,4,4671.0,5
OD009890,O05626,P0039,1,1789.0,15
OD009891,O05626,P0032,1,29369.0,10
OD009892,O05627,P0074,1,3972.0,5
OD009893,O05628,P0070,2,357.0,10
OD009894,O05629,P0151,3,58699.0,0
OD009895,O05629,P0094,2,1258.0,20
OD009896,O05629,P0116,2,164.0,10
OD009897,O05629,P0153,4,26414.0,15
OD009898,O05630,P0034,4,36218.0,0
OD009899,O05631,P0121,4,2262.0,15
OD009900,O05632,P0011,3,21879.0,20
OD009901,O05633,P0089,3,2997.0,10
OD009902,O05633,P0044,3,488.0,0
OD009903,O05634,P0060,3,8945.0,0
OD009904,O05634,P0130,1,9352.0,10
OD009905,O05635,P0094,4,1258.0,10
OD009906,O05635,P0043,2,8969.0,10
OD009907,O05636,P0073,4,1183.0,25
OD009908,O05637,P0141,3,27658.0,5
OD009909,O05638,P0104,4,4730.0,0
OD009910,O05639,P0151,2,58699.0,10
OD009911,O05639,P0110,4,919.0,5
OD009912,O05640,P0041,4,10071.0,0
OD009913,O05641,P0041,4,10071.0,10
OD009914,O05642,P0060,3,8945.0,0
OD009915,O05643,P0117,1,948.0,10
OD009916,O05643,P0007,3,27562.0,0
OD009917,O05643,P0151,3,58699.0,0
OD009918,O05644,P0053,1,5610.0,10
OD009919,O05645,P0021,4,51323.0,0
OD009920,O05646,P0095,4,1298.0,25
OD009921,O05646,P0029,1,31521.0,25
OD009922,O05647,P0092,2,11144.0,10
OD009923,O05647,P0115,3,2578.0,10
OD009924,O05647,P0046,2,5108.0,15
OD009925,O05648,P0034,3,36218.0,25
OD009926,O05649,P0085,4,8130.0,20
OD009927,O05650,P0044,3,488.0,10
OD009928,O05651,P0093,1,3411.0,10
OD009929,O05651,P0081,2,71792.0,15
OD009930,O05651,P0051,2,6426.0,20
OD009931,O05652,P0104,3,4730.0,20
OD009932,O05653,P0051,3,6426.0,0
OD009933,O05653,P0156,4,58031.0,25
OD009934,O05653,P0004,4,5665.0,20
OD009935,O05654,P0142,3,41501.0,5
OD009936,O05654,P0141,1,27658.0,25
OD009937,O05654,P0014,1,80631.0,10
OD009938,O05655,P0041,4,10071.0,20
OD009939,O05655,P0122,3,2157.0,10
OD009940,O05656,P0153,2,26414.0,0
OD009941,O05657,P0117,4,948.0,20
OD009942,O05657,P0025,1,81340.0,0
OD009943,O05657,P0062,4,11980.0,10
OD009944,O05658,P0069,4,582.0,0
OD009945,O05659,P0151,1,58699.0,0
OD009946,O05660,P0094,3,1258.0,15
OD009947,O05660,P0030,2,54081.0,10
OD009948,O05661,P0015,4,61717.0,10
OD009949,O05662,P0020,3,11958.0,5
OD009950,O05663,P0076,1,894.0,5
OD009951,O05663,P0026,4,33587.0,0
OD009952,O05663,P0141,2,27658.0,0
OD009953,O05664,P0063,3,11304.0,15
OD009954,O05665,P0079,1,54272.0,20
OD009955,O05666,P0031,3,29153.0,0
OD009956,O05667,P0031,2,29153.0,15
OD009957,O05667,P0012,4,14896.0,10
OD009958,O05668,P0086,1,13724.0,15
OD009959,O05668,P0145,2,38085.0,0
OD009960,O05669,P0111,3,1846.0,0
OD009961,O05669,P0008,1,30393.0,0
OD009962,O05670,P0111,2,1846.0,0
OD009963,O05671,P0086,4,13724.0,0
OD009964,O05671,P0116,4,164.0,0
OD009965,O05672,P0110,4,919.0,20
OD009966,O05672,P0155,1,72075.0,25
OD009967,O05673,P0123,2,3569.0,20
OD009968,O05674,P0039,1,1789.0,15
OD009969,O05675,P0032,2,29369.0,20
OD009970,O05675,P0017,3,39927.0,0
OD009971,O05675,P0139,4,22366.0,10
OD009972,O05676,P0036,1,78122.0,0
OD009973,O05677,P0041,4,10071.0,20
OD009974,O05678,P0047,1,7733.0,0
OD009975,O05679,P0140,4,6575.0,0
OD009976,O05679,P0130,1,9352.0,25
OD009977,O05680,P0117,3,948.0,15
OD009978,O05681,P0037,1,6843.0,25
OD009979,O05682,P0067,1,4637.0,0
OD009980,O05683,P0120,3,1825.0,5
OD009981,O05683,P0134,4,6094.0,0
OD009982,O05684,P0144,1,44525.0,0
OD009983,O05685,P0071,2,4311.0,0
OD009984,O05686,P0066,1,5839.0,0
OD009985,O05687,P0052,2,8989.0,0
OD009986,O05687,P0099,3,1622.0,0
OD009987,O05688,P0023,1,50020.0,0
OD009988,O05688,P0077,1,57019.0,25
OD009989,O05688,P0090,1,6696.0,15
OD009990,O05689,P0086,3,13724.0,0
OD009991,O05689,P0136,1,2962.0,15
OD009992,O05690,P0070,4,357.0,25
OD009993,O05690,P0057,4,8262.0,0
OD009994,O05690,P0104,1,4730.0,0
OD009995,O05691,P0094,3,1258.0,0
OD009996,O05692,P0090,4,6696.0,5
OD009997,O05693,P0110,2,919.0,0
OD009998,O05693,P0053,3,5610.0,0
OD009999,O05693,P0086,4,13724.0,10
OD010000,O05694,P0055,3,4223.0,25
OD010001,O05694,P0073,4,1183.0,0
OD010002,O05695,P0063,2,11304.0,0
OD010003,O05696,P0094,4,1258.0,0
OD010004,O05697,P0093,2,3411.0,10
OD010005,O05697,P0022,3,84820.0,10
OD010006,O05697,P0011,4,21879.0,10
OD010007,O05698,P0059,2,9307.0,10
OD010008,O05699,P0071,2,4311.0,0
OD010009,O05699,P0113,2,2101.0,10
OD010010,O05699,P0137,3,4748.0,25
OD010011,O05700,P0084,4,59582.0,10
OD010012,O05701,P0143,3,4601.0,0
OD010013,O05701,P0057,2,8262.0,10
OD010014,O05702,P0042,3,6552.0,0
OD010015,O05703,P0148,2,24905.0,10
OD010016,O05704,P0044,1,488.0,20
OD010017,O05705,P0108,3,2690.0,25
OD010018,O05705,P0091,4,4973.0,20
OD010019,O05706,P0051,2,6426.0,0
OD010020,O05706,P0055,1,4223.0,0
OD010021,O05706,P0069,1,582.0,15
OD010022,O05707,P0142,2,41501.0,0
OD010023,O05708,P0028,1,30285.0,25
OD010024,O05709,P0023,4,50020.0,20
OD010025,O05710,P0060,2,8945.0,0
OD010026,O05711,P0022,4,84820.0,25
OD010027,O05711,P0035,1,75079.0,20
OD010028,O05712,P0058,1,2360.0,0
OD010029,O05712,P0154,3,58654.0,15
OD010030,O05712,P0030,2,54081.0,0
OD010031,O05713,P0010,4,56892.0,15
OD010032,O05713,P0152,4,16657.0,20
OD010033,O05714,P0151,4,58699.0,0
OD010034,O05714,P0100,4,656.0,0
OD010035,O05715,P0114,4,1392.0,10
OD010036,O05715,P0032,1,29369.0,0
OD010037,O05716,P0040,4,2804.0,0
OD010038,O05717,P0149,3,6514.0,10
OD010039,O05717,P0118,3,1045.0,10
OD010040,O05717,P0081,3,71792.0,10
OD010041,O05717,P0124,4,129.0,10
OD010042,O05718,P0141,1,27658.0,5
OD010043,O05719,P0122,4,2157.0,0
OD010044,O05719,P0142,3,41501.0,5
OD010045,O05720,P0012,4,14896.0,25
OD010046,O05721,P0072,2,4076.0,0
OD010047,O05721,P0058,4,2360.0,5
OD010048,O05722,P0064,2,8779.0,20
OD010049,O05723,P0129,4,890.0,10
OD010050,O05723,P0030,3,54081.0,25
OD010051,O05724,P0057,2,8262.0,20
OD010052,O05724,P0012,3,14896.0,10
OD010053,O05725,P0080,3,34091.0,10
OD010054,O05725,P0007,3,27562.0,0
OD010055,O05725,P0151,2,58699.0,0
OD010056,O05725,P0114,1,1392.0,0
OD010057,O05726,P0023,3,50020.0,5
OD010058,O05726,P0055,4,4223.0,15
OD010059,O05727,P0081,3,71792.0,10
OD010060,O05728,P0063,2,11304.0,25
OD010061,O05728,P0036,2,78122.0,5
OD010062,O05728,P0085,2,8130.0,5
OD010063,O05729,P0115,3,2578.0,5
OD010064,O05730,P0098,4,565.0,15
OD010065,O05731,P0108,2,2690.0,0
OD010066,O05731,P0077,4,57019.0,10
OD010067,O05732,P0105,3,2236.0,10
OD010068,O05732,P0018,2,77174.0,0
OD010069,O05733,P0039,2,1789.0,25
OD010070,O05733,P0075,1,3434.0,0
OD010071,O05733,P0111,2,1846.0,5
OD010072,O05733,P0154,4,58654.0,15
OD010073,O05734,P0139,1,22366.0,10
OD010074,O05735,P0026,4,33587.0,0
OD010075,O05735,P0098,1,565.0,10
OD010076,O05736,P0099,1,1622.0,0
OD010077,O05736,P0077,3,57019.0,25
OD010078,O05736,P0003,1,12895.0,15
OD010079,O05737,P0076,2,894.0,0
OD010080,O05737,P0003,3,12895.0,5
OD010081,O05737,P0054,3,2132.0,0
OD010082,O05738,P0036,1,78122.0,10
OD010083,O05738,P0111,4,1846.0,15
OD010084,O05739,P0139,1,22366.0,15
OD010085,O05740,P0054,4,2132.0,10
OD010086,O05741,P0018,4,77174.0,0
OD010087,O05742,P0009,3,37963.0,0
OD010088,O05743,P0090,1,6696.0,0
OD010089,O05744,P0077,3,57019.0,10
OD010090,O05745,P0139,1,22366.0,0
OD010091,O05746,P0098,2,565.0,0
OD010092,O05747,P0025,4,81340.0,10
OD010093,O05747,P0010,4,56892.0,10
OD010094,O05748,P0039,4,1789.0,5
OD010095,O05749,P0058,2,2360.0,15
OD010096,O05749,P0064,2,8779.0,0
OD010097,O05750,P0055,4,4223.0,15
OD010098,O05750,P0130,2,9352.0,0
OD010099,O05750,P0137,1,4748.0,10
OD010100,O05751,P0041,1,10071.0,20
OD010101,O05752,P0023,4,50020.0,0
OD010102,O05753,P0093,3,3411.0,0
OD010103,O05754,P0038,3,2566.0,0
OD010104,O05755,P0073,1,1183.0,15
OD010105,O05755,P0026,3,33587.0,15
OD010106,O05756,P0129,3,890.0,5
OD010107,O05756,P0024,2,89341.0,25
OD010108,O05756,P0144,1,44525.0,15
OD010109,O05757,P0082,2,56796.0,25
OD010110,O05758,P0051,3,6426.0,10
OD010111,O05758,P0137,1,4748.0,10
OD010112,O05759,P0094,4,1258.0,10
OD010113,O05759,P0002,2,19789.0,25
OD010114,O05760,P0141,3,27658.0,20
OD010115,O05760,P0036,3,78122.0,0
OD010116,O05761,P0057,4,8262.0,0
OD010117,O05761,P0119,3,1373.0,10
OD010118,O05762,P0051,4,6426.0,25
OD010119,O05762,P0012,2,14896.0,0
OD010120,O05762,P0097,3,4219.0,10
OD010121,O05763,P0048,3,8501.0,0
OD010122,O05764,P0098,3,565.0,0
OD010123,O05764,P0116,1,164.0,0
OD010124,O05765,P0153,3,26414.0,15
OD010125,O05766,P0100,4,656.0,20
OD010126,O05767,P0101,3,1082.0,10
OD010127,O05767,P0148,2,24905.0,0
OD010128,O05768,P0077,4,57019.0,25
OD010129,O05768,P0055,4,4223.0,15
OD010130,O05769,P0010,4,56892.0,0
OD010131,O05769,P0077,2,57019.0,5
OD010132,O05769,P0019,3,7506.0,5
OD010133,O05770,P0106,1,2055.0,0
OD010134,O05770,P0047,2,7733.0,10
OD010135,O05770,P0004,3,5665.0,5
OD010136,O05771,P0084,2,59582.0,10
OD010137,O05771,P0117,4,948.0,5
OD010138,O05772,P0014,4,80631.0,5
OD010139,O05773,P0113,3,2101.0,0
OD010140,O05774,P0047,4,7733.0,0
OD010141,O05775,P0136,1,2962.0,0
OD010142,O05776,P0112,3,1185.0,0
OD010143,O05777,P0129,2,890.0,10
OD010144,O05778,P0007,4,27562.0,0
OD010145,O05778,P0053,3,5610.0,0
OD010146,O05779,P0106,1,2055.0,10
OD010147,O05780,P0051,3,6426.0,10
OD010148,O05781,P0055,4,4223.0,25
OD010149,O05782,P0140,4,6575.0,0
OD010150,O05783,P0060,2,8945.0,10
OD010151,O05784,P0009,1,37963.0,0
OD010152,O05784,P0030,3,54081.0,10
OD010153,O05784,P0013,2,14176.0,10
OD010154,O05785,P0090,4,6696.0,5
OD010155,O05786,P0154,3,58654.0,5
OD010156,O05786,P0131,2,2388.0,0
OD010157,O05787,P0058,2,2360.0,0
OD010158,O05788,P0095,2,1298.0,25
OD010159,O05788,P0072,4,4076.0,25
OD010160,O05789,P0115,4,2578.0,25
OD010161,O05789,P0033,3,85759.0,0
OD010162,O05790,P0015,4,61717.0,20
OD010163,O05790,P0109,3,3854.0,0
OD010164,O05791,P0136,4,2962.0,20
OD010165,O05792,P0025,1,81340.0,20
OD010166,O05792,P0151,3,58699.0,0
OD010167,O05793,P0123,4,3569.0,0
OD010168,O05793,P0134,2,6094.0,25
OD010169,O05793,P0069,3,582.0,15
OD010170,O05794,P0073,3,1183.0,10
OD010171,O05794,P0038,1,2566.0,15
OD010172,O05795,P0089,2,2997.0,5
OD010173,O05796,P0023,1,50020.0,0
OD010174,O05797,P0014,3,80631.0,10
OD010175,O05798,P0100,2,656.0,15
OD010176,O05798,P0105,2,2236.0,0
OD010177,O05798,P0150,1,58459.0,15
OD010178,O05798,P0067,1,4637.0,5
OD010179,O05799,P0032,4,29369.0,5
OD010180,O05799,P0100,2,656.0,5
OD010181,O05800,P0091,1,4973.0,25
OD010182,O05800,P0050,3,10277.0,0
OD010183,O05801,P0120,1,1825.0,15
OD010184,O05802,P0085,4,8130.0,0
OD010185,O05802,P0125,2,2245.0,0
OD010186,O05802,P0078,4,8600.0,5
OD010187,O05803,P0153,4,26414.0,0
OD010188,O05803,P0137,3,4748.0,25
OD010189,O05804,P0015,3,61717.0,10
OD010190,O05805,P0035,2,75079.0,0
OD010191,O05806,P0142,3,41501.0,10
OD010192,O05807,P0147,4,5117.0,20
OD010193,O05807,P0133,4,3741.0,10
OD010194,O05807,P0012,1,14896.0,10
OD010195,O05808,P0081,3,71792.0,0
OD010196,O05808,P0005,2,30157.0,0
OD010197,O05808,P0038,4,2566.0,5
OD010198,O05809,P0001,2,37548.0,10
OD010199,O05810,P0043,2,8969.0,15
OD010200,O05811,P0032,3,29369.0,20
OD010201,O05812,P0009,4,37963.0,25
OD010202,O05812,P0102,4,4842.0,15
OD010203,O05813,P0003,4,12895.0,0
OD010204,O05813,P0152,2,16657.0,10
OD010205,O05813,P0039,1,1789.0,20
OD010206,O05814,P0134,4,6094.0,15
OD010207,O05814,P0107,4,1172.0,0
OD010208,O05815,P0071,3,4311.0,0
OD010209,O05815,P0102,3,4842.0,0
OD010210,O05815,P0091,4,4973.0,0
OD010211,O05816,P0036,4,78122.0,25
OD010212,O05816,P0031,4,29153.0,10
OD010213,O05816,P0043,3,8969.0,5
OD010214,O05817,P0140,3,6575.0,20
OD010215,O05818,P0055,1,4223.0,10
OD010216,O05819,P0134,3,6094.0,0
OD010217,O05820,P0033,3,85759.0,5
OD010218,O05820,P0052,4,8989.0,25
OD010219,O05821,P0143,2,4601.0,10
OD010220,O05822,P0029,4,31521.0,0
OD010221,O05822,P0110,1,919.0,0
OD010222,O05823,P0060,2,8945.0,0
OD010223,O05823,P0009,4,37963.0,0
OD010224,O05823,P0121,4,2262.0,5
OD010225,O05824,P0029,1,31521.0,5
OD010226,O05824,P0083,2,62137.0,20
OD010227,O05825,P0007,1,27562.0,25
OD010228,O05826,P0101,2,1082.0,25
OD010229,O05826,P0030,1,54081.0,25
OD010230,O05827,P0092,2,11144.0,0
OD010231,O05828,P0080,1,34091.0,0
OD010232,O05829,P0132,1,6274.0,20
OD010233,O05829,P0143,3,4601.0,20
OD010234,O05829,P0016,4,51115.0,0
OD010235,O05830,P0049,1,2043.0,25
OD010236,O05831,P0014,4,80631.0,10
OD010237,O05832,P0048,2,8501.0,15
OD010238,O05832,P0148,2,24905.0,10
OD010239,O05833,P0100,1,656.0,10
OD010240,O05833,P0105,2,2236.0,25
OD010241,O05834,P0109,2,3854.0,25
OD010242,O05834,P0048,1,8501.0,15
OD010243,O05835,P0114,3,1392.0,0
OD010244,O05835,P0068,4,1904.0,20
OD010245,O05835,P0074,2,3972.0,0
OD010246,O05836,P0142,4,41501.0,10
OD010247,O05837,P0089,1,2997.0,5
OD010248,O05837,P0041,3,10071.0,0
OD010249,O05838,P0127,4,458.0,15
OD010250,O05838,P0017,2,39927.0,10
OD010251,O05839,P0138,2,55464.0,20
OD010252,O05840,P0006,3,80407.0,0
OD010253,O05841,P0010,2,56892.0,10
OD010254,O05842,P0053,4,5610.0,10
OD010255,O05843,P0107,2,1172.0,0
OD010256,O05844,P0152,4,16657.0,0
OD010257,O05845,P0012,3,14896.0,25
OD010258,O05845,P0005,2,30157.0,15
OD010259,O05846,P0112,1,1185.0,5
OD010260,O05847,P0085,2,8130.0,10
OD010261,O05848,P0057,2,8262.0,10
OD010262,O05849,P0057,4,8262.0,10
OD010263,O05850,P0075,4,3434.0,25
OD010264,O05850,P0110,4,919.0,10
OD010265,O05850,P0082,4,56796.0,10
OD010266,O05850,P0148,3,24905.0,15
OD010267,O05851,P0105,3,2236.0,10
OD010268,O05851,P0142,2,41501.0,0
OD010269,O05852,P0010,4,56892.0,5
OD010270,O05852,P0024,2,89341.0,0
OD010271,O05853,P0123,3,3569.0,10
OD010272,O05853,P0014,4,80631.0,20
OD010273,O05854,P0032,1,29369.0,10
OD010274,O05855,P0084,1,59582.0,10
OD010275,O05856,P0014,3,80631.0,15
OD010276,O05857,P0082,4,56796.0,10
OD010277,O05858,P0133,4,3741.0,5
OD010278,O05858,P0011,4,21879.0,10
OD010279,O05859,P0050,4,10277.0,0
OD010280,O05860,P0118,1,1045.0,0
OD010281,O05861,P0088,2,3802.0,25
OD010282,O05862,P0007,2,27562.0,10
OD010283,O05862,P0063,1,11304.0,0
OD010284,O05862,P0008,4,30393.0,10
OD010285,O05863,P0022,2,84820.0,20
OD010286,O05863,P0058,4,2360.0,15
OD010287,O05864,P0108,2,2690.0,0
OD010288,O05865,P0093,4,3411.0,0
OD010289,O05865,P0024,2,89341.0,5
OD010290,O05865,P0101,2,1082.0,15
OD010291,O05866,P0134,4,6094.0,20
OD010292,O05867,P0147,1,5117.0,0
OD010293,O05868,P0146,3,53886.0,5
OD010294,O05868,P0018,4,77174.0,0
OD010295,O05868,P0090,1,6696.0,25
OD010296,O05869,P0087,1,6958.0,0
OD010297,O05870,P0056,3,9595.0,0
OD010298,O05871,P0144,2,44525.0,10
OD010299,O05871,P0093,2,3411.0,20
OD010300,O05872,P0146,1,53886.0,20
OD010301,O05872,P0139,2,22366.0,0
OD010302,O05873,P0129,1,890.0,5
OD010303,O05873,P0071,1,4311.0,0
OD010304,O05873,P0070,4,357.0,15
OD010305,O05874,P0077,4,57019.0,10
OD010306,O05875,P0001,3,37548.0,20
OD010307,O05876,P0032,4,29369.0,20
OD010308,O05876,P0029,3,31521.0,10
OD010309,O05877,P0104,4,4730.0,10
OD010310,O05877,P0013,4,14176.0,20
OD010311,O05877,P0134,1,6094.0,0
OD010312,O05878,P0147,1,5117.0,20
OD010313,O05879,P0100,3,656.0,15
OD010314,O05879,P0046,1,5108.0,0
OD010315,O05879,P0149,4,6514.0,0
OD010316,O05880,P0112,3,1185.0,0
OD010317,O05880,P0137,1,4748.0,25
OD010318,O05881,P0005,2,30157.0,0
OD010319,O05881,P0031,4,29153.0,25
OD010320,O05881,P0143,4,4601.0,15
OD010321,O05882,P0053,4,5610.0,25
OD010322,O05882,P0115,3,2578.0,0
OD010323,O05883,P0149,2,6514.0,0
OD010324,O05884,P0118,3,1045.0,0
OD010325,O05884,P0090,2,6696.0,0
OD010326,O05884,P0006,3,80407.0,0
OD010327,O05885,P0038,1,2566.0,10
OD010328,O05886,P0044,1,488.0,20
OD010329,O05886,P0027,4,51235.0,10
OD010330,O05887,P0099,2,1622.0,5
OD010331,O05887,P0151,3,58699.0,0
OD010332,O05887,P0054,3,2132.0,10
OD010333,O05888,P0061,1,3770.0,5
OD010334,O05889,P0065,4,4361.0,0
OD010335,O05889,P0016,1,51115.0,25
OD010336,O05890,P0080,2,34091.0,20
OD010337,O05891,P0013,3,14176.0,5
OD010338,O05892,P0093,4,3411.0,25
OD010339,O05892,P0016,4,51115.0,15
OD010340,O05893,P0049,4,2043.0,15
OD010341,O05894,P0087,2,6958.0,0
OD010342,O05895,P0014,2,80631.0,10
OD010343,O05895,P0035,3,75079.0,10
OD010344,O05895,P0090,4,6696.0,0
OD010345,O05896,P0145,2,38085.0,0
OD010346,O05896,P0143,3,4601.0,5
OD010347,O05896,P0023,2,50020.0,10
OD010348,O05896,P0062,3,11980.0,5
OD010349,O05897,P0094,1,1258.0,0
OD010350,O05897,P0033,1,85759.0,0
OD010351,O05897,P0106,3,2055.0,0
OD010352,O05897,P0138,3,55464.0,0
OD010353,O05898,P0023,1,50020.0,0
OD010354,O05898,P0086,3,13724.0,0
OD010355,O05898,P0017,4,39927.0,0
OD010356,O05898,P0039,2,1789.0,15
OD010357,O05899,P0091,2,4973.0,5
OD010358,O05899,P0052,4,8989.0,5
OD010359,O05900,P0018,2,77174.0,10
OD010360,O05901,P0062,2,11980.0,10
OD010361,O05901,P0055,1,4223.0,10
OD010362,O05901,P0096,4,1121.0,0
OD010363,O05902,P0026,4,33587.0,15
OD010364,O05902,P0153,2,26414.0,0
OD010365,O05902,P0148,4,24905.0,20
OD010366,O05903,P0063,3,11304.0,0
OD010367,O05903,P0021,2,51323.0,0
OD010368,O05904,P0042,1,6552.0,20
OD010369,O05905,P0076,3,894.0,25
OD010370,O05906,P0120,1,1825.0,10
OD010371,O05906,P0077,1,57019.0,20
OD010372,O05907,P0039,1,1789.0,20
OD010373,O05907,P0013,4,14176.0,5
OD010374,O05908,P0130,2,9352.0,10
OD010375,O05909,P0099,3,1622.0,15
OD010376,O05909,P0118,1,1045.0,15
OD010377,O05910,P0058,3,2360.0,0
OD010378,O05910,P0011,4,21879.0,15
OD010379,O05911,P0111,1,1846.0,10
OD010380,O05912,P0056,1,9595.0,15
OD010381,O05913,P0083,4,62137.0,25
OD010382,O05914,P0094,2,1258.0,20
OD010383,O05915,P0025,4,81340.0,20
OD010384,O05915,P0035,1,75079.0,20
OD010385,O05916,P0086,1,13724.0,5
OD010386,O05917,P0133,1,3741.0,20
OD010387,O05917,P0077,4,57019.0,20
OD010388,O05917,P0018,1,77174.0,20
OD010389,O05918,P0084,1,59582.0,0
OD010390,O05918,P0043,2,8969.0,20
OD010391,O05919,P0085,4,8130.0,0
OD010392,O05919,P0069,3,582.0,10
OD010393,O05920,P0084,4,59582.0,25
OD010394,O05921,P0101,3,1082.0,5
OD010395,O05921,P0045,1,4671.0,0
OD010396,O05921,P0130,2,9352.0,25
OD010397,O05921,P0077,4,57019.0,25
OD010398,O05922,P0152,1,16657.0,15
OD010399,O05922,P0127,3,458.0,15
OD010400,O05923,P0140,3,6575.0,10
OD010401,O05923,P0136,1,2962.0,25
OD010402,O05923,P0117,4,948.0,25
OD010403,O05924,P0087,3,6958.0,25
OD010404,O05924,P0144,4,44525.0,10
OD010405,O05925,P0151,2,58699.0,0
OD010406,O05925,P0142,1,41501.0,5
OD010407,O05926,P0010,2,56892.0,0
OD010408,O05926,P0031,4,29153.0,25
OD010409,O05927,P0026,4,33587.0,25
OD010410,O05927,P0133,4,3741.0,0
OD010411,O05927,P0043,2,8969.0,20
OD010412,O05928,P0016,4,51115.0,25
OD010413,O05929,P0105,3,2236.0,10
OD010414,O05930,P0022,4,84820.0,10
OD010415,O05931,P0029,2,31521.0,10
OD010416,O05932,P0024,4,89341.0,10
OD010417,O05932,P0101,2,1082.0,0
OD010418,O05933,P0115,1,2578.0,5
OD010419,O05933,P0081,2,71792.0,0
OD010420,O05933,P0048,2,8501.0,10
OD010421,O05934,P0106,3,2055.0,0
OD010422,O05934,P0120,3,1825.0,0
OD010423,O05934,P0080,2,34091.0,0
OD010424,O05934,P0104,4,4730.0,15
OD010425,O05935,P0034,2,36218.0,10
OD010426,O05936,P0048,1,8501.0,10
OD010427,O05936,P0137,3,4748.0,10
OD010428,O05937,P0044,4,488.0,5
OD010429,O05937,P0003,1,12895.0,10
OD010430,O05937,P0022,2,84820.0,15
OD010431,O05937,P0005,4,30157.0,0
OD010432,O05938,P0146,3,53886.0,20
OD010433,O05939,P0083,1,62137.0,5
OD010434,O05940,P0068,2,1904.0,25
OD010435,O05940,P0043,1,8969.0,20
OD010436,O05940,P0027,1,51235.0,0
OD010437,O05940,P0141,1,27658.0,0
OD010438,O05941,P0019,4,7506.0,10
OD010439,O05942,P0073,4,1183.0,5
OD010440,O05943,P0082,4,56796.0,20
OD010441,O05943,P0124,2,129.0,5
OD010442,O05944,P0058,2,2360.0,5
OD010443,O05944,P0145,2,38085.0,5
OD010444,O05945,P0013,4,14176.0,25
OD010445,O05945,P0153,2,26414.0,25
OD010446,O05946,P0150,4,58459.0,25
OD010447,O05946,P0001,2,37548.0,10
OD010448,O05947,P0092,4,11144.0,5
OD010449,O05947,P0054,4,2132.0,25
OD010450,O05948,P0141,4,27658.0,10
OD010451,O05949,P0012,2,14896.0,5
OD010452,O05950,P0063,4,11304.0,5
OD010453,O05951,P0151,4,58699.0,5
OD010454,O05952,P0152,3,16657.0,0
OD010455,O05952,P0034,1,36218.0,25
OD010456,O05953,P0089,3,2997.0,15
OD010457,O05954,P0009,2,37963.0,5
OD010458,O05955,P0094,2,1258.0,10
OD010459,O05955,P0109,1,3854.0,25
OD010460,O05955,P0026,4,33587.0,20
OD010461,O05956,P0070,2,357.0,15
OD010462,O05957,P0051,4,6426.0,0
OD010463,O05957,P0044,1,488.0,0
OD010464,O05958,P0037,4,6843.0,20
OD010465,O05959,P0064,4,8779.0,25
OD010466,O05959,P0030,4,54081.0,20
OD010467,O05960,P0052,2,8989.0,20
OD010468,O05960,P0098,1,565.0,25
OD010469,O05961,P0071,1,4311.0,10
OD010470,O05961,P0144,4,44525.0,10
OD010471,O05961,P0053,4,5610.0,25
OD010472,O05961,P0010,2,56892.0,5
OD010473,O05962,P0119,2,1373.0,20
OD010474,O05963,P0072,4,4076.0,0
OD010475,O05964,P0081,2,71792.0,15
OD010476,O05964,P0004,1,5665.0,0
OD010477,O05964,P0102,2,4842.0,5
OD010478,O05964,P0054,2,2132.0,10
OD010479,O05965,P0047,4,7733.0,20
OD010480,O05965,P0076,2,894.0,15
OD010481,O05965,P0024,3,89341.0,0
OD010482,O05965,P0140,3,6575.0,0
OD010483,O05966,P0040,4,2804.0,15
OD010484,O05966,P0148,1,24905.0,5
OD010485,O05967,P0093,3,3411.0,0
OD010486,O05968,P0005,3,30157.0,20
OD010487,O05969,P0012,4,14896.0,15
OD010488,O05970,P0058,3,2360.0,20
OD010489,O05970,P0066,2,5839.0,15
OD010490,O05970,P0063,3,11304.0,0
OD010491,O05971,P0018,2,77174.0,25
OD010492,O05972,P0078,3,8600.0,5
OD010493,O05972,P0037,3,6843.0,25
OD010494,O05972,P0086,1,13724.0,0
OD010495,O05973,P0036,4,78122.0,15
OD010496,O05973,P0028,2,30285.0,10
OD010497,O05974,P0074,3,3972.0,0
OD010498,O05974,P0051,3,6426.0,0
OD010499,O05975,P0006,1,80407.0,10
OD010500,O05975,P0048,4,8501.0,5
OD010501,O05975,P0146,3,53886.0,20
OD010502,O05976,P0142,2,41501.0,10
OD010503,O05977,P0119,3,1373.0,5
OD010504,O05977,P0009,4,37963.0,10
OD010505,O05977,P0073,4,1183.0,0
OD010506,O05977,P0023,1,50020.0,20
OD010507,O05978,P0082,4,56796.0,20
OD010508,O05979,P0147,2,5117.0,0
OD010509,O05980,P0140,3,6575.0,15
OD010510,O05980,P0123,1,3569.0,10
OD010511,O05981,P0033,2,85759.0,0
OD010512,O05981,P0035,1,75079.0,0
OD010513,O05981,P0070,4,357.0,0
OD010514,O05982,P0105,3,2236.0,0
OD010515,O05983,P0049,4,2043.0,15
OD010516,O05983,P0011,4,21879.0,15
OD010517,O05983,P0027,2,51235.0,25
OD010518,O05984,P0090,3,6696.0,0
OD010519,O05984,P0128,3,11621.0,10
OD010520,O05985,P0015,4,61717.0,0
OD010521,O05986,P0039,4,1789.0,25
OD010522,O05987,P0039,1,1789.0,0
OD010523,O05987,P0058,1,2360.0,20
OD010524,O05987,P0150,3,58459.0,0
OD010525,O05988,P0018,4,77174.0,0
OD010526,O05989,P0027,3,51235.0,25
OD010527,O05989,P0021,3,51323.0,5
OD010528,O05989,P0090,2,6696.0,0
OD010529,O05989,P0120,3,1825.0,10
OD010530,O05990,P0018,4,77174.0,10
OD010531,O05991,P0064,2,8779.0,0
OD010532,O05992,P0150,3,58459.0,10
OD010533,O05993,P0132,2,6274.0,10
OD010534,O05993,P0079,1,54272.0,20
OD010535,O05994,P0037,2,6843.0,5
OD010536,O05995,P0071,2,4311.0,25
OD010537,O05995,P0112,1,1185.0,10
OD010538,O05995,P0104,4,4730.0,10
OD010539,O05996,P0117,1,948.0,20
OD010540,O05996,P0037,1,6843.0,10
OD010541,O05997,P0013,4,14176.0,10
OD010542,O05997,P0075,1,3434.0,0
OD010543,O05998,P0080,2,34091.0,15
OD010544,O05998,P0030,1,54081.0,0
OD010545,O05998,P0038,2,2566.0,25
OD010546,O05999,P0148,3,24905.0,0
OD010547,O05999,P0135,1,10468.0,0
OD010548,O05999,P0084,4,59582.0,5
OD010549,O06000,P0102,4,4842.0,5
OD010550,O06000,P0004,2,5665.0,0
OD010551,O06000,P0083,3,62137.0,10
OD010552,O06000,P0100,2,656.0,25
