Order_ID,Customer_ID,Order_Date,Order_Status,Platform,Payment_ID
O00001,C0178,2025-11-11 23:44:00,Delivered,Amazon,PAY00001
O00002,C0907,2025-07-01 23:00:00,Cancelled,Myntra,PAY00002
O00003,C0496,2026-02-05 18:02:00,Delivered,Myntra,PAY00003
O00004,C0369,2025-11-22 19:14:00,Cancelled,Myntra,PAY00004
O00005,C0075,2025-04-17 15:09:00,Delivered,Myntra,PAY00005
O00006,C0075,2025-03-21 07:22:00,Delivered,Amazon,PAY00006
O00007,C0028,2025-04-01 22:42:00,Cancelled,Myntra,PAY00007
O00008,C0746,2025-12-10 14:00:00,Delivered,Amazon,PAY00008
O00009,C0372,2025-09-13 22:04:00,Delivered,Flipkart,PAY00009
O00010,C0473,2025-04-21 23:00:00,Delivered,Flipkart,PAY00010
O00011,C0010,2026-03-25 23:26:00,Delivered,Flipkart,PAY00011
O00012,C0943,2026-05-20 12:22:00,Shipped,Flipkart,PAY00012
O00013,C0682,2025-04-14 15:50:00,Returned,Myntra,PAY00013
O00014,C0101,2025-08-19 05:28:00,Delivered,Amazon,PAY00014
O00015,C0087,2025-10-29 00:20:00,Delivered,Amazon,PAY00015
O00016,C0088,2025-03-17 10:10:00,Delivered,Amazon,PAY00016
O00017,C0145,2025-03-18 17:57:00,Delivered,Flipkart,PAY00017
O00018,C0299,2026-09-01 19:57:00,Delivered,Myntra,PAY00018
O00019,C0211,2025-02-01 13:41:00,Delivered,Myntra,PAY00019
O00020,C0139,2026-03-21 05:03:00,Delivered,Flipkart,PAY00020
O00021,C0382,2025-07-30 06:26:00,Cancelled,Myntra,PAY00021
O00022,C0067,2026-07-08 08:42:00,Delivered,Flipkart,PAY00022
O00023,C0139,2025-09-01 03:03:00,Delivered,Myntra,PAY00023
O00024,C0175,2026-07-17 15:09:00,Delivered,Flipkart,PAY00024
O00025,C0234,2025-01-04 13:05:00,Delivered,Myntra,PAY00025
O00026,C0592,2026-09-07 15:12:00,Delivered,Amazon,PAY00026
O00027,C0095,2025-07-31 05:40:00,Delivered,Amazon,PAY00027
O00028,C0289,2026-04-30 03:19:00,Returned,Flipkart,PAY00028
O00029,C0363,2026-04-28 15:57:00,Cancelled,Flipkart,PAY00029
O00030,C0023,2025-04-04 20:34:00,Delivered,Amazon,PAY00030
O00031,C0378,2026-01-15 12:23:00,Delivered,Flipkart,PAY00031
O00032,C0081,2025-02-15 08:28:00,Delivered,Flipkart,PAY00032
O00033,C0031,2025-08-20 08:36:00,Delivered,Amazon,PAY00033
O00034,C0903,2025-04-10 02:42:00,Delivered,Myntra,PAY00034
O00035,C0935,2026-02-28 18:14:00,Shipped,Amazon,PAY00035
O00036,C0636,2026-02-01 16:26:00,Shipped,Myntra,PAY00036
O00037,C0145,2026-05-02 18:56:00,Delivered,Flipkart,PAY00037
O00038,C0047,2025-11-03 02:25:00,Returned,Myntra,PAY00038
O00039,C0451,2025-02-05 16:36:00,Shipped,Myntra,PAY00039
O00040,C0219,2026-09-28 04:07:00,Returned,Flipkart,PAY00040
O00041,C0058,2025-06-27 05:13:00,Returned,Amazon,PAY00041
O00042,C0271,2025-05-10 01:27:00,Delivered,Myntra,PAY00042
O00043,C0017,2026-03-22 06:52:00,Cancelled,Amazon,PAY00043
O00044,C0828,2026-09-02 08:20:00,Cancelled,Amazon,PAY00044
O00045,C0123,2025-03-31 12:35:00,Delivered,Myntra,PAY00045
O00046,C0430,2025-11-30 08:33:00,Delivered,Amazon,PAY00046
O00047,C0149,2026-10-01 18:33:00,Returned,Flipkart,PAY00047
O00048,C0295,2025-04-26 13:09:00,Delivered,Myntra,PAY00048
O00049,C0320,2026-08-26 18:48:00,Delivered,Amazon,PAY00049
O00050,C0088,2026-07-31 03:50:00,Delivered,Myntra,PAY00050
O00051,C0943,2025-12-19 13:16:00,Delivered,Myntra,PAY00051
O00052,C0573,2026-05-13 18:38:00,Delivered,Amazon,PAY00052
O00053,C0886,2025-06-26 08:25:00,Delivered,Myntra,PAY00053
O00054,C0801,2026-09-16 21:44:00,Delivered,Amazon,PAY00054
O00055,C0369,2026-02-10 10:44:00,Delivered,Amazon,PAY00055
O00056,C0852,2026-05-02 08:57:00,Delivered,Amazon,PAY00056
O00057,C0043,2025-12-12 09:19:00,Delivered,Flipkart,PAY00057
O00058,C0094,2025-04-11 07:08:00,Delivered,Myntra,PAY00058
O00059,C0022,2026-03-30 10:17:00,Cancelled,Flipkart,PAY00059
O00060,C0155,2026-09-12 20:05:00,Delivered,Flipkart,PAY00060
O00061,C0185,2025-08-05 13:47:00,Delivered,Myntra,PAY00061
O00062,C0129,2026-01-18 01:32:00,Returned,Amazon,PAY00062
O00063,C0675,2025-03-09 09:45:00,Shipped,Flipkart,PAY00063
O00064,C0170,2025-05-19 16:56:00,Shipped,Amazon,PAY00064
O00065,C0134,2025-06-27 06:56:00,Returned,Amazon,PAY00065
O00066,C0316,2025-03-01 07:02:00,Delivered,Amazon,PAY00066
O00067,C0067,2026-01-05 22:12:00,Delivered,Flipkart,PAY00067
O00068,C0625,2026-04-21 16:25:00,Cancelled,Amazon,PAY00068
O00069,C0036,2025-02-01 07:23:00,Delivered,Myntra,PAY00069
O00070,C0976,2026-04-02 05:55:00,Delivered,Myntra,PAY00070
O00071,C0568,2026-07-19 11:22:00,Delivered,Flipkart,PAY00071
O00072,C0095,2025-04-03 09:01:00,Delivered,Amazon,PAY00072
O00073,C0003,2025-06-16 18:49:00,Delivered,Amazon,PAY00073
O00074,C0650,2025-08-19 21:13:00,Delivered,Myntra,PAY00074
O00075,C0472,2026-02-24 16:01:00,Returned,Myntra,PAY00075
O00076,C0493,2025-01-10 15:58:00,Delivered,Myntra,PAY00076
O00077,C0566,2025-06-27 19:51:00,Delivered,Amazon,PAY00077
O00078,C0036,2025-09-16 19:51:00,Delivered,Myntra,PAY00078
O00079,C0171,2025-10-09 13:57:00,Delivered,Flipkart,PAY00079
O00080,C0056,2026-04-16 08:13:00,Delivered,Flipkart,PAY00080
O00081,C0740,2026-06-18 19:25:00,Shipped,Amazon,PAY00081
O00082,C0393,2025-01-08 16:42:00,Returned,Flipkart,PAY00082
O00083,C0158,2026-07-29 20:38:00,Shipped,Flipkart,PAY00083
O00084,C0031,2025-11-02 21:06:00,Delivered,Amazon,PAY00084
O00085,C0148,2025-12-11 08:40:00,Delivered,Flipkart,PAY00085
O00086,C0155,2025-09-25 20:45:00,Cancelled,Flipkart,PAY00086
O00087,C0494,2025-07-12 04:33:00,Returned,Amazon,PAY00087
O00088,C0406,2025-02-28 19:25:00,Cancelled,Flipkart,PAY00088
O00089,C0786,2025-05-24 23:01:00,Cancelled,Flipkart,PAY00089
O00090,C0249,2025-10-30 08:58:00,Delivered,Flipkart,PAY00090
O00091,C0057,2026-02-02 23:02:00,Shipped,Myntra,PAY00091
O00092,C0478,2026-08-09 06:21:00,Cancelled,Myntra,PAY00092
O00093,C0546,2025-08-16 21:34:00,Cancelled,Flipkart,PAY00093
O00094,C0334,2026-01-03 16:19:00,Returned,Amazon,PAY00094
O00095,C0565,2026-07-26 05:18:00,Delivered,Flipkart,PAY00095
O00096,C0270,2025-05-12 23:16:00,Cancelled,Myntra,PAY00096
O00097,C0297,2025-07-07 21:57:00,Delivered,Myntra,PAY00097
O00098,C0207,2025-04-02 07:22:00,Delivered,Myntra,PAY00098
O00099,C0013,2025-11-11 13:50:00,Delivered,Flipkart,PAY00099
O00100,C0052,2025-09-24 18:18:00,Delivered,Amazon,PAY00100
O00101,C0015,2026-04-27 01:55:00,Cancelled,Myntra,PAY00101
O00102,C0405,2026-08-18 19:04:00,Delivered,Amazon,PAY00102
O00103,C0150,2026-05-28 03:55:00,Cancelled,Flipkart,PAY00103
O00104,C0284,2026-06-27 09:26:00,Delivered,Amazon,PAY00104
O00105,C0825,2025-05-21 06:21:00,Delivered,Myntra,PAY00105
O00106,C0119,2026-04-14 04:20:00,Returned,Myntra,PAY00106
O00107,C0195,2025-07-04 02:31:00,Delivered,Myntra,PAY00107
O00108,C0536,2025-07-01 10:40:00,Delivered,Amazon,PAY00108
O00109,C0109,2026-04-08 08:13:00,Returned,Amazon,PAY00109
O00110,C0037,2026-08-14 05:31:00,Returned,Amazon,PAY00110
O00111,C0138,2025-05-13 19:27:00,Cancelled,Flipkart,PAY00111
O00112,C0077,2026-02-18 13:30:00,Delivered,Amazon,PAY00112
O00113,C0867,2025-02-08 17:12:00,Cancelled,Flipkart,PAY00113
O00114,C0636,2025-01-15 10:48:00,Returned,Myntra,PAY00114
O00115,C0402,2025-07-15 00:43:00,Delivered,Myntra,PAY00115
O00116,C0756,2025-09-12 07:44:00,Delivered,Flipkart,PAY00116
O00117,C0627,2025-05-13 03:24:00,Shipped,Myntra,PAY00117
O00118,C0089,2025-11-10 05:04:00,Returned,Amazon,PAY00118
O00119,C0796,2025-11-02 09:29:00,Cancelled,Myntra,PAY00119
O00120,C0313,2026-09-03 16:21:00,Delivered,Myntra,PAY00120
O00121,C0635,2025-05-18 10:57:00,Delivered,Flipkart,PAY00121
O00122,C0803,2025-07-12 05:58:00,Returned,Flipkart,PAY00122
O00123,C0152,2025-01-20 07:14:00,Cancelled,Amazon,PAY00123
O00124,C0053,2025-08-05 23:01:00,Shipped,Myntra,PAY00124
O00125,C0109,2025-06-23 03:23:00,Cancelled,Myntra,PAY00125
O00126,C0206,2025-02-08 12:56:00,Cancelled,Flipkart,PAY00126
O00127,C0655,2026-07-02 19:03:00,Shipped,Amazon,PAY00127
O00128,C0736,2025-04-21 20:53:00,Delivered,Amazon,PAY00128
O00129,C0004,2025-04-29 13:28:00,Delivered,Amazon,PAY00129
O00130,C0286,2026-07-15 08:30:00,Cancelled,Amazon,PAY00130
O00131,C0199,2025-07-30 22:43:00,Cancelled,Amazon,PAY00131
O00132,C0106,2025-11-05 13:42:00,Delivered,Myntra,PAY00132
O00133,C0057,2026-06-17 08:39:00,Shipped,Myntra,PAY00133
O00134,C0161,2025-05-21 13:53:00,Delivered,Myntra,PAY00134
O00135,C0892,2026-09-25 03:18:00,Delivered,Amazon,PAY00135
O00136,C0154,2026-05-25 06:38:00,Delivered,Flipkart,PAY00136
O00137,C0293,2026-06-20 06:22:00,Cancelled,Flipkart,PAY00137
O00138,C0468,2025-10-30 05:02:00,Shipped,Flipkart,PAY00138
O00139,C0173,2025-08-01 22:59:00,Delivered,Flipkart,PAY00139
O00140,C0947,2025-08-29 00:00:00,Cancelled,Amazon,PAY00140
O00141,C0929,2025-04-24 18:42:00,Delivered,Amazon,PAY00141
O00142,C0120,2025-04-03 16:04:00,Cancelled,Myntra,PAY00142
O00143,C0273,2025-04-14 08:41:00,Delivered,Flipkart,PAY00143
O00144,C0143,2025-10-31 08:29:00,Delivered,Amazon,PAY00144
O00145,C0136,2025-06-28 01:54:00,Delivered,Flipkart,PAY00145
O00146,C0018,2025-11-17 13:47:00,Delivered,Amazon,PAY00146
O00147,C0380,2025-02-16 00:54:00,Delivered,Myntra,PAY00147
O00148,C0278,2025-06-24 10:22:00,Delivered,Myntra,PAY00148
O00149,C0025,2025-10-02 23:05:00,Delivered,Flipkart,PAY00149
O00150,C0133,2025-07-07 03:25:00,Delivered,Flipkart,PAY00150
O00151,C0826,2025-10-06 12:44:00,Returned,Flipkart,PAY00151
O00152,C0114,2026-03-08 20:56:00,Returned,Amazon,PAY00152
O00153,C0069,2025-04-26 04:44:00,Cancelled,Amazon,PAY00153
O00154,C0265,2025-06-13 03:26:00,Shipped,Flipkart,PAY00154
O00155,C0973,2026-08-06 21:28:00,Delivered,Myntra,PAY00155
O00156,C0115,2026-01-24 11:39:00,Delivered,Myntra,PAY00156
O00157,C0439,2025-05-14 15:58:00,Delivered,Amazon,PAY00157
O00158,C0548,2026-02-26 14:02:00,Delivered,Flipkart,PAY00158
O00159,C0113,2025-11-18 00:45:00,Returned,Myntra,PAY00159
O00160,C0492,2026-06-22 23:36:00,Cancelled,Myntra,PAY00160
O00161,C0175,2025-08-18 21:55:00,Delivered,Myntra,PAY00161
O00162,C0401,2026-06-20 22:44:00,Shipped,Amazon,PAY00162
O00163,C0402,2026-03-20 21:46:00,Delivered,Flipkart,PAY00163
O00164,C0309,2025-12-21 21:43:00,Cancelled,Flipkart,PAY00164
O00165,C0043,2025-06-02 17:57:00,Shipped,Amazon,PAY00165
O00166,C0688,2025-01-12 20:59:00,Delivered,Myntra,PAY00166
O00167,C0153,2026-04-26 15:55:00,Delivered,Amazon,PAY00167
O00168,C0089,2026-05-19 10:15:00,Delivered,Flipkart,PAY00168
O00169,C0020,2025-02-21 16:14:00,Shipped,Myntra,PAY00169
O00170,C0362,2026-01-23 12:52:00,Delivered,Amazon,PAY00170
O00171,C0444,2026-04-16 14:51:00,Shipped,Flipkart,PAY00171
O00172,C0008,2025-04-01 15:28:00,Delivered,Amazon,PAY00172
O00173,C0287,2026-05-25 23:41:00,Delivered,Amazon,PAY00173
O00174,C0108,2026-02-18 13:02:00,Shipped,Myntra,PAY00174
O00175,C0413,2025-01-01 02:50:00,Shipped,Myntra,PAY00175
O00176,C0083,2025-11-08 16:35:00,Delivered,Myntra,PAY00176
O00177,C0457,2026-04-13 10:23:00,Returned,Amazon,PAY00177
O00178,C0184,2025-08-17 14:21:00,Shipped,Myntra,PAY00178
O00179,C0880,2026-09-07 15:45:00,Cancelled,Flipkart,PAY00179
O00180,C0066,2026-04-09 03:06:00,Returned,Myntra,PAY00180
O00181,C0163,2025-08-16 00:21:00,Delivered,Myntra,PAY00181
O00182,C0054,2025-10-26 17:33:00,Delivered,Myntra,PAY00182
O00183,C0857,2025-04-19 01:57:00,Delivered,Flipkart,PAY00183
O00184,C0767,2025-05-24 22:47:00,Cancelled,Flipkart,PAY00184
O00185,C0123,2025-04-20 08:39:00,Delivered,Amazon,PAY00185
O00186,C0427,2025-05-04 12:13:00,Delivered,Amazon,PAY00186
O00187,C0653,2025-12-13 03:48:00,Delivered,Amazon,PAY00187
O00188,C0328,2026-08-26 03:49:00,Delivered,Flipkart,PAY00188
O00189,C0304,2026-08-27 16:08:00,Delivered,Amazon,PAY00189
O00190,C0115,2026-06-28 23:03:00,Shipped,Flipkart,PAY00190
O00191,C0045,2026-08-23 15:59:00,Shipped,Amazon,PAY00191
O00192,C0805,2026-08-16 05:46:00,Returned,Amazon,PAY00192
O00193,C0811,2025-04-17 12:42:00,Shipped,Myntra,PAY00193
O00194,C0402,2025-11-26 16:56:00,Delivered,Flipkart,PAY00194
O00195,C0162,2026-09-16 22:48:00,Delivered,Flipkart,PAY00195
O00196,C0166,2026-02-12 10:18:00,Delivered,Amazon,PAY00196
O00197,C0490,2025-05-22 13:38:00,Cancelled,Myntra,PAY00197
O00198,C0805,2026-06-09 09:53:00,Cancelled,Myntra,PAY00198
O00199,C0786,2025-11-18 22:47:00,Shipped,Myntra,PAY00199
O00200,C0582,2025-08-11 06:13:00,Shipped,Myntra,PAY00200
O00201,C0410,2025-10-25 21:22:00,Cancelled,Amazon,PAY00201
O00202,C0040,2025-07-02 16:34:00,Cancelled,Myntra,PAY00202
O00203,C0077,2025-11-27 22:07:00,Returned,Flipkart,PAY00203
O00204,C0808,2026-07-30 15:37:00,Shipped,Myntra,PAY00204
O00205,C0377,2026-03-04 21:47:00,Returned,Myntra,PAY00205
O00206,C0005,2025-10-20 13:51:00,Delivered,Myntra,PAY00206
O00207,C0049,2025-04-20 00:24:00,Delivered,Amazon,PAY00207
O00208,C0431,2025-02-27 06:17:00,Returned,Amazon,PAY00208
O00209,C0003,2025-10-21 21:16:00,Delivered,Amazon,PAY00209
O00210,C0077,2025-10-30 06:48:00,Shipped,Amazon,PAY00210
O00211,C0322,2026-01-03 14:06:00,Shipped,Myntra,PAY00211
O00212,C0458,2026-07-30 07:47:00,Cancelled,Myntra,PAY00212
O00213,C0420,2026-02-03 07:32:00,Returned,Myntra,PAY00213
O00214,C0107,2025-10-22 22:42:00,Delivered,Flipkart,PAY00214
O00215,C0477,2026-02-01 13:50:00,Cancelled,Flipkart,PAY00215
O00216,C0113,2026-07-20 01:00:00,Cancelled,Flipkart,PAY00216
O00217,C0155,2025-07-27 19:55:00,Returned,Flipkart,PAY00217
O00218,C0519,2025-08-19 20:45:00,Cancelled,Myntra,PAY00218
O00219,C0418,2026-01-12 18:34:00,Cancelled,Myntra,PAY00219
O00220,C0714,2025-07-21 23:12:00,Delivered,Flipkart,PAY00220
O00221,C0425,2025-07-01 21:04:00,Delivered,Amazon,PAY00221
O00222,C0340,2026-06-11 03:24:00,Delivered,Flipkart,PAY00222
O00223,C0045,2025-10-13 17:16:00,Delivered,Amazon,PAY00223
O00224,C0175,2026-08-22 08:00:00,Delivered,Flipkart,PAY00224
O00225,C0126,2025-06-08 01:09:00,Delivered,Myntra,PAY00225
O00226,C0116,2025-02-22 20:39:00,Returned,Myntra,PAY00226
O00227,C0949,2025-11-05 15:50:00,Shipped,Myntra,PAY00227
O00228,C0187,2026-01-02 02:50:00,Cancelled,Flipkart,PAY00228
O00229,C0795,2026-06-23 07:11:00,Shipped,Amazon,PAY00229
O00230,C0400,2026-06-02 05:26:00,Shipped,Myntra,PAY00230
O00231,C0611,2026-02-18 02:22:00,Delivered,Amazon,PAY00231
O00232,C0278,2025-12-06 10:23:00,Delivered,Amazon,PAY00232
O00233,C0349,2026-09-26 16:30:00,Shipped,Myntra,PAY00233
O00234,C0268,2025-01-10 03:42:00,Delivered,Flipkart,PAY00234
O00235,C0093,2025-09-04 20:39:00,Shipped,Amazon,PAY00235
O00236,C0487,2025-02-10 21:56:00,Delivered,Flipkart,PAY00236
O00237,C0134,2025-04-27 12:16:00,Shipped,Myntra,PAY00237
O00238,C0012,2025-10-17 00:58:00,Shipped,Flipkart,PAY00238
O00239,C0414,2026-06-11 16:28:00,Delivered,Amazon,PAY00239
O00240,C0085,2025-10-31 20:12:00,Delivered,Myntra,PAY00240
O00241,C0887,2025-03-26 03:10:00,Returned,Myntra,PAY00241
O00242,C0913,2026-07-01 00:40:00,Delivered,Amazon,PAY00242
O00243,C0839,2025-08-07 21:27:00,Returned,Amazon,PAY00243
O00244,C0176,2025-07-30 17:53:00,Cancelled,Myntra,PAY00244
O00245,C0008,2026-03-22 20:52:00,Delivered,Myntra,PAY00245
O00246,C0864,2025-06-07 00:29:00,Cancelled,Flipkart,PAY00246
O00247,C0207,2025-02-08 02:04:00,Delivered,Amazon,PAY00247
O00248,C0937,2025-09-15 17:04:00,Shipped,Amazon,PAY00248
O00249,C0931,2025-09-22 13:24:00,Delivered,Myntra,PAY00249
O00250,C0721,2026-02-19 13:20:00,Delivered,Flipkart,PAY00250
O00251,C0140,2025-05-02 17:00:00,Cancelled,Myntra,PAY00251
O00252,C0183,2026-09-26 02:48:00,Cancelled,Myntra,PAY00252
O00253,C0718,2025-02-16 22:54:00,Delivered,Flipkart,PAY00253
O00254,C0151,2026-05-30 03:18:00,Returned,Myntra,PAY00254
O00255,C0081,2025-11-05 19:05:00,Delivered,Flipkart,PAY00255
O00256,C0329,2026-01-26 12:52:00,Cancelled,Amazon,PAY00256
O00257,C0879,2026-05-01 05:34:00,Delivered,Amazon,PAY00257
O00258,C0462,2026-02-05 17:18:00,Cancelled,Amazon,PAY00258
O00259,C0342,2025-11-02 21:56:00,Returned,Myntra,PAY00259
O00260,C0047,2026-01-18 00:35:00,Returned,Myntra,PAY00260
O00261,C0385,2025-05-25 03:02:00,Delivered,Myntra,PAY00261
O00262,C0982,2026-09-03 12:34:00,Shipped,Amazon,PAY00262
O00263,C0067,2025-11-09 06:47:00,Cancelled,Myntra,PAY00263
O00264,C0293,2025-12-19 06:26:00,Cancelled,Myntra,PAY00264
O00265,C0768,2025-05-26 05:11:00,Delivered,Myntra,PAY00265
O00266,C0508,2025-09-16 06:07:00,Delivered,Myntra,PAY00266
O00267,C0463,2026-08-04 01:54:00,Returned,Myntra,PAY00267
O00268,C0468,2026-04-18 20:35:00,Delivered,Flipkart,PAY00268
O00269,C0171,2025-03-10 08:06:00,Delivered,Myntra,PAY00269
O00270,C0140,2026-08-18 15:21:00,Delivered,Amazon,PAY00270
O00271,C0638,2025-08-29 03:18:00,Shipped,Amazon,PAY00271
O00272,C0640,2025-07-18 10:31:00,Delivered,Flipkart,PAY00272
O00273,C0748,2026-09-24 21:19:00,Cancelled,Myntra,PAY00273
O00274,C0836,2025-06-06 18:36:00,Delivered,Flipkart,PAY00274
O00275,C0286,2026-03-15 05:00:00,Delivered,Amazon,PAY00275
O00276,C0277,2025-08-15 22:47:00,Cancelled,Flipkart,PAY00276
O00277,C0617,2025-10-11 11:08:00,Cancelled,Myntra,PAY00277
O00278,C0418,2025-12-06 15:29:00,Delivered,Flipkart,PAY00278
O00279,C0467,2025-11-09 15:35:00,Delivered,Amazon,PAY00279
O00280,C0613,2026-09-14 02:53:00,Delivered,Amazon,PAY00280
O00281,C0792,2026-07-06 06:16:00,Cancelled,Myntra,PAY00281
O00282,C0161,2025-03-20 23:04:00,Delivered,Myntra,PAY00282
O00283,C0179,2025-02-01 18:37:00,Delivered,Myntra,PAY00283
O00284,C0045,2025-08-06 01:35:00,Delivered,Myntra,PAY00284
O00285,C0350,2026-07-07 15:41:00,Returned,Amazon,PAY00285
O00286,C0018,2026-01-10 12:14:00,Returned,Myntra,PAY00286
O00287,C0243,2025-10-25 04:29:00,Shipped,Myntra,PAY00287
O00288,C0316,2025-04-03 12:23:00,Shipped,Amazon,PAY00288
O00289,C0137,2025-09-02 19:43:00,Delivered,Myntra,PAY00289
O00290,C0362,2025-05-24 14:10:00,Delivered,Myntra,PAY00290
O00291,C0015,2026-08-03 21:55:00,Delivered,Myntra,PAY00291
O00292,C0018,2026-05-11 11:02:00,Delivered,Flipkart,PAY00292
O00293,C0663,2025-08-26 02:16:00,Delivered,Amazon,PAY00293
O00294,C0172,2025-02-13 21:13:00,Shipped,Flipkart,PAY00294
O00295,C0061,2026-02-02 15:58:00,Delivered,Amazon,PAY00295
O00296,C0297,2025-02-10 20:20:00,Delivered,Myntra,PAY00296
O00297,C0563,2026-06-18 20:53:00,Delivered,Myntra,PAY00297
O00298,C0103,2025-09-27 18:34:00,Shipped,Amazon,PAY00298
O00299,C0392,2026-01-21 20:24:00,Delivered,Myntra,PAY00299
O00300,C0041,2025-03-21 16:16:00,Delivered,Amazon,PAY00300
O00301,C0025,2026-06-13 12:22:00,Returned,Flipkart,PAY00301
O00302,C0305,2026-05-14 15:56:00,Shipped,Amazon,PAY00302
O00303,C0314,2026-05-29 04:28:00,Delivered,Amazon,PAY00303
O00304,C0406,2025-03-20 16:41:00,Delivered,Amazon,PAY00304
O00305,C0490,2025-06-03 05:10:00,Delivered,Myntra,PAY00305
O00306,C0955,2025-05-02 21:14:00,Delivered,Flipkart,PAY00306
O00307,C0291,2025-04-27 15:43:00,Delivered,Flipkart,PAY00307
O00308,C0154,2025-08-04 18:10:00,Cancelled,Flipkart,PAY00308
O00309,C0611,2025-01-23 07:02:00,Delivered,Myntra,PAY00309
O00310,C0129,2026-08-30 05:08:00,Cancelled,Myntra,PAY00310
O00311,C0218,2025-02-10 18:09:00,Delivered,Amazon,PAY00311
O00312,C0038,2025-09-22 05:33:00,Delivered,Myntra,PAY00312
O00313,C0013,2026-08-01 20:01:00,Cancelled,Myntra,PAY00313
O00314,C0930,2025-10-18 02:13:00,Delivered,Myntra,PAY00314
O00315,C0689,2026-04-28 15:10:00,Delivered,Flipkart,PAY00315
O00316,C0462,2026-09-08 04:50:00,Shipped,Amazon,PAY00316
O00317,C0195,2026-10-01 21:32:00,Delivered,Amazon,PAY00317
O00318,C0083,2025-12-17 14:38:00,Shipped,Amazon,PAY00318
O00319,C0075,2025-08-24 12:24:00,Delivered,Amazon,PAY00319
O00320,C0119,2025-01-17 06:33:00,Returned,Myntra,PAY00320
O00321,C0322,2026-03-06 04:38:00,Delivered,Amazon,PAY00321
O00322,C0479,2026-05-03 19:38:00,Delivered,Myntra,PAY00322
O00323,C0428,2026-05-31 03:05:00,Delivered,Myntra,PAY00323
O00324,C0133,2025-05-14 19:34:00,Returned,Amazon,PAY00324
O00325,C0915,2026-03-18 16:26:00,Delivered,Amazon,PAY00325
O00326,C0503,2026-06-27 13:14:00,Returned,Flipkart,PAY00326
O00327,C0327,2026-01-26 11:37:00,Returned,Myntra,PAY00327
O00328,C0382,2026-08-13 03:27:00,Delivered,Flipkart,PAY00328
O00329,C0200,2026-05-04 07:58:00,Returned,Amazon,PAY00329
O00330,C0118,2025-10-18 19:56:00,Shipped,Flipkart,PAY00330
O00331,C0170,2025-09-21 06:00:00,Cancelled,Myntra,PAY00331
O00332,C0540,2025-01-08 18:33:00,Delivered,Myntra,PAY00332
O00333,C0007,2025-01-08 12:41:00,Delivered,Myntra,PAY00333
O00334,C0056,2025-11-20 13:23:00,Delivered,Amazon,PAY00334
O00335,C0022,2026-03-13 20:37:00,Delivered,Flipkart,PAY00335
O00336,C0020,2026-07-03 13:36:00,Delivered,Myntra,PAY00336
O00337,C0726,2025-10-10 21:25:00,Returned,Amazon,PAY00337
O00338,C0469,2026-02-28 17:50:00,Shipped,Flipkart,PAY00338
O00339,C0251,2025-07-03 11:35:00,Shipped,Flipkart,PAY00339
O00340,C0047,2025-09-17 09:36:00,Delivered,Myntra,PAY00340
O00341,C0268,2026-02-12 23:08:00,Returned,Myntra,PAY00341
O00342,C0250,2025-05-02 23:14:00,Delivered,Myntra,PAY00342
O00343,C0083,2025-06-15 03:13:00,Shipped,Flipkart,PAY00343
O00344,C0213,2025-12-13 17:39:00,Cancelled,Myntra,PAY00344
O00345,C0190,2025-02-23 05:24:00,Cancelled,Amazon,PAY00345
O00346,C0386,2025-04-04 04:30:00,Shipped,Flipkart,PAY00346
O00347,C0404,2025-04-01 02:16:00,Delivered,Flipkart,PAY00347
O00348,C0022,2025-03-23 19:02:00,Cancelled,Flipkart,PAY00348
O00349,C0178,2026-02-15 19:41:00,Shipped,Flipkart,PAY00349
O00350,C0395,2026-09-04 01:49:00,Returned,Amazon,PAY00350
O00351,C0278,2026-05-22 14:00:00,Delivered,Myntra,PAY00351
O00352,C0728,2026-06-15 09:12:00,Delivered,Myntra,PAY00352
O00353,C0426,2026-06-07 16:44:00,Delivered,Myntra,PAY00353
O00354,C0078,2025-06-23 21:02:00,Delivered,Amazon,PAY00354
O00355,C0034,2025-01-01 05:05:00,Delivered,Flipkart,PAY00355
O00356,C0411,2025-12-28 21:25:00,Delivered,Myntra,PAY00356
O00357,C0013,2025-07-25 16:00:00,Cancelled,Myntra,PAY00357
O00358,C0357,2025-03-12 02:35:00,Delivered,Myntra,PAY00358
O00359,C0887,2026-07-27 18:22:00,Delivered,Flipkart,PAY00359
O00360,C0347,2025-08-20 19:12:00,Delivered,Flipkart,PAY00360
O00361,C0185,2026-08-12 00:16:00,Delivered,Flipkart,PAY00361
O00362,C0412,2026-06-03 03:35:00,Delivered,Myntra,PAY00362
O00363,C0236,2025-10-29 10:07:00,Returned,Myntra,PAY00363
O00364,C0319,2025-09-21 17:52:00,Returned,Myntra,PAY00364
O00365,C0889,2025-09-14 22:28:00,Delivered,Myntra,PAY00365
O00366,C0184,2026-05-11 07:48:00,Delivered,Flipkart,PAY00366
O00367,C0927,2026-04-17 18:55:00,Delivered,Flipkart,PAY00367
O00368,C0821,2025-04-30 08:04:00,Delivered,Myntra,PAY00368
O00369,C0094,2025-08-14 21:44:00,Delivered,Flipkart,PAY00369
O00370,C0033,2026-02-27 11:33:00,Shipped,Amazon,PAY00370
O00371,C0048,2025-09-27 07:18:00,Delivered,Flipkart,PAY00371
O00372,C0009,2025-12-17 02:35:00,Delivered,Flipkart,PAY00372
O00373,C0045,2025-11-18 11:13:00,Shipped,Flipkart,PAY00373
O00374,C0449,2025-07-07 23:43:00,Delivered,Flipkart,PAY00374
O00375,C0034,2025-07-24 07:47:00,Delivered,Flipkart,PAY00375
O00376,C0152,2025-07-31 07:12:00,Returned,Amazon,PAY00376
O00377,C0706,2026-09-26 11:09:00,Returned,Amazon,PAY00377
O00378,C0012,2025-05-03 02:43:00,Cancelled,Flipkart,PAY00378
O00379,C0648,2026-09-21 00:48:00,Returned,Myntra,PAY00379
O00380,C0134,2025-02-13 15:23:00,Shipped,Flipkart,PAY00380
O00381,C0057,2026-05-20 18:55:00,Delivered,Flipkart,PAY00381
O00382,C0462,2025-07-07 16:17:00,Delivered,Amazon,PAY00382
O00383,C0398,2026-08-14 04:03:00,Shipped,Flipkart,PAY00383
O00384,C0768,2026-05-05 17:02:00,Shipped,Flipkart,PAY00384
O00385,C0499,2026-02-08 21:49:00,Delivered,Flipkart,PAY00385
O00386,C0627,2025-05-04 22:33:00,Delivered,Flipkart,PAY00386
O00387,C0134,2025-01-09 00:43:00,Delivered,Flipkart,PAY00387
O00388,C0085,2026-08-18 03:20:00,Delivered,Myntra,PAY00388
O00389,C0527,2025-09-23 05:35:00,Delivered,Amazon,PAY00389
O00390,C0633,2025-10-03 15:39:00,Delivered,Flipkart,PAY00390
O00391,C0982,2025-07-08 15:27:00,Delivered,Flipkart,PAY00391
O00392,C0196,2026-01-17 11:54:00,Delivered,Flipkart,PAY00392
O00393,C0177,2026-04-07 05:36:00,Delivered,Myntra,PAY00393
O00394,C0576,2025-08-23 03:46:00,Delivered,Amazon,PAY00394
O00395,C0162,2026-07-23 13:54:00,Delivered,Amazon,PAY00395
O00396,C0869,2025-05-30 23:09:00,Delivered,Amazon,PAY00396
O00397,C0731,2025-06-30 13:31:00,Delivered,Myntra,PAY00397
O00398,C0208,2026-06-14 17:46:00,Delivered,Flipkart,PAY00398
O00399,C0527,2025-11-04 08:35:00,Returned,Myntra,PAY00399
O00400,C0534,2025-02-18 12:06:00,Cancelled,Amazon,PAY00400
O00401,C0049,2025-03-03 06:52:00,Delivered,Flipkart,PAY00401
O00402,C0815,2025-04-09 14:47:00,Delivered,Flipkart,PAY00402
O00403,C0280,2026-01-05 11:35:00,Shipped,Flipkart,PAY00403
O00404,C0671,2025-12-19 00:26:00,Delivered,Flipkart,PAY00404
O00405,C0153,2026-09-13 06:36:00,Shipped,Myntra,PAY00405
O00406,C0802,2026-07-06 05:49:00,Delivered,Flipkart,PAY00406
O00407,C0185,2025-11-29 21:32:00,Delivered,Myntra,PAY00407
O00408,C0006,2026-04-03 02:24:00,Shipped,Flipkart,PAY00408
O00409,C0821,2026-04-20 20:09:00,Returned,Amazon,PAY00409
O00410,C0044,2025-12-12 13:40:00,Shipped,Myntra,PAY00410
O00411,C0152,2026-02-19 02:05:00,Delivered,Flipkart,PAY00411
O00412,C0906,2025-08-22 10:20:00,Cancelled,Flipkart,PAY00412
O00413,C0907,2025-10-01 19:41:00,Delivered,Flipkart,PAY00413
O00414,C0345,2026-04-01 11:47:00,Shipped,Myntra,PAY00414
O00415,C0401,2026-04-07 13:10:00,Delivered,Amazon,PAY00415
O00416,C0227,2025-05-09 23:15:00,Cancelled,Flipkart,PAY00416
O00417,C0140,2025-03-23 06:10:00,Delivered,Amazon,PAY00417
O00418,C0157,2025-04-08 02:59:00,Delivered,Myntra,PAY00418
O00419,C0439,2025-02-25 00:49:00,Delivered,Myntra,PAY00419
O00420,C0530,2025-03-27 03:16:00,Shipped,Amazon,PAY00420
O00421,C0605,2025-03-28 20:59:00,Delivered,Flipkart,PAY00421
O00422,C0601,2025-08-23 07:47:00,Delivered,Flipkart,PAY00422
O00423,C0044,2025-05-10 04:33:00,Returned,Amazon,PAY00423
O00424,C0270,2025-01-30 01:42:00,Delivered,Flipkart,PAY00424
O00425,C0028,2026-05-03 14:55:00,Shipped,Flipkart,PAY00425
O00426,C0323,2026-07-16 14:08:00,Cancelled,Myntra,PAY00426
O00427,C0220,2025-07-01 18:38:00,Delivered,Myntra,PAY00427
O00428,C0787,2026-08-01 13:33:00,Cancelled,Myntra,PAY00428
O00429,C0167,2026-07-01 09:58:00,Delivered,Flipkart,PAY00429
O00430,C0056,2026-07-07 07:51:00,Delivered,Flipkart,PAY00430
O00431,C0068,2025-11-12 11:26:00,Delivered,Amazon,PAY00431
O00432,C0547,2025-11-07 00:00:00,Shipped,Amazon,PAY00432
O00433,C0388,2025-12-19 09:30:00,Shipped,Amazon,PAY00433
O00434,C0049,2026-05-19 15:19:00,Delivered,Flipkart,PAY00434
O00435,C0040,2025-10-27 19:14:00,Returned,Amazon,PAY00435
O00436,C0466,2026-07-16 11:12:00,Delivered,Myntra,PAY00436
O00437,C0035,2026-03-24 12:15:00,Delivered,Myntra,PAY00437
O00438,C0662,2026-02-04 12:14:00,Delivered,Amazon,PAY00438
O00439,C0471,2026-03-09 20:15:00,Shipped,Myntra,PAY00439
O00440,C0039,2025-10-06 09:41:00,Cancelled,Myntra,PAY00440
O00441,C0041,2025-10-03 13:12:00,Returned,Amazon,PAY00441
O00442,C0975,2025-07-06 04:18:00,Delivered,Myntra,PAY00442
O00443,C0178,2026-04-12 19:28:00,Delivered,Myntra,PAY00443
O00444,C0177,2026-09-30 15:12:00,Delivered,Amazon,PAY00444
O00445,C0645,2025-06-05 01:34:00,Delivered,Amazon,PAY00445
O00446,C0900,2025-04-15 09:17:00,Delivered,Myntra,PAY00446
O00447,C0974,2026-03-25 23:00:00,Delivered,Amazon,PAY00447
O00448,C0532,2025-06-04 00:31:00,Delivered,Flipkart,PAY00448
O00449,C0179,2026-03-07 09:50:00,Returned,Flipkart,PAY00449
O00450,C0040,2026-01-16 14:44:00,Returned,Amazon,PAY00450
O00451,C0577,2025-12-05 02:53:00,Returned,Amazon,PAY00451
O00452,C0331,2025-02-27 08:49:00,Delivered,Amazon,PAY00452
O00453,C0204,2026-07-11 15:11:00,Delivered,Flipkart,PAY00453
O00454,C0823,2026-01-26 00:07:00,Returned,Myntra,PAY00454
O00455,C0053,2025-09-12 12:49:00,Delivered,Amazon,PAY00455
O00456,C0268,2025-02-04 06:29:00,Cancelled,Amazon,PAY00456
O00457,C0006,2026-06-18 21:13:00,Delivered,Flipkart,PAY00457
O00458,C0246,2025-11-16 10:10:00,Cancelled,Myntra,PAY00458
O00459,C0027,2025-02-13 23:59:00,Shipped,Myntra,PAY00459
O00460,C0057,2025-05-06 08:30:00,Cancelled,Flipkart,PAY00460
O00461,C0056,2025-07-23 11:56:00,Delivered,Myntra,PAY00461
O00462,C0417,2025-08-12 03:15:00,Cancelled,Flipkart,PAY00462
O00463,C0518,2025-11-29 00:10:00,Returned,Flipkart,PAY00463
O00464,C0355,2026-08-22 03:25:00,Returned,Amazon,PAY00464
O00465,C0929,2025-01-10 01:37:00,Returned,Myntra,PAY00465
O00466,C0179,2026-05-02 22:38:00,Delivered,Flipkart,PAY00466
O00467,C0136,2025-04-02 07:10:00,Delivered,Amazon,PAY00467
O00468,C0751,2026-09-26 10:59:00,Returned,Myntra,PAY00468
O00469,C0107,2025-03-03 01:22:00,Cancelled,Amazon,PAY00469
O00470,C0931,2026-07-04 03:08:00,Delivered,Amazon,PAY00470
O00471,C0006,2025-11-21 17:50:00,Cancelled,Flipkart,PAY00471
O00472,C0943,2026-03-26 23:12:00,Delivered,Myntra,PAY00472
O00473,C0021,2026-01-22 11:46:00,Delivered,Flipkart,PAY00473
O00474,C0794,2025-02-10 15:45:00,Delivered,Myntra,PAY00474
O00475,C0302,2025-10-29 17:44:00,Delivered,Amazon,PAY00475
O00476,C0987,2026-08-04 05:34:00,Delivered,Flipkart,PAY00476
O00477,C0036,2026-04-25 08:55:00,Returned,Myntra,PAY00477
O00478,C0327,2026-07-22 05:04:00,Shipped,Amazon,PAY00478
O00479,C0942,2026-04-06 09:52:00,Delivered,Myntra,PAY00479
O00480,C0297,2026-01-11 14:00:00,Returned,Myntra,PAY00480
O00481,C0398,2026-06-03 12:46:00,Delivered,Amazon,PAY00481
O00482,C0461,2026-09-27 11:49:00,Shipped,Amazon,PAY00482
O00483,C0232,2025-11-25 23:04:00,Cancelled,Myntra,PAY00483
O00484,C0397,2026-02-01 06:33:00,Cancelled,Flipkart,PAY00484
O00485,C0356,2026-07-19 04:39:00,Delivered,Flipkart,PAY00485
O00486,C0813,2026-02-24 20:20:00,Delivered,Amazon,PAY00486
O00487,C0022,2026-06-20 21:04:00,Delivered,Amazon,PAY00487
O00488,C0134,2025-07-02 01:12:00,Delivered,Flipkart,PAY00488
O00489,C0906,2025-07-16 03:02:00,Shipped,Myntra,PAY00489
O00490,C0792,2026-02-02 21:31:00,Shipped,Myntra,PAY00490
O00491,C0233,2026-08-28 08:03:00,Delivered,Amazon,PAY00491
O00492,C0390,2026-09-13 22:04:00,Delivered,Amazon,PAY00492
O00493,C0132,2026-05-19 02:29:00,Returned,Myntra,PAY00493
O00494,C0090,2025-03-04 11:35:00,Cancelled,Flipkart,PAY00494
O00495,C0241,2026-01-13 22:03:00,Returned,Myntra,PAY00495
O00496,C0168,2025-09-30 16:02:00,Cancelled,Amazon,PAY00496
O00497,C0355,2025-11-08 02:13:00,Shipped,Amazon,PAY00497
O00498,C0037,2025-04-14 23:14:00,Shipped,Flipkart,PAY00498
O00499,C0952,2025-07-14 06:33:00,Cancelled,Amazon,PAY00499
O00500,C0974,2026-08-07 20:11:00,Shipped,Myntra,PAY00500
O00501,C0464,2026-07-26 13:47:00,Delivered,Myntra,PAY00501
O00502,C0310,2026-08-14 11:43:00,Delivered,Myntra,PAY00502
O00503,C0148,2026-03-14 03:10:00,Returned,Amazon,PAY00503
O00504,C0647,2026-07-18 12:32:00,Delivered,Myntra,PAY00504
O00505,C0451,2025-06-11 17:38:00,Delivered,Flipkart,PAY00505
O00506,C0078,2025-11-19 17:20:00,Returned,Flipkart,PAY00506
O00507,C0831,2026-02-27 20:27:00,Returned,Myntra,PAY00507
O00508,C0663,2025-11-28 19:15:00,Shipped,Myntra,PAY00508
O00509,C0905,2025-08-08 12:49:00,Shipped,Myntra,PAY00509
O00510,C0490,2025-09-18 11:28:00,Delivered,Flipkart,PAY00510
O00511,C0383,2025-01-01 23:02:00,Delivered,Myntra,PAY00511
O00512,C0199,2025-01-17 16:08:00,Delivered,Amazon,PAY00512
O00513,C0873,2025-11-04 07:13:00,Returned,Flipkart,PAY00513
O00514,C0746,2025-01-23 22:52:00,Delivered,Myntra,PAY00514
O00515,C0022,2026-06-08 17:36:00,Shipped,Amazon,PAY00515
O00516,C0013,2025-04-07 01:29:00,Delivered,Amazon,PAY00516
O00517,C0179,2025-05-22 08:23:00,Shipped,Amazon,PAY00517
O00518,C0641,2025-08-27 08:51:00,Delivered,Amazon,PAY00518
O00519,C0976,2026-08-08 12:36:00,Delivered,Myntra,PAY00519
O00520,C0072,2025-03-21 23:20:00,Returned,Flipkart,PAY00520
O00521,C0365,2025-06-27 15:52:00,Cancelled,Myntra,PAY00521
O00522,C0181,2026-08-14 03:38:00,Cancelled,Flipkart,PAY00522
O00523,C0943,2025-02-08 23:51:00,Shipped,Flipkart,PAY00523
O00524,C0701,2025-03-22 01:58:00,Returned,Flipkart,PAY00524
O00525,C0693,2025-12-23 13:26:00,Returned,Amazon,PAY00525
O00526,C0246,2025-08-21 23:41:00,Returned,Myntra,PAY00526
O00527,C0198,2025-01-12 20:49:00,Cancelled,Flipkart,PAY00527
O00528,C0130,2025-02-25 09:33:00,Delivered,Flipkart,PAY00528
O00529,C0027,2026-07-07 18:09:00,Delivered,Myntra,PAY00529
O00530,C0743,2025-08-15 04:03:00,Cancelled,Myntra,PAY00530
O00531,C0645,2026-02-07 14:48:00,Shipped,Myntra,PAY00531
O00532,C1000,2026-06-01 02:14:00,Delivered,Flipkart,PAY00532
O00533,C0994,2026-02-08 04:08:00,Delivered,Amazon,PAY00533
O00534,C0328,2026-05-03 18:47:00,Delivered,Myntra,PAY00534
O00535,C0562,2026-02-13 08:05:00,Delivered,Myntra,PAY00535
O00536,C0896,2026-03-21 22:08:00,Returned,Amazon,PAY00536
O00537,C0715,2026-05-08 17:12:00,Delivered,Flipkart,PAY00537
O00538,C0118,2026-08-09 06:35:00,Shipped,Myntra,PAY00538
O00539,C0229,2026-06-21 07:15:00,Delivered,Flipkart,PAY00539
O00540,C0062,2026-03-17 10:43:00,Shipped,Amazon,PAY00540
O00541,C0913,2025-04-26 21:26:00,Delivered,Flipkart,PAY00541
O00542,C0376,2025-12-23 06:20:00,Delivered,Myntra,PAY00542
O00543,C0109,2025-01-25 09:10:00,Delivered,Myntra,PAY00543
O00544,C0439,2026-03-29 19:09:00,Delivered,Amazon,PAY00544
O00545,C0388,2025-08-28 06:43:00,Delivered,Amazon,PAY00545
O00546,C0171,2025-03-29 03:47:00,Delivered,Amazon,PAY00546
O00547,C0054,2026-09-28 04:55:00,Returned,Flipkart,PAY00547
O00548,C0438,2025-01-15 10:44:00,Returned,Amazon,PAY00548
O00549,C0295,2025-11-09 14:30:00,Delivered,Flipkart,PAY00549
O00550,C0568,2025-08-03 23:34:00,Delivered,Amazon,PAY00550
O00551,C0295,2026-07-14 16:48:00,Delivered,Myntra,PAY00551
O00552,C0720,2026-05-10 19:46:00,Delivered,Myntra,PAY00552
O00553,C0325,2025-01-19 12:37:00,Cancelled,Myntra,PAY00553
O00554,C0333,2025-02-14 08:10:00,Delivered,Flipkart,PAY00554
O00555,C0766,2025-07-25 22:39:00,Delivered,Amazon,PAY00555
O00556,C0192,2026-04-22 20:00:00,Delivered,Flipkart,PAY00556
O00557,C0064,2025-10-05 21:54:00,Cancelled,Flipkart,PAY00557
O00558,C0014,2025-04-21 00:18:00,Returned,Myntra,PAY00558
O00559,C0535,2026-01-31 07:24:00,Shipped,Myntra,PAY00559
O00560,C0390,2025-04-12 10:31:00,Returned,Myntra,PAY00560
O00561,C0469,2026-06-29 02:11:00,Delivered,Myntra,PAY00561
O00562,C0102,2026-04-14 17:59:00,Cancelled,Amazon,PAY00562
O00563,C0065,2025-02-10 07:59:00,Shipped,Flipkart,PAY00563
O00564,C0007,2025-12-08 15:25:00,Cancelled,Amazon,PAY00564
O00565,C0167,2025-01-19 11:43:00,Delivered,Flipkart,PAY00565
O00566,C0361,2025-11-06 07:32:00,Delivered,Amazon,PAY00566
O00567,C0187,2025-09-21 12:56:00,Returned,Amazon,PAY00567
O00568,C0216,2026-07-23 08:14:00,Delivered,Flipkart,PAY00568
O00569,C0818,2026-02-07 21:08:00,Delivered,Myntra,PAY00569
O00570,C0166,2026-01-27 16:43:00,Shipped,Myntra,PAY00570
O00571,C0289,2025-08-21 13:15:00,Shipped,Amazon,PAY00571
O00572,C0589,2026-03-13 09:58:00,Shipped,Flipkart,PAY00572
O00573,C0189,2026-04-05 17:08:00,Delivered,Myntra,PAY00573
O00574,C0391,2025-05-22 18:34:00,Cancelled,Amazon,PAY00574
O00575,C0739,2025-05-22 09:44:00,Cancelled,Myntra,PAY00575
O00576,C0905,2025-05-19 13:58:00,Returned,Amazon,PAY00576
O00577,C0070,2026-08-02 05:20:00,Delivered,Myntra,PAY00577
O00578,C0861,2026-06-30 23:07:00,Delivered,Flipkart,PAY00578
O00579,C0268,2025-05-30 23:01:00,Returned,Flipkart,PAY00579
O00580,C0123,2026-02-28 13:19:00,Delivered,Myntra,PAY00580
O00581,C0237,2025-10-08 04:49:00,Delivered,Amazon,PAY00581
O00582,C0963,2025-05-15 05:01:00,Returned,Myntra,PAY00582
O00583,C0268,2026-09-24 08:38:00,Shipped,Myntra,PAY00583
O00584,C0157,2025-08-25 19:14:00,Delivered,Myntra,PAY00584
O00585,C0402,2025-01-27 11:05:00,Cancelled,Flipkart,PAY00585
O00586,C0115,2025-05-18 16:54:00,Shipped,Flipkart,PAY00586
O00587,C0037,2026-01-18 05:54:00,Delivered,Flipkart,PAY00587
O00588,C0062,2026-05-01 04:10:00,Delivered,Amazon,PAY00588
O00589,C0061,2025-02-03 13:48:00,Delivered,Flipkart,PAY00589
O00590,C0073,2026-02-27 07:47:00,Cancelled,Amazon,PAY00590
O00591,C0066,2025-07-29 02:11:00,Delivered,Myntra,PAY00591
O00592,C0409,2026-05-17 22:20:00,Returned,Flipkart,PAY00592
O00593,C0087,2025-09-10 13:25:00,Returned,Amazon,PAY00593
O00594,C0165,2026-09-15 23:52:00,Delivered,Myntra,PAY00594
O00595,C0804,2025-11-17 12:39:00,Cancelled,Myntra,PAY00595
O00596,C0251,2026-09-01 17:33:00,Cancelled,Myntra,PAY00596
O00597,C0435,2025-02-09 16:06:00,Delivered,Flipkart,PAY00597
O00598,C0082,2025-02-13 07:33:00,Shipped,Flipkart,PAY00598
O00599,C0092,2025-02-10 17:24:00,Shipped,Myntra,PAY00599
O00600,C0020,2025-02-20 06:18:00,Delivered,Flipkart,PAY00600
O00601,C0081,2025-11-08 09:29:00,Delivered,Flipkart,PAY00601
O00602,C0133,2025-10-29 19:58:00,Delivered,Myntra,PAY00602
O00603,C0085,2026-06-14 04:29:00,Returned,Myntra,PAY00603
O00604,C0043,2026-04-08 02:46:00,Shipped,Amazon,PAY00604
O00605,C0058,2025-07-04 18:57:00,Cancelled,Myntra,PAY00605
O00606,C0238,2025-05-19 12:26:00,Delivered,Flipkart,PAY00606
O00607,C0099,2025-01-26 05:29:00,Shipped,Myntra,PAY00607
O00608,C0174,2025-07-26 14:05:00,Delivered,Flipkart,PAY00608
O00609,C0279,2025-06-17 22:46:00,Delivered,Amazon,PAY00609
O00610,C0456,2025-04-27 22:28:00,Cancelled,Flipkart,PAY00610
O00611,C0019,2025-03-29 16:45:00,Delivered,Myntra,PAY00611
O00612,C0619,2026-06-08 19:10:00,Delivered,Myntra,PAY00612
O00613,C0397,2026-01-25 01:49:00,Delivered,Flipkart,PAY00613
O00614,C0039,2026-08-03 21:55:00,Delivered,Amazon,PAY00614
O00615,C0760,2025-05-29 05:49:00,Cancelled,Amazon,PAY00615
O00616,C0850,2026-03-06 09:19:00,Cancelled,Flipkart,PAY00616
O00617,C0030,2025-10-23 20:11:00,Delivered,Amazon,PAY00617
O00618,C0132,2025-07-27 00:39:00,Returned,Flipkart,PAY00618
O00619,C0632,2025-01-13 14:31:00,Returned,Flipkart,PAY00619
O00620,C0522,2026-07-11 00:38:00,Delivered,Amazon,PAY00620
O00621,C0088,2025-08-11 18:42:00,Delivered,Flipkart,PAY00621
O00622,C0100,2026-02-24 14:05:00,Shipped,Myntra,PAY00622
O00623,C0176,2025-01-07 07:56:00,Shipped,Flipkart,PAY00623
O00624,C0261,2026-09-27 20:35:00,Returned,Amazon,PAY00624
O00625,C0388,2025-02-20 05:09:00,Delivered,Myntra,PAY00625
O00626,C0176,2025-12-24 01:09:00,Returned,Amazon,PAY00626
O00627,C0240,2026-08-15 19:19:00,Delivered,Amazon,PAY00627
O00628,C0521,2025-02-20 03:26:00,Delivered,Amazon,PAY00628
O00629,C0018,2025-10-19 19:42:00,Cancelled,Myntra,PAY00629
O00630,C0120,2026-09-02 18:50:00,Shipped,Amazon,PAY00630
O00631,C0478,2026-04-12 23:37:00,Delivered,Amazon,PAY00631
O00632,C0801,2025-04-06 09:20:00,Delivered,Flipkart,PAY00632
O00633,C0287,2025-03-11 13:53:00,Shipped,Amazon,PAY00633
O00634,C0306,2025-10-27 15:08:00,Delivered,Myntra,PAY00634
O00635,C0051,2025-10-09 10:33:00,Delivered,Myntra,PAY00635
O00636,C0226,2025-08-03 22:13:00,Shipped,Amazon,PAY00636
O00637,C0306,2025-04-22 18:46:00,Cancelled,Myntra,PAY00637
O00638,C0116,2025-03-31 15:46:00,Cancelled,Myntra,PAY00638
O00639,C0128,2025-10-22 13:38:00,Returned,Flipkart,PAY00639
O00640,C0180,2025-09-23 16:36:00,Shipped,Flipkart,PAY00640
O00641,C0010,2025-05-13 19:36:00,Delivered,Myntra,PAY00641
O00642,C0153,2026-05-25 15:51:00,Delivered,Myntra,PAY00642
O00643,C0101,2025-08-27 22:18:00,Delivered,Amazon,PAY00643
O00644,C0156,2025-05-02 00:29:00,Cancelled,Amazon,PAY00644
O00645,C0057,2025-08-01 19:26:00,Delivered,Amazon,PAY00645
O00646,C0793,2025-12-08 11:35:00,Returned,Myntra,PAY00646
O00647,C0364,2025-08-06 00:40:00,Delivered,Myntra,PAY00647
O00648,C0446,2025-10-16 08:50:00,Delivered,Flipkart,PAY00648
O00649,C0600,2025-11-04 16:35:00,Delivered,Amazon,PAY00649
O00650,C0274,2025-04-27 21:21:00,Delivered,Flipkart,PAY00650
O00651,C0042,2026-08-06 19:01:00,Returned,Amazon,PAY00651
O00652,C0311,2025-07-18 10:53:00,Delivered,Myntra,PAY00652
O00653,C0358,2026-05-06 15:51:00,Delivered,Myntra,PAY00653
O00654,C0517,2025-05-20 15:09:00,Cancelled,Flipkart,PAY00654
O00655,C0211,2026-07-04 10:29:00,Returned,Flipkart,PAY00655
O00656,C0061,2025-02-27 16:19:00,Shipped,Myntra,PAY00656
O00657,C0135,2025-11-20 17:34:00,Delivered,Amazon,PAY00657
O00658,C0173,2026-08-15 21:21:00,Returned,Flipkart,PAY00658
O00659,C0414,2025-03-09 04:17:00,Returned,Amazon,PAY00659
O00660,C0343,2025-12-14 12:40:00,Shipped,Amazon,PAY00660
O00661,C0170,2026-08-08 19:24:00,Delivered,Myntra,PAY00661
O00662,C0975,2025-04-30 09:45:00,Returned,Flipkart,PAY00662
O00663,C0376,2025-02-02 08:26:00,Delivered,Flipkart,PAY00663
O00664,C0113,2025-09-01 11:28:00,Returned,Flipkart,PAY00664
O00665,C0049,2025-08-10 16:19:00,Delivered,Amazon,PAY00665
O00666,C0073,2026-01-19 01:49:00,Delivered,Amazon,PAY00666
O00667,C0117,2026-03-31 16:01:00,Returned,Flipkart,PAY00667
O00668,C0077,2026-05-28 04:12:00,Delivered,Flipkart,PAY00668
O00669,C0089,2026-06-21 09:49:00,Delivered,Amazon,PAY00669
O00670,C0136,2025-04-11 16:43:00,Delivered,Amazon,PAY00670
O00671,C0083,2025-02-07 14:24:00,Cancelled,Myntra,PAY00671
O00672,C0804,2025-04-29 00:19:00,Delivered,Myntra,PAY00672
O00673,C0039,2026-09-01 02:21:00,Delivered,Amazon,PAY00673
O00674,C0299,2025-04-16 16:49:00,Cancelled,Myntra,PAY00674
O00675,C0195,2025-11-16 00:36:00,Returned,Flipkart,PAY00675
O00676,C0967,2025-08-03 10:12:00,Delivered,Flipkart,PAY00676
O00677,C0054,2025-10-11 17:20:00,Returned,Flipkart,PAY00677
O00678,C0189,2025-05-01 08:09:00,Delivered,Flipkart,PAY00678
O00679,C0942,2025-04-28 00:39:00,Shipped,Myntra,PAY00679
O00680,C0745,2025-04-15 06:34:00,Delivered,Myntra,PAY00680
O00681,C0653,2025-11-23 08:09:00,Cancelled,Flipkart,PAY00681
O00682,C0123,2026-08-11 07:10:00,Delivered,Flipkart,PAY00682
O00683,C0082,2026-09-20 10:34:00,Delivered,Amazon,PAY00683
O00684,C0436,2025-05-14 00:30:00,Cancelled,Amazon,PAY00684
O00685,C0866,2025-04-19 12:03:00,Delivered,Flipkart,PAY00685
O00686,C0329,2026-02-06 05:45:00,Shipped,Myntra,PAY00686
O00687,C0344,2026-04-02 19:22:00,Delivered,Flipkart,PAY00687
O00688,C0133,2025-07-22 22:48:00,Cancelled,Myntra,PAY00688
O00689,C0563,2025-03-22 14:36:00,Delivered,Amazon,PAY00689
O00690,C0089,2026-04-25 03:29:00,Delivered,Myntra,PAY00690
O00691,C0154,2026-04-22 15:14:00,Delivered,Amazon,PAY00691
O00692,C0205,2026-09-24 08:58:00,Delivered,Flipkart,PAY00692
O00693,C0283,2025-07-07 22:58:00,Cancelled,Flipkart,PAY00693
O00694,C0116,2025-11-29 14:31:00,Delivered,Amazon,PAY00694
O00695,C0055,2026-05-02 03:22:00,Delivered,Flipkart,PAY00695
O00696,C0381,2025-06-24 09:49:00,Delivered,Myntra,PAY00696
O00697,C0138,2026-08-12 04:32:00,Delivered,Flipkart,PAY00697
O00698,C0353,2025-04-20 10:35:00,Cancelled,Amazon,PAY00698
O00699,C0074,2025-11-06 17:29:00,Delivered,Myntra,PAY00699
O00700,C0258,2026-02-28 07:39:00,Delivered,Myntra,PAY00700
O00701,C0306,2025-06-12 15:24:00,Delivered,Flipkart,PAY00701
O00702,C0025,2025-08-02 22:37:00,Delivered,Flipkart,PAY00702
O00703,C0160,2026-08-04 10:34:00,Cancelled,Amazon,PAY00703
O00704,C0064,2025-06-27 21:42:00,Delivered,Myntra,PAY00704
O00705,C0031,2026-08-11 15:07:00,Shipped,Myntra,PAY00705
O00706,C0981,2026-04-20 10:35:00,Delivered,Flipkart,PAY00706
O00707,C0154,2025-06-30 09:25:00,Delivered,Myntra,PAY00707
O00708,C0639,2025-04-22 21:52:00,Shipped,Flipkart,PAY00708
O00709,C0121,2025-12-02 15:41:00,Cancelled,Amazon,PAY00709
O00710,C0448,2025-04-03 06:52:00,Delivered,Myntra,PAY00710
O00711,C0545,2025-01-01 04:42:00,Delivered,Flipkart,PAY00711
O00712,C0366,2026-06-29 09:24:00,Shipped,Myntra,PAY00712
O00713,C0248,2026-04-03 06:13:00,Cancelled,Flipkart,PAY00713
O00714,C0196,2025-11-03 18:50:00,Cancelled,Flipkart,PAY00714
O00715,C0166,2026-03-22 22:58:00,Delivered,Amazon,PAY00715
O00716,C0867,2026-08-20 00:39:00,Shipped,Flipkart,PAY00716
O00717,C0679,2025-05-11 09:03:00,Delivered,Myntra,PAY00717
O00718,C0934,2025-02-24 00:45:00,Shipped,Flipkart,PAY00718
O00719,C0060,2025-04-23 09:55:00,Delivered,Amazon,PAY00719
O00720,C0495,2026-03-19 22:37:00,Delivered,Myntra,PAY00720
O00721,C0883,2025-11-22 22:24:00,Delivered,Flipkart,PAY00721
O00722,C0087,2026-03-22 17:13:00,Cancelled,Amazon,PAY00722
O00723,C0032,2026-05-02 04:12:00,Shipped,Flipkart,PAY00723
O00724,C0509,2026-01-04 13:09:00,Delivered,Myntra,PAY00724
O00725,C0346,2025-05-09 04:00:00,Delivered,Myntra,PAY00725
O00726,C0700,2025-01-17 04:46:00,Delivered,Myntra,PAY00726
O00727,C0067,2026-03-24 04:05:00,Delivered,Myntra,PAY00727
O00728,C0612,2026-03-02 14:57:00,Returned,Myntra,PAY00728
O00729,C0096,2026-09-11 13:39:00,Delivered,Flipkart,PAY00729
O00730,C0078,2026-06-06 13:35:00,Returned,Flipkart,PAY00730
O00731,C0079,2026-01-29 11:14:00,Delivered,Flipkart,PAY00731
O00732,C0648,2026-09-12 00:36:00,Delivered,Myntra,PAY00732
O00733,C0432,2025-08-31 22:32:00,Delivered,Flipkart,PAY00733
O00734,C0297,2026-07-14 18:23:00,Delivered,Amazon,PAY00734
O00735,C0171,2026-08-05 15:45:00,Delivered,Amazon,PAY00735
O00736,C0767,2026-08-18 15:44:00,Delivered,Amazon,PAY00736
O00737,C0187,2026-06-24 08:29:00,Shipped,Amazon,PAY00737
O00738,C0652,2026-06-20 19:05:00,Delivered,Flipkart,PAY00738
O00739,C0218,2025-03-21 21:40:00,Shipped,Myntra,PAY00739
O00740,C0180,2025-11-16 19:03:00,Delivered,Myntra,PAY00740
O00741,C0240,2025-01-12 15:29:00,Shipped,Flipkart,PAY00741
O00742,C0144,2026-08-11 23:21:00,Delivered,Flipkart,PAY00742
O00743,C0521,2025-10-29 09:10:00,Delivered,Myntra,PAY00743
O00744,C0278,2026-09-04 23:19:00,Cancelled,Myntra,PAY00744
O00745,C0111,2025-09-24 01:40:00,Delivered,Myntra,PAY00745
O00746,C0810,2025-06-23 18:03:00,Cancelled,Flipkart,PAY00746
O00747,C0183,2025-01-28 09:31:00,Delivered,Amazon,PAY00747
O00748,C0317,2026-06-02 02:54:00,Returned,Flipkart,PAY00748
O00749,C0823,2025-09-16 04:39:00,Delivered,Flipkart,PAY00749
O00750,C0394,2025-09-21 00:47:00,Delivered,Myntra,PAY00750
O00751,C0056,2025-06-28 18:47:00,Delivered,Myntra,PAY00751
O00752,C0886,2026-04-03 11:51:00,Delivered,Flipkart,PAY00752
O00753,C0397,2025-08-30 15:11:00,Returned,Myntra,PAY00753
O00754,C0160,2025-02-03 10:05:00,Delivered,Myntra,PAY00754
O00755,C0067,2025-06-07 15:48:00,Delivered,Flipkart,PAY00755
O00756,C0609,2025-09-01 21:28:00,Cancelled,Myntra,PAY00756
O00757,C0390,2025-06-21 06:36:00,Cancelled,Flipkart,PAY00757
O00758,C0307,2025-02-25 20:16:00,Returned,Amazon,PAY00758
O00759,C0799,2025-02-23 05:29:00,Delivered,Flipkart,PAY00759
O00760,C0599,2025-11-05 15:47:00,Returned,Myntra,PAY00760
O00761,C0073,2025-08-28 12:43:00,Cancelled,Flipkart,PAY00761
O00762,C0149,2026-05-01 08:09:00,Shipped,Flipkart,PAY00762
O00763,C0119,2025-01-13 09:59:00,Returned,Flipkart,PAY00763
O00764,C0514,2026-01-27 21:20:00,Shipped,Myntra,PAY00764
O00765,C0016,2025-02-12 03:58:00,Shipped,Myntra,PAY00765
O00766,C0342,2025-12-29 13:39:00,Cancelled,Flipkart,PAY00766
O00767,C0549,2025-12-10 08:17:00,Returned,Amazon,PAY00767
O00768,C0766,2025-09-19 20:37:00,Delivered,Flipkart,PAY00768
O00769,C0163,2025-09-05 23:43:00,Shipped,Amazon,PAY00769
O00770,C0661,2026-06-17 10:43:00,Cancelled,Amazon,PAY00770
O00771,C0053,2025-11-17 17:00:00,Cancelled,Amazon,PAY00771
O00772,C0709,2025-03-11 00:26:00,Delivered,Myntra,PAY00772
O00773,C0061,2025-04-17 21:28:00,Delivered,Amazon,PAY00773
O00774,C0189,2025-10-18 08:12:00,Delivered,Amazon,PAY00774
O00775,C0615,2026-09-27 02:03:00,Shipped,Myntra,PAY00775
O00776,C0072,2025-08-11 19:40:00,Delivered,Myntra,PAY00776
O00777,C0109,2025-05-03 02:54:00,Shipped,Amazon,PAY00777
O00778,C0487,2026-01-20 21:48:00,Cancelled,Myntra,PAY00778
O00779,C0485,2025-07-09 03:44:00,Delivered,Flipkart,PAY00779
O00780,C0410,2025-10-29 14:42:00,Delivered,Myntra,PAY00780
O00781,C0460,2026-04-10 08:49:00,Delivered,Myntra,PAY00781
O00782,C0316,2025-11-28 08:10:00,Returned,Amazon,PAY00782
O00783,C0120,2025-10-11 01:24:00,Delivered,Flipkart,PAY00783
O00784,C0165,2025-03-03 08:52:00,Delivered,Amazon,PAY00784
O00785,C0087,2026-03-28 02:31:00,Delivered,Myntra,PAY00785
O00786,C0827,2026-02-07 05:41:00,Delivered,Amazon,PAY00786
O00787,C0355,2025-05-28 17:49:00,Delivered,Amazon,PAY00787
O00788,C0191,2026-09-21 20:06:00,Delivered,Myntra,PAY00788
O00789,C0239,2025-09-23 03:02:00,Delivered,Amazon,PAY00789
O00790,C0900,2026-08-09 23:16:00,Returned,Flipkart,PAY00790
O00791,C0073,2025-01-20 15:09:00,Cancelled,Myntra,PAY00791
O00792,C0357,2025-01-01 01:42:00,Delivered,Flipkart,PAY00792
O00793,C0281,2025-06-05 22:21:00,Delivered,Myntra,PAY00793
O00794,C0381,2025-01-04 16:45:00,Returned,Flipkart,PAY00794
O00795,C0009,2026-05-05 13:25:00,Returned,Myntra,PAY00795
O00796,C0758,2025-03-13 17:14:00,Delivered,Flipkart,PAY00796
O00797,C0872,2026-05-09 03:36:00,Shipped,Flipkart,PAY00797
O00798,C0337,2025-12-08 21:19:00,Delivered,Amazon,PAY00798
O00799,C0462,2025-04-03 11:34:00,Returned,Flipkart,PAY00799
O00800,C0853,2025-03-24 14:48:00,Returned,Flipkart,PAY00800
O00801,C0472,2025-07-27 05:35:00,Delivered,Flipkart,PAY00801
O00802,C0073,2025-07-15 09:44:00,Delivered,Amazon,PAY00802
O00803,C0348,2026-01-03 15:05:00,Cancelled,Flipkart,PAY00803
O00804,C0377,2025-07-14 04:02:00,Delivered,Amazon,PAY00804
O00805,C0203,2026-08-31 07:31:00,Delivered,Amazon,PAY00805
O00806,C0500,2026-07-08 20:19:00,Delivered,Myntra,PAY00806
O00807,C0876,2026-04-06 00:02:00,Delivered,Amazon,PAY00807
O00808,C0859,2025-12-12 23:02:00,Delivered,Amazon,PAY00808
O00809,C0229,2025-08-05 20:42:00,Shipped,Flipkart,PAY00809
O00810,C0054,2026-07-04 04:47:00,Shipped,Amazon,PAY00810
O00811,C0972,2025-03-15 01:47:00,Delivered,Flipkart,PAY00811
O00812,C0694,2025-01-20 15:58:00,Shipped,Amazon,PAY00812
O00813,C0060,2025-09-06 22:41:00,Delivered,Amazon,PAY00813
O00814,C0850,2025-06-26 20:03:00,Delivered,Amazon,PAY00814
O00815,C0753,2026-04-13 19:10:00,Returned,Myntra,PAY00815
O00816,C0293,2025-03-07 03:07:00,Delivered,Myntra,PAY00816
O00817,C0362,2026-09-23 07:04:00,Returned,Amazon,PAY00817
O00818,C0190,2026-03-13 10:51:00,Returned,Myntra,PAY00818
O00819,C0027,2026-02-16 10:07:00,Cancelled,Myntra,PAY00819
O00820,C0160,2026-07-13 04:20:00,Returned,Amazon,PAY00820
O00821,C0626,2025-02-16 18:11:00,Delivered,Amazon,PAY00821
O00822,C0003,2025-05-04 08:09:00,Returned,Flipkart,PAY00822
O00823,C0159,2025-06-22 22:23:00,Shipped,Amazon,PAY00823
O00824,C0190,2026-03-26 07:59:00,Shipped,Amazon,PAY00824
O00825,C0311,2025-05-17 03:50:00,Returned,Myntra,PAY00825
O00826,C0848,2026-09-20 12:49:00,Delivered,Amazon,PAY00826
O00827,C0165,2026-05-14 02:00:00,Delivered,Amazon,PAY00827
O00828,C0165,2025-04-02 22:41:00,Shipped,Flipkart,PAY00828
O00829,C0502,2026-03-03 22:51:00,Returned,Flipkart,PAY00829
O00830,C0230,2025-05-10 06:09:00,Cancelled,Flipkart,PAY00830
O00831,C0107,2026-06-20 14:26:00,Delivered,Amazon,PAY00831
O00832,C0230,2026-09-18 22:02:00,Shipped,Amazon,PAY00832
O00833,C0067,2026-05-27 19:05:00,Cancelled,Flipkart,PAY00833
O00834,C0084,2025-12-23 13:00:00,Shipped,Amazon,PAY00834
O00835,C0274,2025-07-16 03:33:00,Delivered,Myntra,PAY00835
O00836,C0199,2026-01-06 17:32:00,Delivered,Flipkart,PAY00836
O00837,C0839,2025-08-02 08:03:00,Delivered,Amazon,PAY00837
O00838,C0173,2025-06-02 21:54:00,Delivered,Flipkart,PAY00838
O00839,C0352,2025-06-30 05:42:00,Delivered,Amazon,PAY00839
O00840,C0401,2026-01-08 09:13:00,Delivered,Flipkart,PAY00840
O00841,C0007,2025-12-09 19:51:00,Returned,Flipkart,PAY00841
O00842,C0431,2025-02-14 03:47:00,Delivered,Myntra,PAY00842
O00843,C0085,2025-06-30 05:50:00,Delivered,Flipkart,PAY00843
O00844,C0927,2026-06-12 03:04:00,Delivered,Myntra,PAY00844
O00845,C0071,2026-04-01 18:37:00,Delivered,Flipkart,PAY00845
O00846,C0197,2025-07-23 23:43:00,Delivered,Amazon,PAY00846
O00847,C0041,2025-04-23 10:14:00,Delivered,Amazon,PAY00847
O00848,C0995,2026-02-27 06:24:00,Delivered,Amazon,PAY00848
O00849,C0278,2026-04-28 18:31:00,Delivered,Flipkart,PAY00849
O00850,C0366,2025-05-29 06:59:00,Shipped,Flipkart,PAY00850
O00851,C0032,2025-07-02 12:23:00,Delivered,Flipkart,PAY00851
O00852,C0525,2025-07-18 20:22:00,Delivered,Amazon,PAY00852
O00853,C0100,2025-12-10 04:02:00,Cancelled,Myntra,PAY00853
O00854,C0807,2025-03-03 08:08:00,Delivered,Flipkart,PAY00854
O00855,C0098,2026-04-15 13:10:00,Returned,Flipkart,PAY00855
O00856,C0091,2025-08-14 09:38:00,Delivered,Myntra,PAY00856
O00857,C0018,2026-09-19 05:36:00,Shipped,Amazon,PAY00857
O00858,C0249,2025-03-30 13:54:00,Shipped,Flipkart,PAY00858
O00859,C0337,2025-08-10 18:30:00,Returned,Flipkart,PAY00859
O00860,C0032,2025-10-13 00:46:00,Delivered,Myntra,PAY00860
O00861,C0574,2025-09-10 07:20:00,Delivered,Myntra,PAY00861
O00862,C0231,2025-08-16 18:09:00,Shipped,Amazon,PAY00862
O00863,C0299,2026-03-04 01:02:00,Delivered,Myntra,PAY00863
O00864,C0219,2026-06-01 01:27:00,Shipped,Flipkart,PAY00864
O00865,C0191,2026-05-06 22:52:00,Delivered,Flipkart,PAY00865
O00866,C0332,2026-05-23 07:05:00,Shipped,Amazon,PAY00866
O00867,C0074,2026-02-21 06:08:00,Delivered,Flipkart,PAY00867
O00868,C0087,2025-09-02 20:05:00,Delivered,Flipkart,PAY00868
O00869,C0738,2025-11-09 05:45:00,Delivered,Myntra,PAY00869
O00870,C0898,2026-08-21 00:29:00,Delivered,Amazon,PAY00870
O00871,C0178,2026-02-20 05:50:00,Returned,Flipkart,PAY00871
O00872,C0129,2026-04-21 22:40:00,Delivered,Myntra,PAY00872
O00873,C0412,2025-03-14 12:57:00,Cancelled,Flipkart,PAY00873
O00874,C0195,2026-06-28 01:18:00,Delivered,Flipkart,PAY00874
O00875,C0013,2026-09-20 17:36:00,Returned,Amazon,PAY00875
O00876,C0075,2025-03-24 19:56:00,Delivered,Myntra,PAY00876
O00877,C0481,2025-02-26 16:58:00,Cancelled,Flipkart,PAY00877
O00878,C0426,2025-02-22 03:24:00,Delivered,Flipkart,PAY00878
O00879,C0013,2026-09-26 01:23:00,Delivered,Amazon,PAY00879
O00880,C0106,2026-07-27 22:04:00,Shipped,Myntra,PAY00880
O00881,C0110,2025-07-29 04:21:00,Delivered,Myntra,PAY00881
O00882,C0439,2025-04-27 20:30:00,Cancelled,Myntra,PAY00882
O00883,C0010,2025-08-03 23:48:00,Delivered,Flipkart,PAY00883
O00884,C0050,2025-12-28 08:32:00,Cancelled,Flipkart,PAY00884
O00885,C0620,2025-10-11 01:04:00,Delivered,Flipkart,PAY00885
O00886,C0085,2026-04-09 15:32:00,Shipped,Amazon,PAY00886
O00887,C0421,2026-04-27 22:34:00,Cancelled,Myntra,PAY00887
O00888,C0114,2025-10-27 14:39:00,Delivered,Myntra,PAY00888
O00889,C0048,2025-03-09 06:57:00,Delivered,Amazon,PAY00889
O00890,C0116,2025-03-24 12:57:00,Delivered,Flipkart,PAY00890
O00891,C0487,2025-03-20 03:10:00,Delivered,Amazon,PAY00891
O00892,C0726,2025-06-01 15:09:00,Returned,Amazon,PAY00892
O00893,C0678,2026-06-18 20:01:00,Delivered,Flipkart,PAY00893
O00894,C0189,2026-07-09 04:30:00,Delivered,Flipkart,PAY00894
O00895,C0435,2026-03-31 23:41:00,Delivered,Flipkart,PAY00895
O00896,C0098,2025-07-13 02:01:00,Returned,Amazon,PAY00896
O00897,C0140,2026-06-17 20:21:00,Delivered,Myntra,PAY00897
O00898,C0804,2025-12-18 20:41:00,Returned,Flipkart,PAY00898
O00899,C0007,2026-05-13 18:42:00,Cancelled,Myntra,PAY00899
O00900,C0041,2026-07-16 14:29:00,Delivered,Myntra,PAY00900
O00901,C0099,2025-05-16 09:10:00,Returned,Flipkart,PAY00901
O00902,C0013,2025-08-21 15:23:00,Delivered,Amazon,PAY00902
O00903,C0087,2025-06-01 11:18:00,Delivered,Amazon,PAY00903
O00904,C0354,2026-09-26 05:45:00,Shipped,Flipkart,PAY00904
O00905,C0201,2025-07-06 05:53:00,Cancelled,Myntra,PAY00905
O00906,C0797,2025-06-07 05:15:00,Delivered,Amazon,PAY00906
O00907,C0654,2025-11-21 18:08:00,Delivered,Flipkart,PAY00907
O00908,C0163,2026-01-14 05:13:00,Shipped,Myntra,PAY00908
O00909,C0124,2025-02-05 21:20:00,Delivered,Amazon,PAY00909
O00910,C0181,2026-01-17 14:34:00,Delivered,Myntra,PAY00910
O00911,C0361,2025-11-05 03:58:00,Delivered,Flipkart,PAY00911
O00912,C0128,2026-05-27 04:29:00,Delivered,Amazon,PAY00912
O00913,C0393,2025-01-05 23:34:00,Shipped,Flipkart,PAY00913
O00914,C0195,2025-10-30 15:57:00,Delivered,Myntra,PAY00914
O00915,C0325,2025-05-31 18:46:00,Delivered,Flipkart,PAY00915
O00916,C0215,2025-04-26 23:30:00,Delivered,Amazon,PAY00916
O00917,C0140,2026-07-19 03:19:00,Delivered,Flipkart,PAY00917
O00918,C0903,2026-09-25 07:28:00,Delivered,Amazon,PAY00918
O00919,C0551,2025-12-01 01:38:00,Cancelled,Amazon,PAY00919
O00920,C0067,2026-08-21 16:14:00,Returned,Flipkart,PAY00920
O00921,C0751,2025-07-20 00:05:00,Shipped,Flipkart,PAY00921
O00922,C0264,2025-03-31 16:25:00,Delivered,Flipkart,PAY00922
O00923,C0800,2025-11-22 19:38:00,Shipped,Amazon,PAY00923
O00924,C0620,2026-01-05 12:09:00,Cancelled,Flipkart,PAY00924
O00925,C0204,2026-01-14 12:23:00,Delivered,Flipkart,PAY00925
O00926,C0011,2025-12-20 11:19:00,Delivered,Myntra,PAY00926
O00927,C0128,2025-03-31 06:46:00,Delivered,Myntra,PAY00927
O00928,C0315,2026-03-02 14:18:00,Delivered,Myntra,PAY00928
O00929,C0402,2026-03-11 23:57:00,Delivered,Amazon,PAY00929
O00930,C0123,2026-08-25 19:05:00,Delivered,Amazon,PAY00930
O00931,C0067,2025-11-07 15:55:00,Shipped,Flipkart,PAY00931
O00932,C0687,2025-03-09 18:48:00,Delivered,Amazon,PAY00932
O00933,C0971,2025-01-07 13:40:00,Delivered,Flipkart,PAY00933
O00934,C0300,2025-06-29 17:29:00,Cancelled,Myntra,PAY00934
O00935,C0082,2025-05-21 06:11:00,Returned,Flipkart,PAY00935
O00936,C0130,2025-10-24 17:31:00,Delivered,Flipkart,PAY00936
O00937,C0009,2026-08-23 09:31:00,Shipped,Myntra,PAY00937
O00938,C0838,2026-04-20 07:01:00,Returned,Amazon,PAY00938
O00939,C0056,2025-06-07 08:19:00,Cancelled,Myntra,PAY00939
O00940,C0348,2026-04-29 03:41:00,Cancelled,Flipkart,PAY00940
O00941,C0131,2026-03-04 05:31:00,Cancelled,Myntra,PAY00941
O00942,C0327,2025-09-08 00:07:00,Returned,Flipkart,PAY00942
O00943,C0419,2026-05-20 02:38:00,Cancelled,Flipkart,PAY00943
O00944,C0677,2026-08-19 15:36:00,Delivered,Flipkart,PAY00944
O00945,C0099,2026-05-03 22:52:00,Delivered,Flipkart,PAY00945
O00946,C0006,2026-06-09 23:36:00,Delivered,Flipkart,PAY00946
O00947,C0066,2025-06-16 18:03:00,Delivered,Flipkart,PAY00947
O00948,C0811,2026-04-18 22:08:00,Delivered,Amazon,PAY00948
O00949,C0761,2025-02-24 08:23:00,Delivered,Myntra,PAY00949
O00950,C0368,2025-12-31 01:18:00,Delivered,Myntra,PAY00950
O00951,C0371,2025-03-20 16:12:00,Returned,Myntra,PAY00951
O00952,C0432,2025-07-07 03:38:00,Returned,Amazon,PAY00952
O00953,C0084,2026-07-11 10:55:00,Delivered,Myntra,PAY00953
O00954,C0838,2025-11-05 08:43:00,Cancelled,Myntra,PAY00954
O00955,C0199,2026-01-07 03:34:00,Shipped,Flipkart,PAY00955
O00956,C0182,2025-05-28 00:08:00,Shipped,Flipkart,PAY00956
O00957,C0293,2026-01-17 15:26:00,Delivered,Amazon,PAY00957
O00958,C0023,2025-04-15 06:09:00,Shipped,Amazon,PAY00958
O00959,C0079,2025-07-12 17:39:00,Cancelled,Myntra,PAY00959
O00960,C0503,2026-06-29 22:35:00,Cancelled,Amazon,PAY00960
O00961,C0040,2026-03-04 14:58:00,Delivered,Amazon,PAY00961
O00962,C0373,2025-05-15 00:30:00,Delivered,Flipkart,PAY00962
O00963,C0117,2026-01-07 04:52:00,Delivered,Myntra,PAY00963
O00964,C0185,2026-06-20 10:11:00,Cancelled,Flipkart,PAY00964
O00965,C0138,2025-01-30 23:52:00,Delivered,Amazon,PAY00965
O00966,C0169,2025-05-12 22:09:00,Cancelled,Amazon,PAY00966
O00967,C0484,2025-11-11 04:13:00,Delivered,Amazon,PAY00967
O00968,C0142,2026-03-12 22:48:00,Returned,Amazon,PAY00968
O00969,C0339,2025-03-21 00:49:00,Delivered,Flipkart,PAY00969
O00970,C0253,2025-02-13 06:06:00,Delivered,Myntra,PAY00970
O00971,C0431,2026-06-10 18:03:00,Delivered,Amazon,PAY00971
O00972,C0880,2025-09-17 01:04:00,Delivered,Myntra,PAY00972
O00973,C0496,2025-01-11 03:50:00,Delivered,Myntra,PAY00973
O00974,C0103,2025-07-30 18:57:00,Delivered,Amazon,PAY00974
O00975,C0015,2025-12-26 00:05:00,Delivered,Myntra,PAY00975
O00976,C0125,2025-10-12 18:22:00,Delivered,Amazon,PAY00976
O00977,C0366,2026-05-28 23:39:00,Delivered,Myntra,PAY00977
O00978,C0025,2026-08-07 02:06:00,Returned,Myntra,PAY00978
O00979,C0272,2025-01-15 16:13:00,Cancelled,Amazon,PAY00979
O00980,C0368,2025-10-16 05:57:00,Returned,Myntra,PAY00980
O00981,C0159,2025-01-05 23:06:00,Delivered,Myntra,PAY00981
O00982,C0565,2026-05-02 11:44:00,Shipped,Amazon,PAY00982
O00983,C0051,2026-03-27 21:06:00,Delivered,Flipkart,PAY00983
O00984,C0036,2026-01-24 13:13:00,Shipped,Amazon,PAY00984
O00985,C0492,2026-02-22 03:48:00,Delivered,Amazon,PAY00985
O00986,C0271,2026-04-23 03:33:00,Delivered,Flipkart,PAY00986
O00987,C0454,2026-01-05 22:18:00,Shipped,Myntra,PAY00987
O00988,C0214,2025-02-11 02:20:00,Delivered,Amazon,PAY00988
O00989,C0118,2026-01-30 09:29:00,Shipped,Myntra,PAY00989
O00990,C0657,2025-11-16 21:53:00,Delivered,Amazon,PAY00990
O00991,C0619,2026-07-22 13:18:00,Returned,Flipkart,PAY00991
O00992,C0460,2025-07-13 02:57:00,Returned,Flipkart,PAY00992
O00993,C0130,2026-01-12 05:00:00,Cancelled,Flipkart,PAY00993
O00994,C0361,2025-04-18 12:28:00,Shipped,Myntra,PAY00994
O00995,C0172,2025-03-29 03:09:00,Delivered,Flipkart,PAY00995
O00996,C0044,2026-08-28 03:47:00,Delivered,Amazon,PAY00996
O00997,C0843,2026-01-08 06:21:00,Delivered,Myntra,PAY00997
O00998,C0065,2026-02-18 03:14:00,Returned,Flipkart,PAY00998
O00999,C0906,2026-05-27 08:48:00,Cancelled,Myntra,PAY00999
O01000,C0224,2026-08-31 08:48:00,Returned,Myntra,PAY01000
O01001,C0088,2026-02-14 11:30:00,Cancelled,Myntra,PAY01001
O01002,C0315,2026-02-19 15:32:00,Delivered,Amazon,PAY01002
O01003,C0759,2026-04-11 03:07:00,Delivered,Flipkart,PAY01003
O01004,C0496,2026-05-25 07:40:00,Delivered,Amazon,PAY01004
O01005,C0633,2025-04-12 23:03:00,Returned,Amazon,PAY01005
O01006,C0426,2026-05-26 21:01:00,Delivered,Flipkart,PAY01006
O01007,C0458,2026-09-12 21:20:00,Delivered,Flipkart,PAY01007
O01008,C0714,2026-09-29 19:06:00,Returned,Amazon,PAY01008
O01009,C0119,2026-06-17 15:50:00,Delivered,Amazon,PAY01009
O01010,C0265,2025-10-28 21:31:00,Delivered,Myntra,PAY01010
O01011,C0106,2025-09-25 17:21:00,Returned,Myntra,PAY01011
O01012,C0977,2026-07-14 00:48:00,Delivered,Flipkart,PAY01012
O01013,C0894,2025-05-02 12:28:00,Delivered,Flipkart,PAY01013
O01014,C0019,2026-03-30 14:02:00,Delivered,Amazon,PAY01014
O01015,C0471,2026-07-25 21:55:00,Returned,Flipkart,PAY01015
O01016,C0858,2025-06-18 15:27:00,Delivered,Flipkart,PAY01016
O01017,C0086,2026-02-03 15:48:00,Delivered,Myntra,PAY01017
O01018,C0340,2026-05-18 21:35:00,Cancelled,Myntra,PAY01018
O01019,C0840,2026-08-09 15:30:00,Shipped,Amazon,PAY01019
O01020,C0017,2026-06-03 01:25:00,Delivered,Flipkart,PAY01020
O01021,C0463,2026-08-29 12:39:00,Cancelled,Flipkart,PAY01021
O01022,C0142,2025-10-19 10:03:00,Delivered,Myntra,PAY01022
O01023,C0857,2025-02-16 04:53:00,Delivered,Flipkart,PAY01023
O01024,C0946,2026-08-21 00:48:00,Cancelled,Flipkart,PAY01024
O01025,C0895,2026-01-25 03:27:00,Delivered,Flipkart,PAY01025
O01026,C0251,2026-02-26 11:03:00,Cancelled,Amazon,PAY01026
O01027,C0738,2025-09-11 07:41:00,Delivered,Myntra,PAY01027
O01028,C0705,2025-03-28 22:04:00,Returned,Flipkart,PAY01028
O01029,C0152,2025-04-28 10:10:00,Delivered,Myntra,PAY01029
O01030,C0675,2025-11-30 01:29:00,Cancelled,Flipkart,PAY01030
O01031,C0018,2026-08-05 16:57:00,Delivered,Flipkart,PAY01031
O01032,C0367,2025-01-21 22:30:00,Shipped,Amazon,PAY01032
O01033,C0110,2025-11-21 12:36:00,Delivered,Flipkart,PAY01033
O01034,C0058,2026-08-10 03:51:00,Delivered,Amazon,PAY01034
O01035,C0037,2025-07-30 10:31:00,Shipped,Myntra,PAY01035
O01036,C0462,2025-12-14 05:39:00,Delivered,Flipkart,PAY01036
O01037,C0162,2026-03-23 06:31:00,Cancelled,Amazon,PAY01037
O01038,C0489,2026-07-03 06:18:00,Delivered,Amazon,PAY01038
O01039,C0032,2025-11-01 18:25:00,Returned,Amazon,PAY01039
O01040,C0150,2025-04-05 22:54:00,Shipped,Amazon,PAY01040
O01041,C0313,2026-08-30 10:17:00,Delivered,Myntra,PAY01041
O01042,C0603,2026-06-28 15:27:00,Delivered,Flipkart,PAY01042
O01043,C0152,2025-03-20 20:52:00,Delivered,Myntra,PAY01043
O01044,C0395,2025-11-04 13:42:00,Shipped,Flipkart,PAY01044
O01045,C0784,2025-07-24 13:25:00,Delivered,Myntra,PAY01045
O01046,C0386,2026-06-12 14:42:00,Returned,Myntra,PAY01046
O01047,C0111,2025-07-04 00:40:00,Cancelled,Myntra,PAY01047
O01048,C0012,2025-07-11 18:31:00,Delivered,Myntra,PAY01048
O01049,C0754,2026-04-24 08:59:00,Cancelled,Myntra,PAY01049
O01050,C0011,2026-09-22 13:59:00,Shipped,Myntra,PAY01050
O01051,C0762,2025-03-03 16:12:00,Delivered,Flipkart,PAY01051
O01052,C0303,2025-06-01 07:09:00,Cancelled,Myntra,PAY01052
O01053,C0885,2025-11-04 13:26:00,Delivered,Amazon,PAY01053
O01054,C0618,2025-07-28 13:17:00,Returned,Flipkart,PAY01054
O01055,C0997,2025-06-14 08:43:00,Shipped,Amazon,PAY01055
O01056,C0167,2026-02-20 07:07:00,Delivered,Amazon,PAY01056
O01057,C0558,2025-01-29 07:51:00,Returned,Flipkart,PAY01057
O01058,C0191,2026-04-21 15:35:00,Delivered,Flipkart,PAY01058
O01059,C0256,2025-02-07 06:10:00,Delivered,Amazon,PAY01059
O01060,C0397,2025-01-30 08:50:00,Returned,Flipkart,PAY01060
O01061,C0760,2026-07-18 05:41:00,Returned,Amazon,PAY01061
O01062,C0970,2026-05-13 00:03:00,Returned,Amazon,PAY01062
O01063,C0560,2025-11-18 19:19:00,Returned,Amazon,PAY01063
O01064,C0199,2026-02-21 11:42:00,Cancelled,Amazon,PAY01064
O01065,C0201,2026-02-11 23:53:00,Delivered,Amazon,PAY01065
O01066,C0502,2025-04-25 18:47:00,Shipped,Amazon,PAY01066
O01067,C0114,2026-06-19 21:53:00,Shipped,Myntra,PAY01067
O01068,C0053,2025-09-15 15:56:00,Delivered,Amazon,PAY01068
O01069,C0169,2026-09-07 03:49:00,Returned,Flipkart,PAY01069
O01070,C0137,2025-12-04 18:47:00,Delivered,Myntra,PAY01070
O01071,C0141,2025-08-30 13:13:00,Delivered,Amazon,PAY01071
O01072,C0111,2025-06-29 06:17:00,Delivered,Flipkart,PAY01072
O01073,C0020,2025-09-18 18:03:00,Delivered,Myntra,PAY01073
O01074,C0009,2026-01-19 22:07:00,Delivered,Myntra,PAY01074
O01075,C0977,2026-03-10 15:43:00,Delivered,Flipkart,PAY01075
O01076,C0207,2025-05-29 11:30:00,Cancelled,Flipkart,PAY01076
O01077,C0183,2025-11-12 00:41:00,Shipped,Amazon,PAY01077
O01078,C0446,2025-02-25 22:58:00,Returned,Myntra,PAY01078
O01079,C0104,2025-09-03 08:35:00,Delivered,Flipkart,PAY01079
O01080,C0905,2026-01-07 21:07:00,Shipped,Amazon,PAY01080
O01081,C0595,2026-03-30 12:00:00,Delivered,Flipkart,PAY01081
O01082,C0043,2025-11-05 02:59:00,Returned,Amazon,PAY01082
O01083,C0199,2025-11-01 06:55:00,Delivered,Flipkart,PAY01083
O01084,C0771,2025-11-21 20:26:00,Returned,Amazon,PAY01084
O01085,C0895,2025-10-08 02:52:00,Returned,Flipkart,PAY01085
O01086,C0245,2026-04-28 23:26:00,Returned,Flipkart,PAY01086
O01087,C0383,2026-03-09 03:52:00,Delivered,Myntra,PAY01087
O01088,C0080,2025-09-25 16:04:00,Delivered,Flipkart,PAY01088
O01089,C0984,2026-09-09 23:52:00,Shipped,Myntra,PAY01089
O01090,C0111,2025-12-01 14:44:00,Delivered,Amazon,PAY01090
O01091,C0892,2025-07-08 20:28:00,Returned,Myntra,PAY01091
O01092,C0418,2025-05-20 00:25:00,Delivered,Myntra,PAY01092
O01093,C0378,2025-11-09 10:36:00,Delivered,Amazon,PAY01093
O01094,C0288,2025-06-11 07:33:00,Cancelled,Myntra,PAY01094
O01095,C0110,2025-05-14 19:43:00,Delivered,Flipkart,PAY01095
O01096,C0084,2026-04-08 15:55:00,Cancelled,Amazon,PAY01096
O01097,C0105,2025-09-24 05:43:00,Shipped,Flipkart,PAY01097
O01098,C0089,2025-10-16 06:05:00,Delivered,Flipkart,PAY01098
O01099,C0582,2025-07-06 12:56:00,Delivered,Myntra,PAY01099
O01100,C0167,2025-08-18 00:01:00,Shipped,Myntra,PAY01100
O01101,C0028,2026-09-19 20:14:00,Delivered,Flipkart,PAY01101
O01102,C0942,2025-07-23 08:44:00,Returned,Amazon,PAY01102
O01103,C0780,2025-02-20 12:39:00,Delivered,Myntra,PAY01103
O01104,C0863,2025-09-24 04:05:00,Delivered,Amazon,PAY01104
O01105,C0991,2026-08-04 03:00:00,Cancelled,Myntra,PAY01105
O01106,C0083,2026-03-22 14:52:00,Cancelled,Flipkart,PAY01106
O01107,C0189,2025-05-02 07:45:00,Delivered,Amazon,PAY01107
O01108,C0541,2025-09-30 09:47:00,Delivered,Flipkart,PAY01108
O01109,C0462,2025-05-14 13:54:00,Delivered,Myntra,PAY01109
O01110,C0074,2025-08-09 09:46:00,Cancelled,Amazon,PAY01110
O01111,C0651,2026-03-05 05:26:00,Returned,Amazon,PAY01111
O01112,C0107,2025-01-30 09:16:00,Delivered,Myntra,PAY01112
O01113,C0107,2026-04-07 07:23:00,Shipped,Myntra,PAY01113
O01114,C0311,2026-04-15 02:00:00,Delivered,Amazon,PAY01114
O01115,C0364,2025-11-28 22:25:00,Cancelled,Amazon,PAY01115
O01116,C0352,2026-01-28 22:27:00,Cancelled,Myntra,PAY01116
O01117,C0044,2025-09-20 02:06:00,Shipped,Amazon,PAY01117
O01118,C0768,2025-02-23 10:59:00,Delivered,Flipkart,PAY01118
O01119,C0127,2025-12-29 19:42:00,Returned,Myntra,PAY01119
O01120,C0062,2025-02-16 00:16:00,Shipped,Myntra,PAY01120
O01121,C0789,2026-01-26 09:25:00,Cancelled,Flipkart,PAY01121
O01122,C0916,2025-05-16 17:02:00,Shipped,Amazon,PAY01122
O01123,C0739,2025-09-24 05:32:00,Delivered,Flipkart,PAY01123
O01124,C0639,2026-04-25 04:05:00,Delivered,Myntra,PAY01124
O01125,C0423,2026-06-28 13:09:00,Delivered,Amazon,PAY01125
O01126,C0324,2025-11-17 01:08:00,Delivered,Flipkart,PAY01126
O01127,C0042,2026-01-05 13:18:00,Delivered,Myntra,PAY01127
O01128,C0195,2025-09-28 16:20:00,Delivered,Amazon,PAY01128
O01129,C0178,2025-11-20 23:31:00,Returned,Amazon,PAY01129
O01130,C0124,2026-07-24 21:40:00,Returned,Flipkart,PAY01130
O01131,C0488,2025-02-24 06:09:00,Delivered,Amazon,PAY01131
O01132,C0272,2025-07-07 01:30:00,Delivered,Amazon,PAY01132
O01133,C0039,2026-04-24 13:07:00,Delivered,Amazon,PAY01133
O01134,C0105,2026-03-29 11:45:00,Shipped,Flipkart,PAY01134
O01135,C0450,2026-04-14 15:07:00,Returned,Myntra,PAY01135
O01136,C0037,2025-06-01 03:22:00,Delivered,Amazon,PAY01136
O01137,C0718,2025-10-18 05:53:00,Delivered,Myntra,PAY01137
O01138,C0271,2026-06-05 08:36:00,Cancelled,Myntra,PAY01138
O01139,C0257,2025-08-06 18:00:00,Shipped,Myntra,PAY01139
O01140,C0363,2025-07-04 13:58:00,Delivered,Amazon,PAY01140
O01141,C0667,2026-05-26 21:06:00,Delivered,Amazon,PAY01141
O01142,C0166,2025-10-19 21:43:00,Delivered,Flipkart,PAY01142
O01143,C0445,2026-01-18 18:59:00,Delivered,Flipkart,PAY01143
O01144,C0338,2025-06-07 00:05:00,Delivered,Myntra,PAY01144
O01145,C0127,2026-05-07 14:40:00,Delivered,Myntra,PAY01145
O01146,C0770,2025-01-06 10:02:00,Cancelled,Myntra,PAY01146
O01147,C0616,2026-04-09 10:46:00,Cancelled,Myntra,PAY01147
O01148,C0426,2025-05-13 06:55:00,Delivered,Myntra,PAY01148
O01149,C0717,2025-10-17 10:51:00,Delivered,Myntra,PAY01149
O01150,C0748,2025-03-14 17:38:00,Delivered,Amazon,PAY01150
O01151,C0473,2026-02-13 08:11:00,Delivered,Flipkart,PAY01151
O01152,C0691,2025-04-02 00:54:00,Delivered,Amazon,PAY01152
O01153,C0463,2026-02-02 12:18:00,Cancelled,Myntra,PAY01153
O01154,C0447,2025-06-07 03:19:00,Delivered,Flipkart,PAY01154
O01155,C0388,2025-11-14 21:38:00,Delivered,Flipkart,PAY01155
O01156,C0531,2025-04-09 11:32:00,Delivered,Flipkart,PAY01156
O01157,C0076,2026-04-02 12:30:00,Delivered,Myntra,PAY01157
O01158,C0774,2026-09-07 13:05:00,Returned,Flipkart,PAY01158
O01159,C0757,2026-01-13 19:11:00,Delivered,Myntra,PAY01159
O01160,C0014,2026-03-13 02:02:00,Shipped,Flipkart,PAY01160
O01161,C0670,2026-04-20 21:14:00,Cancelled,Myntra,PAY01161
O01162,C0062,2025-06-08 15:33:00,Cancelled,Myntra,PAY01162
O01163,C0160,2026-06-22 02:18:00,Delivered,Flipkart,PAY01163
O01164,C0513,2025-03-23 15:19:00,Delivered,Amazon,PAY01164
O01165,C0077,2025-11-04 07:33:00,Delivered,Flipkart,PAY01165
O01166,C0655,2026-08-06 01:35:00,Delivered,Amazon,PAY01166
O01167,C0682,2026-06-10 03:32:00,Delivered,Flipkart,PAY01167
O01168,C0283,2025-04-07 14:42:00,Cancelled,Myntra,PAY01168
O01169,C0004,2025-09-17 11:16:00,Shipped,Amazon,PAY01169
O01170,C0137,2026-05-31 00:07:00,Cancelled,Myntra,PAY01170
O01171,C0387,2026-04-19 05:50:00,Delivered,Flipkart,PAY01171
O01172,C0965,2025-02-16 02:26:00,Cancelled,Flipkart,PAY01172
O01173,C0401,2025-11-18 18:46:00,Delivered,Myntra,PAY01173
O01174,C0124,2026-04-06 19:51:00,Delivered,Flipkart,PAY01174
O01175,C0403,2025-07-11 06:11:00,Delivered,Myntra,PAY01175
O01176,C0313,2026-09-11 08:55:00,Cancelled,Amazon,PAY01176
O01177,C0582,2026-03-21 17:01:00,Delivered,Flipkart,PAY01177
O01178,C0051,2025-04-30 00:10:00,Cancelled,Flipkart,PAY01178
O01179,C0546,2026-04-17 22:25:00,Returned,Myntra,PAY01179
O01180,C0315,2026-09-09 23:31:00,Delivered,Myntra,PAY01180
O01181,C0930,2026-09-24 11:44:00,Cancelled,Myntra,PAY01181
O01182,C0163,2026-02-09 09:05:00,Delivered,Amazon,PAY01182
O01183,C0401,2025-01-15 06:07:00,Returned,Amazon,PAY01183
O01184,C0871,2025-07-12 00:13:00,Delivered,Myntra,PAY01184
O01185,C0049,2025-05-29 20:15:00,Delivered,Myntra,PAY01185
O01186,C0881,2026-07-06 06:05:00,Delivered,Flipkart,PAY01186
O01187,C0454,2025-06-01 15:27:00,Delivered,Amazon,PAY01187
O01188,C0033,2025-06-20 04:47:00,Cancelled,Flipkart,PAY01188
O01189,C0143,2026-05-12 15:01:00,Returned,Flipkart,PAY01189
O01190,C0473,2026-08-23 07:12:00,Delivered,Myntra,PAY01190
O01191,C0032,2026-02-06 01:21:00,Delivered,Amazon,PAY01191
O01192,C0354,2026-03-19 13:54:00,Delivered,Myntra,PAY01192
O01193,C0165,2026-08-16 19:46:00,Shipped,Flipkart,PAY01193
O01194,C0390,2025-02-07 15:25:00,Delivered,Myntra,PAY01194
O01195,C0022,2026-08-29 23:39:00,Cancelled,Flipkart,PAY01195
O01196,C0756,2025-08-26 22:03:00,Shipped,Amazon,PAY01196
O01197,C0950,2026-03-09 18:20:00,Shipped,Amazon,PAY01197
O01198,C0941,2025-10-02 20:26:00,Delivered,Amazon,PAY01198
O01199,C0525,2026-05-22 19:41:00,Delivered,Flipkart,PAY01199
O01200,C0062,2026-03-23 00:10:00,Delivered,Myntra,PAY01200
O01201,C0541,2025-07-16 15:22:00,Delivered,Amazon,PAY01201
O01202,C0012,2026-06-04 07:37:00,Cancelled,Flipkart,PAY01202
O01203,C0011,2026-09-09 22:42:00,Delivered,Amazon,PAY01203
O01204,C0154,2025-10-28 23:45:00,Delivered,Flipkart,PAY01204
O01205,C0265,2026-01-04 15:51:00,Returned,Amazon,PAY01205
O01206,C0564,2026-09-29 06:18:00,Cancelled,Myntra,PAY01206
O01207,C0450,2025-03-30 21:30:00,Delivered,Amazon,PAY01207
O01208,C0224,2025-07-24 05:38:00,Delivered,Amazon,PAY01208
O01209,C0130,2026-03-02 15:19:00,Delivered,Amazon,PAY01209
O01210,C0995,2026-07-25 01:01:00,Delivered,Flipkart,PAY01210
O01211,C0205,2026-01-01 21:10:00,Delivered,Myntra,PAY01211
O01212,C0229,2025-02-02 02:21:00,Delivered,Amazon,PAY01212
O01213,C0078,2026-09-25 07:07:00,Shipped,Amazon,PAY01213
O01214,C0611,2026-05-14 08:21:00,Returned,Flipkart,PAY01214
O01215,C0459,2025-02-17 17:17:00,Delivered,Myntra,PAY01215
O01216,C0105,2026-06-12 19:42:00,Delivered,Myntra,PAY01216
O01217,C0040,2025-02-21 14:51:00,Delivered,Amazon,PAY01217
O01218,C0447,2025-04-19 19:39:00,Returned,Amazon,PAY01218
O01219,C0422,2026-07-30 01:32:00,Delivered,Amazon,PAY01219
O01220,C0130,2025-05-01 06:58:00,Delivered,Amazon,PAY01220
O01221,C0907,2025-10-27 22:28:00,Returned,Myntra,PAY01221
O01222,C0072,2026-05-26 23:55:00,Delivered,Amazon,PAY01222
O01223,C0211,2026-01-08 10:52:00,Delivered,Amazon,PAY01223
O01224,C0893,2025-07-26 14:26:00,Returned,Amazon,PAY01224
O01225,C0200,2025-09-09 15:21:00,Delivered,Myntra,PAY01225
O01226,C0407,2025-06-25 02:17:00,Delivered,Myntra,PAY01226
O01227,C0189,2026-03-01 11:40:00,Cancelled,Amazon,PAY01227
O01228,C0131,2025-06-05 16:26:00,Returned,Amazon,PAY01228
O01229,C0970,2025-05-22 13:26:00,Delivered,Flipkart,PAY01229
O01230,C0195,2026-06-13 21:23:00,Delivered,Flipkart,PAY01230
O01231,C0799,2025-05-30 00:45:00,Returned,Myntra,PAY01231
O01232,C0110,2025-03-13 02:21:00,Delivered,Flipkart,PAY01232
O01233,C0102,2025-06-18 13:03:00,Delivered,Amazon,PAY01233
O01234,C0015,2025-06-04 18:03:00,Cancelled,Myntra,PAY01234
O01235,C0420,2026-06-17 09:26:00,Delivered,Myntra,PAY01235
O01236,C0176,2026-07-21 09:46:00,Cancelled,Flipkart,PAY01236
O01237,C0743,2025-12-19 00:52:00,Delivered,Myntra,PAY01237
O01238,C0250,2026-09-18 04:44:00,Delivered,Flipkart,PAY01238
O01239,C0940,2025-07-30 17:39:00,Returned,Myntra,PAY01239
O01240,C0089,2026-03-29 22:22:00,Returned,Myntra,PAY01240
O01241,C0751,2026-02-19 06:56:00,Delivered,Amazon,PAY01241
O01242,C0576,2025-02-07 17:21:00,Delivered,Myntra,PAY01242
O01243,C0565,2025-05-10 16:34:00,Delivered,Amazon,PAY01243
O01244,C0706,2025-04-06 16:35:00,Delivered,Myntra,PAY01244
O01245,C0546,2025-12-15 20:10:00,Delivered,Amazon,PAY01245
O01246,C0395,2026-07-07 18:16:00,Delivered,Flipkart,PAY01246
O01247,C0063,2026-03-09 16:07:00,Cancelled,Amazon,PAY01247
O01248,C0016,2026-01-17 08:40:00,Shipped,Flipkart,PAY01248
O01249,C0850,2025-05-07 01:48:00,Cancelled,Amazon,PAY01249
O01250,C0386,2026-04-05 09:36:00,Cancelled,Amazon,PAY01250
O01251,C0614,2026-04-10 10:15:00,Returned,Myntra,PAY01251
O01252,C0258,2026-08-19 18:45:00,Cancelled,Myntra,PAY01252
O01253,C0056,2026-07-01 19:14:00,Delivered,Flipkart,PAY01253
O01254,C0060,2025-10-19 21:50:00,Returned,Myntra,PAY01254
O01255,C0452,2026-08-10 21:08:00,Cancelled,Flipkart,PAY01255
O01256,C0209,2026-06-17 23:15:00,Delivered,Flipkart,PAY01256
O01257,C0096,2026-06-13 18:12:00,Returned,Flipkart,PAY01257
O01258,C0268,2026-04-11 03:09:00,Cancelled,Flipkart,PAY01258
O01259,C0031,2026-02-26 02:05:00,Delivered,Flipkart,PAY01259
O01260,C0353,2025-05-14 15:13:00,Delivered,Amazon,PAY01260
O01261,C0128,2026-01-14 21:33:00,Delivered,Myntra,PAY01261
O01262,C0616,2026-07-27 16:49:00,Delivered,Flipkart,PAY01262
O01263,C0148,2026-08-22 15:40:00,Delivered,Flipkart,PAY01263
O01264,C0233,2026-05-17 23:26:00,Returned,Amazon,PAY01264
O01265,C0006,2025-05-28 16:08:00,Delivered,Myntra,PAY01265
O01266,C0035,2026-04-14 04:45:00,Shipped,Myntra,PAY01266
O01267,C0187,2025-05-01 22:13:00,Delivered,Flipkart,PAY01267
O01268,C0256,2025-02-03 23:10:00,Shipped,Flipkart,PAY01268
O01269,C0371,2025-05-02 19:54:00,Delivered,Amazon,PAY01269
O01270,C0139,2025-05-04 11:36:00,Delivered,Amazon,PAY01270
O01271,C0461,2026-06-20 04:07:00,Delivered,Flipkart,PAY01271
O01272,C0735,2026-01-19 09:18:00,Delivered,Amazon,PAY01272
O01273,C0582,2025-05-27 04:50:00,Shipped,Flipkart,PAY01273
O01274,C0019,2025-02-19 09:56:00,Delivered,Amazon,PAY01274
O01275,C0257,2025-07-07 23:31:00,Delivered,Amazon,PAY01275
O01276,C0050,2026-07-15 11:04:00,Returned,Amazon,PAY01276
O01277,C0115,2026-03-04 15:36:00,Delivered,Myntra,PAY01277
O01278,C0975,2026-04-09 10:50:00,Delivered,Flipkart,PAY01278
O01279,C0068,2026-09-13 04:48:00,Delivered,Myntra,PAY01279
O01280,C0274,2026-04-17 14:42:00,Delivered,Amazon,PAY01280
O01281,C0388,2025-11-30 02:51:00,Shipped,Myntra,PAY01281
O01282,C0468,2026-10-01 13:24:00,Delivered,Flipkart,PAY01282
O01283,C0332,2025-12-14 17:02:00,Cancelled,Flipkart,PAY01283
O01284,C0005,2025-10-12 20:05:00,Returned,Amazon,PAY01284
O01285,C0156,2025-01-26 18:40:00,Returned,Myntra,PAY01285
O01286,C0292,2025-11-13 17:41:00,Delivered,Myntra,PAY01286
O01287,C0042,2026-07-27 02:12:00,Shipped,Myntra,PAY01287
O01288,C0167,2026-08-14 01:36:00,Shipped,Amazon,PAY01288
O01289,C0016,2026-05-03 16:57:00,Delivered,Amazon,PAY01289
O01290,C0038,2026-06-29 05:01:00,Delivered,Amazon,PAY01290
O01291,C0189,2025-09-09 22:53:00,Shipped,Flipkart,PAY01291
O01292,C0064,2025-03-28 17:38:00,Delivered,Flipkart,PAY01292
O01293,C0340,2026-08-27 01:31:00,Returned,Amazon,PAY01293
O01294,C0455,2025-12-15 13:11:00,Delivered,Amazon,PAY01294
O01295,C0622,2026-06-25 10:24:00,Delivered,Amazon,PAY01295
O01296,C0096,2025-04-28 03:34:00,Delivered,Flipkart,PAY01296
O01297,C0080,2025-05-28 05:16:00,Returned,Amazon,PAY01297
O01298,C0050,2025-06-07 09:26:00,Cancelled,Amazon,PAY01298
O01299,C0405,2025-03-02 19:20:00,Delivered,Amazon,PAY01299
O01300,C0472,2025-03-01 09:24:00,Delivered,Flipkart,PAY01300
O01301,C0016,2025-05-26 13:57:00,Delivered,Flipkart,PAY01301
O01302,C0879,2026-01-20 03:03:00,Delivered,Amazon,PAY01302
O01303,C0025,2026-09-04 18:15:00,Delivered,Myntra,PAY01303
O01304,C0315,2026-06-01 12:07:00,Delivered,Amazon,PAY01304
O01305,C0474,2025-11-22 14:35:00,Delivered,Amazon,PAY01305
O01306,C0755,2026-05-11 00:26:00,Cancelled,Amazon,PAY01306
O01307,C0479,2025-01-20 08:35:00,Shipped,Myntra,PAY01307
O01308,C0624,2025-04-14 07:48:00,Shipped,Myntra,PAY01308
O01309,C0162,2025-05-09 09:36:00,Delivered,Flipkart,PAY01309
O01310,C0649,2025-03-27 20:32:00,Delivered,Amazon,PAY01310
O01311,C0039,2026-01-18 17:10:00,Returned,Amazon,PAY01311
O01312,C0801,2026-07-05 13:58:00,Shipped,Flipkart,PAY01312
O01313,C0321,2025-02-12 00:52:00,Delivered,Myntra,PAY01313
O01314,C0653,2025-10-24 20:10:00,Delivered,Amazon,PAY01314
O01315,C0230,2026-05-09 08:38:00,Delivered,Myntra,PAY01315
O01316,C0412,2026-01-25 11:53:00,Cancelled,Amazon,PAY01316
O01317,C0301,2026-08-23 16:18:00,Delivered,Amazon,PAY01317
O01318,C0496,2026-07-01 18:04:00,Delivered,Amazon,PAY01318
O01319,C0039,2026-02-09 22:07:00,Returned,Amazon,PAY01319
O01320,C0029,2026-07-24 08:56:00,Delivered,Amazon,PAY01320
O01321,C0118,2026-09-18 16:51:00,Delivered,Myntra,PAY01321
O01322,C0076,2025-12-17 20:16:00,Returned,Myntra,PAY01322
O01323,C0757,2026-04-09 08:15:00,Cancelled,Flipkart,PAY01323
O01324,C0105,2025-12-16 06:29:00,Shipped,Flipkart,PAY01324
O01325,C0955,2025-01-17 22:08:00,Cancelled,Amazon,PAY01325
O01326,C0161,2026-09-16 15:00:00,Delivered,Myntra,PAY01326
O01327,C0087,2025-06-27 13:35:00,Cancelled,Myntra,PAY01327
O01328,C0601,2026-05-16 12:34:00,Delivered,Myntra,PAY01328
O01329,C0426,2025-03-21 17:01:00,Returned,Myntra,PAY01329
O01330,C0274,2026-04-01 21:07:00,Delivered,Flipkart,PAY01330
O01331,C0328,2026-09-08 11:24:00,Delivered,Myntra,PAY01331
O01332,C0484,2025-01-09 03:29:00,Delivered,Amazon,PAY01332
O01333,C0109,2026-04-01 00:14:00,Cancelled,Amazon,PAY01333
O01334,C0994,2025-10-15 21:58:00,Cancelled,Flipkart,PAY01334
O01335,C0953,2025-07-16 02:52:00,Shipped,Myntra,PAY01335
O01336,C0418,2025-11-07 22:14:00,Delivered,Flipkart,PAY01336
O01337,C0095,2026-01-07 01:17:00,Delivered,Myntra,PAY01337
O01338,C0447,2026-09-13 06:00:00,Delivered,Myntra,PAY01338
O01339,C0035,2026-02-10 03:55:00,Delivered,Myntra,PAY01339
O01340,C0015,2026-05-28 15:10:00,Shipped,Amazon,PAY01340
O01341,C0123,2026-08-03 21:43:00,Shipped,Myntra,PAY01341
O01342,C0240,2025-06-29 02:37:00,Delivered,Myntra,PAY01342
O01343,C0750,2025-03-08 04:16:00,Shipped,Amazon,PAY01343
O01344,C0491,2026-06-20 23:50:00,Delivered,Amazon,PAY01344
O01345,C0512,2025-01-24 22:43:00,Shipped,Myntra,PAY01345
O01346,C0205,2025-09-16 21:35:00,Delivered,Amazon,PAY01346
O01347,C0165,2026-03-14 20:43:00,Cancelled,Amazon,PAY01347
O01348,C0177,2025-11-27 13:54:00,Delivered,Flipkart,PAY01348
O01349,C0977,2025-05-05 21:33:00,Delivered,Flipkart,PAY01349
O01350,C0020,2026-01-06 16:48:00,Delivered,Myntra,PAY01350
O01351,C0748,2025-08-18 01:17:00,Delivered,Myntra,PAY01351
O01352,C0350,2026-04-05 10:00:00,Delivered,Amazon,PAY01352
O01353,C0217,2025-12-09 02:56:00,Shipped,Amazon,PAY01353
O01354,C0489,2025-08-20 22:27:00,Delivered,Amazon,PAY01354
O01355,C0263,2025-07-21 05:21:00,Delivered,Amazon,PAY01355
O01356,C0760,2025-04-10 00:30:00,Delivered,Amazon,PAY01356
O01357,C0812,2026-08-30 20:59:00,Delivered,Flipkart,PAY01357
O01358,C0201,2025-09-11 03:30:00,Delivered,Flipkart,PAY01358
O01359,C0132,2025-02-25 10:33:00,Returned,Amazon,PAY01359
O01360,C0363,2025-03-16 19:39:00,Delivered,Amazon,PAY01360
O01361,C0834,2026-04-03 18:07:00,Delivered,Amazon,PAY01361
O01362,C0101,2025-02-04 12:20:00,Returned,Myntra,PAY01362
O01363,C0392,2025-03-08 04:03:00,Returned,Flipkart,PAY01363
O01364,C0400,2025-02-26 09:39:00,Cancelled,Flipkart,PAY01364
O01365,C0497,2025-03-09 03:43:00,Delivered,Myntra,PAY01365
O01366,C0063,2025-02-23 09:54:00,Delivered,Flipkart,PAY01366
O01367,C0481,2025-04-09 19:48:00,Delivered,Amazon,PAY01367
O01368,C0828,2026-09-06 21:39:00,Delivered,Flipkart,PAY01368
O01369,C0086,2026-01-29 14:50:00,Delivered,Myntra,PAY01369
O01370,C0113,2026-09-27 03:21:00,Cancelled,Myntra,PAY01370
O01371,C0946,2025-01-27 14:33:00,Delivered,Myntra,PAY01371
O01372,C0086,2025-07-17 03:06:00,Delivered,Myntra,PAY01372
O01373,C0724,2025-03-11 18:50:00,Returned,Amazon,PAY01373
O01374,C0268,2026-08-10 04:40:00,Shipped,Flipkart,PAY01374
O01375,C0118,2025-12-30 13:30:00,Cancelled,Myntra,PAY01375
O01376,C0755,2026-04-01 05:15:00,Delivered,Amazon,PAY01376
O01377,C0224,2025-03-03 04:19:00,Shipped,Flipkart,PAY01377
O01378,C0290,2026-06-10 20:48:00,Delivered,Flipkart,PAY01378
O01379,C0171,2026-08-21 17:49:00,Delivered,Amazon,PAY01379
O01380,C0364,2026-04-26 09:38:00,Delivered,Flipkart,PAY01380
O01381,C0078,2026-01-13 00:33:00,Shipped,Myntra,PAY01381
O01382,C0186,2025-05-29 01:15:00,Shipped,Myntra,PAY01382
O01383,C0942,2025-02-25 13:22:00,Delivered,Amazon,PAY01383
O01384,C0123,2025-07-26 02:21:00,Delivered,Myntra,PAY01384
O01385,C0424,2026-05-03 22:44:00,Delivered,Myntra,PAY01385
O01386,C0155,2025-12-06 18:36:00,Delivered,Myntra,PAY01386
O01387,C0570,2025-11-03 13:21:00,Delivered,Amazon,PAY01387
O01388,C0063,2026-04-11 01:31:00,Delivered,Amazon,PAY01388
O01389,C0943,2025-08-17 22:14:00,Delivered,Myntra,PAY01389
O01390,C0232,2025-08-07 07:30:00,Cancelled,Flipkart,PAY01390
O01391,C0113,2026-01-20 06:25:00,Delivered,Amazon,PAY01391
O01392,C0035,2026-01-07 00:04:00,Delivered,Amazon,PAY01392
O01393,C0081,2026-07-23 03:09:00,Delivered,Flipkart,PAY01393
O01394,C0294,2025-07-19 20:37:00,Returned,Flipkart,PAY01394
O01395,C0161,2025-02-14 00:12:00,Delivered,Flipkart,PAY01395
O01396,C0675,2025-06-28 07:56:00,Delivered,Myntra,PAY01396
O01397,C0210,2025-06-28 10:54:00,Shipped,Amazon,PAY01397
O01398,C0119,2025-07-02 06:01:00,Delivered,Flipkart,PAY01398
O01399,C0387,2025-04-14 00:53:00,Cancelled,Amazon,PAY01399
O01400,C0472,2026-01-24 20:50:00,Delivered,Flipkart,PAY01400
O01401,C0080,2025-08-04 09:29:00,Delivered,Flipkart,PAY01401
O01402,C0080,2026-01-17 21:10:00,Shipped,Myntra,PAY01402
O01403,C0018,2026-03-21 22:04:00,Delivered,Amazon,PAY01403
O01404,C0500,2025-05-14 06:12:00,Shipped,Flipkart,PAY01404
O01405,C0431,2026-01-19 10:38:00,Delivered,Myntra,PAY01405
O01406,C0251,2025-09-08 01:48:00,Shipped,Myntra,PAY01406
O01407,C0704,2025-07-13 17:18:00,Returned,Amazon,PAY01407
O01408,C0631,2025-12-02 07:03:00,Cancelled,Flipkart,PAY01408
O01409,C0357,2025-05-10 16:37:00,Delivered,Amazon,PAY01409
O01410,C0750,2025-03-25 15:50:00,Cancelled,Myntra,PAY01410
O01411,C0098,2025-03-08 05:32:00,Delivered,Myntra,PAY01411
O01412,C0054,2026-06-06 11:31:00,Shipped,Flipkart,PAY01412
O01413,C0129,2025-07-03 10:45:00,Delivered,Myntra,PAY01413
O01414,C0028,2026-05-10 22:31:00,Delivered,Flipkart,PAY01414
O01415,C0305,2026-08-19 12:40:00,Returned,Myntra,PAY01415
O01416,C0880,2025-02-07 06:14:00,Delivered,Flipkart,PAY01416
O01417,C0019,2025-08-29 12:13:00,Delivered,Flipkart,PAY01417
O01418,C0059,2026-01-22 18:10:00,Returned,Flipkart,PAY01418
O01419,C0230,2025-09-18 17:05:00,Delivered,Amazon,PAY01419
O01420,C0875,2025-10-30 14:33:00,Delivered,Amazon,PAY01420
O01421,C0151,2026-08-21 01:29:00,Shipped,Myntra,PAY01421
O01422,C0282,2025-12-11 13:28:00,Delivered,Flipkart,PAY01422
O01423,C0020,2026-02-23 11:51:00,Delivered,Flipkart,PAY01423
O01424,C0071,2025-10-07 12:01:00,Delivered,Flipkart,PAY01424
O01425,C0975,2025-08-28 08:41:00,Delivered,Flipkart,PAY01425
O01426,C0934,2025-03-26 09:53:00,Shipped,Myntra,PAY01426
O01427,C0003,2026-07-14 20:05:00,Returned,Flipkart,PAY01427
O01428,C0909,2025-08-22 03:07:00,Delivered,Flipkart,PAY01428
O01429,C0408,2025-02-09 17:12:00,Delivered,Amazon,PAY01429
O01430,C0750,2025-12-04 08:19:00,Cancelled,Myntra,PAY01430
O01431,C0233,2025-10-09 06:45:00,Shipped,Amazon,PAY01431
O01432,C0290,2026-07-11 08:00:00,Returned,Flipkart,PAY01432
O01433,C0265,2025-10-16 11:50:00,Delivered,Flipkart,PAY01433
O01434,C0434,2026-08-17 20:00:00,Delivered,Myntra,PAY01434
O01435,C0067,2026-06-09 04:55:00,Delivered,Amazon,PAY01435
O01436,C0015,2025-08-21 23:47:00,Delivered,Flipkart,PAY01436
O01437,C0147,2025-08-28 16:37:00,Returned,Myntra,PAY01437
O01438,C0470,2026-04-25 23:52:00,Delivered,Flipkart,PAY01438
O01439,C0096,2025-03-29 10:54:00,Delivered,Flipkart,PAY01439
O01440,C0440,2026-03-04 06:28:00,Delivered,Myntra,PAY01440
O01441,C0943,2025-01-31 11:08:00,Shipped,Amazon,PAY01441
O01442,C0045,2025-11-09 23:00:00,Delivered,Myntra,PAY01442
O01443,C0439,2025-12-30 10:14:00,Delivered,Flipkart,PAY01443
O01444,C0222,2026-02-18 22:34:00,Delivered,Flipkart,PAY01444
O01445,C0750,2026-08-25 00:36:00,Returned,Amazon,PAY01445
O01446,C0085,2025-05-23 04:21:00,Shipped,Myntra,PAY01446
O01447,C0458,2026-09-10 19:36:00,Returned,Flipkart,PAY01447
O01448,C0693,2026-01-26 06:25:00,Delivered,Myntra,PAY01448
O01449,C0895,2026-01-31 06:30:00,Delivered,Flipkart,PAY01449
O01450,C0450,2026-08-07 14:40:00,Delivered,Amazon,PAY01450
O01451,C0273,2025-06-25 03:43:00,Shipped,Amazon,PAY01451
O01452,C0387,2025-02-02 22:38:00,Delivered,Amazon,PAY01452
O01453,C0751,2025-07-11 06:04:00,Delivered,Flipkart,PAY01453
O01454,C0343,2025-07-30 07:18:00,Cancelled,Myntra,PAY01454
O01455,C0015,2025-03-13 14:03:00,Delivered,Myntra,PAY01455
O01456,C0869,2025-01-12 05:20:00,Returned,Flipkart,PAY01456
O01457,C0456,2026-02-05 05:07:00,Delivered,Myntra,PAY01457
O01458,C0443,2026-03-05 15:47:00,Delivered,Flipkart,PAY01458
O01459,C0103,2025-07-31 04:55:00,Delivered,Flipkart,PAY01459
O01460,C0426,2026-03-19 22:42:00,Delivered,Amazon,PAY01460
O01461,C0188,2026-09-11 18:19:00,Shipped,Amazon,PAY01461
O01462,C0419,2026-05-30 22:43:00,Delivered,Flipkart,PAY01462
O01463,C0051,2025-07-26 00:09:00,Delivered,Amazon,PAY01463
O01464,C0425,2026-02-13 19:51:00,Delivered,Myntra,PAY01464
O01465,C0999,2025-12-03 18:56:00,Delivered,Flipkart,PAY01465
O01466,C0023,2026-04-19 18:02:00,Cancelled,Amazon,PAY01466
O01467,C0957,2025-10-22 20:56:00,Delivered,Flipkart,PAY01467
O01468,C0194,2025-11-01 12:39:00,Returned,Amazon,PAY01468
O01469,C0755,2026-03-02 07:11:00,Shipped,Myntra,PAY01469
O01470,C0587,2026-03-19 14:24:00,Cancelled,Amazon,PAY01470
O01471,C0339,2026-08-06 03:25:00,Cancelled,Amazon,PAY01471
O01472,C0504,2025-09-03 05:17:00,Cancelled,Myntra,PAY01472
O01473,C0770,2025-10-26 21:58:00,Delivered,Myntra,PAY01473
O01474,C0192,2025-08-11 15:26:00,Returned,Myntra,PAY01474
O01475,C0156,2025-05-05 11:04:00,Returned,Amazon,PAY01475
O01476,C0435,2026-06-01 10:26:00,Delivered,Amazon,PAY01476
O01477,C0635,2025-09-16 06:32:00,Delivered,Flipkart,PAY01477
O01478,C0549,2025-01-28 02:40:00,Cancelled,Myntra,PAY01478
O01479,C0616,2026-04-18 12:21:00,Cancelled,Flipkart,PAY01479
O01480,C0214,2025-07-19 12:02:00,Delivered,Flipkart,PAY01480
O01481,C0654,2025-04-28 22:58:00,Delivered,Flipkart,PAY01481
O01482,C0058,2026-04-21 15:29:00,Delivered,Amazon,PAY01482
O01483,C0318,2026-07-16 21:15:00,Cancelled,Flipkart,PAY01483
O01484,C0003,2025-05-24 15:52:00,Delivered,Amazon,PAY01484
O01485,C0155,2025-06-24 00:38:00,Delivered,Amazon,PAY01485
O01486,C0175,2025-10-29 03:34:00,Cancelled,Flipkart,PAY01486
O01487,C0189,2025-06-22 02:42:00,Returned,Amazon,PAY01487
O01488,C0461,2025-10-07 04:28:00,Delivered,Amazon,PAY01488
O01489,C0185,2025-08-10 22:02:00,Cancelled,Myntra,PAY01489
O01490,C0227,2025-08-10 14:44:00,Delivered,Myntra,PAY01490
O01491,C0113,2026-06-20 20:42:00,Cancelled,Myntra,PAY01491
O01492,C0178,2025-04-16 12:44:00,Delivered,Flipkart,PAY01492
O01493,C0108,2025-02-23 19:00:00,Delivered,Flipkart,PAY01493
O01494,C0035,2025-07-26 07:23:00,Delivered,Amazon,PAY01494
O01495,C0374,2025-04-04 00:26:00,Delivered,Amazon,PAY01495
O01496,C0435,2025-12-12 06:43:00,Cancelled,Amazon,PAY01496
O01497,C0389,2025-08-14 03:51:00,Returned,Myntra,PAY01497
O01498,C0241,2025-06-21 23:10:00,Delivered,Flipkart,PAY01498
O01499,C0181,2026-06-09 03:52:00,Delivered,Flipkart,PAY01499
O01500,C0741,2026-07-30 20:12:00,Shipped,Amazon,PAY01500
O01501,C0294,2026-07-09 12:27:00,Delivered,Amazon,PAY01501
O01502,C0256,2025-08-07 03:22:00,Delivered,Amazon,PAY01502
O01503,C0013,2025-01-16 12:41:00,Delivered,Amazon,PAY01503
O01504,C0163,2026-02-03 06:29:00,Delivered,Amazon,PAY01504
O01505,C0181,2025-10-13 20:39:00,Delivered,Amazon,PAY01505
O01506,C0190,2025-03-10 06:26:00,Delivered,Myntra,PAY01506
O01507,C0352,2026-05-27 03:45:00,Shipped,Myntra,PAY01507
O01508,C0307,2025-06-25 08:06:00,Shipped,Flipkart,PAY01508
O01509,C0378,2026-02-02 21:59:00,Returned,Myntra,PAY01509
O01510,C0554,2025-05-17 10:11:00,Cancelled,Myntra,PAY01510
O01511,C0645,2025-11-22 21:30:00,Delivered,Flipkart,PAY01511
O01512,C0483,2025-01-19 19:58:00,Shipped,Flipkart,PAY01512
O01513,C0916,2026-01-27 16:40:00,Cancelled,Amazon,PAY01513
O01514,C0009,2026-05-31 18:45:00,Delivered,Amazon,PAY01514
O01515,C0093,2025-01-22 19:48:00,Delivered,Flipkart,PAY01515
O01516,C0004,2025-08-31 23:27:00,Returned,Amazon,PAY01516
O01517,C0416,2026-09-27 02:03:00,Delivered,Flipkart,PAY01517
O01518,C0807,2026-05-26 09:12:00,Delivered,Flipkart,PAY01518
O01519,C0116,2025-07-29 20:02:00,Delivered,Myntra,PAY01519
O01520,C0862,2026-09-05 14:47:00,Delivered,Amazon,PAY01520
O01521,C0029,2025-10-12 10:41:00,Returned,Amazon,PAY01521
O01522,C0876,2026-06-18 13:41:00,Returned,Flipkart,PAY01522
O01523,C0168,2025-01-25 07:54:00,Cancelled,Flipkart,PAY01523
O01524,C0049,2025-12-17 07:13:00,Shipped,Amazon,PAY01524
O01525,C0262,2025-09-12 21:44:00,Cancelled,Amazon,PAY01525
O01526,C0122,2026-09-15 12:33:00,Delivered,Amazon,PAY01526
O01527,C0136,2026-03-29 20:00:00,Delivered,Flipkart,PAY01527
O01528,C0146,2025-03-13 06:03:00,Cancelled,Amazon,PAY01528
O01529,C0626,2025-07-29 04:05:00,Delivered,Myntra,PAY01529
O01530,C0313,2026-07-17 06:15:00,Shipped,Amazon,PAY01530
O01531,C0148,2026-03-13 23:29:00,Delivered,Amazon,PAY01531
O01532,C0380,2025-07-22 07:27:00,Delivered,Myntra,PAY01532
O01533,C0481,2025-09-12 09:18:00,Shipped,Flipkart,PAY01533
O01534,C0130,2025-07-26 08:55:00,Returned,Flipkart,PAY01534
O01535,C0197,2025-03-23 11:25:00,Delivered,Amazon,PAY01535
O01536,C0058,2026-04-28 14:27:00,Shipped,Myntra,PAY01536
O01537,C0087,2026-03-20 04:52:00,Returned,Flipkart,PAY01537
O01538,C0448,2025-01-21 12:27:00,Returned,Amazon,PAY01538
O01539,C0087,2025-11-04 19:34:00,Delivered,Myntra,PAY01539
O01540,C0299,2025-06-29 08:24:00,Delivered,Flipkart,PAY01540
O01541,C0474,2026-04-10 09:24:00,Shipped,Myntra,PAY01541
O01542,C0051,2026-05-08 02:21:00,Delivered,Myntra,PAY01542
O01543,C0339,2026-04-26 06:09:00,Delivered,Amazon,PAY01543
O01544,C0122,2025-01-14 16:46:00,Cancelled,Flipkart,PAY01544
O01545,C0930,2026-05-19 12:59:00,Delivered,Flipkart,PAY01545
O01546,C0260,2026-01-18 12:31:00,Delivered,Myntra,PAY01546
O01547,C0632,2026-08-26 02:26:00,Delivered,Amazon,PAY01547
O01548,C0323,2026-01-30 18:10:00,Delivered,Flipkart,PAY01548
O01549,C0021,2025-09-19 23:22:00,Shipped,Myntra,PAY01549
O01550,C0402,2026-05-16 20:44:00,Delivered,Myntra,PAY01550
O01551,C0908,2025-03-01 20:24:00,Delivered,Myntra,PAY01551
O01552,C0372,2025-09-10 07:30:00,Delivered,Flipkart,PAY01552
O01553,C0657,2025-01-29 22:42:00,Cancelled,Amazon,PAY01553
O01554,C0780,2025-09-25 19:29:00,Cancelled,Amazon,PAY01554
O01555,C0109,2025-09-18 07:38:00,Shipped,Myntra,PAY01555
O01556,C0101,2025-06-15 00:07:00,Returned,Amazon,PAY01556
O01557,C0381,2026-01-29 12:45:00,Shipped,Amazon,PAY01557
O01558,C0196,2026-06-15 06:56:00,Delivered,Amazon,PAY01558
O01559,C0696,2026-03-14 08:44:00,Delivered,Myntra,PAY01559
O01560,C0811,2026-06-30 21:56:00,Delivered,Myntra,PAY01560
O01561,C0168,2025-11-12 23:26:00,Returned,Myntra,PAY01561
O01562,C0113,2025-04-02 03:40:00,Shipped,Flipkart,PAY01562
O01563,C0583,2025-05-27 08:47:00,Delivered,Myntra,PAY01563
O01564,C0131,2026-02-12 22:19:00,Delivered,Amazon,PAY01564
O01565,C0663,2026-05-19 00:06:00,Delivered,Myntra,PAY01565
O01566,C0203,2026-03-04 16:26:00,Cancelled,Flipkart,PAY01566
O01567,C0435,2026-03-18 05:11:00,Delivered,Amazon,PAY01567
O01568,C0046,2025-05-18 06:31:00,Delivered,Myntra,PAY01568
O01569,C0393,2025-04-23 14:36:00,Returned,Amazon,PAY01569
O01570,C0230,2025-07-10 06:03:00,Cancelled,Amazon,PAY01570
O01571,C0358,2025-07-16 08:57:00,Returned,Flipkart,PAY01571
O01572,C0080,2026-03-28 20:58:00,Shipped,Amazon,PAY01572
O01573,C0501,2025-06-20 02:18:00,Delivered,Flipkart,PAY01573
O01574,C0740,2025-05-08 08:04:00,Delivered,Amazon,PAY01574
O01575,C0103,2026-08-23 07:30:00,Delivered,Myntra,PAY01575
O01576,C0046,2025-04-14 00:03:00,Delivered,Amazon,PAY01576
O01577,C0012,2026-08-20 01:06:00,Delivered,Myntra,PAY01577
O01578,C0410,2025-01-08 12:38:00,Shipped,Flipkart,PAY01578
O01579,C0377,2026-05-13 15:48:00,Delivered,Myntra,PAY01579
O01580,C0320,2026-03-16 10:23:00,Cancelled,Flipkart,PAY01580
O01581,C0111,2025-11-19 07:23:00,Cancelled,Flipkart,PAY01581
O01582,C0186,2026-01-23 19:03:00,Delivered,Flipkart,PAY01582
O01583,C0365,2025-04-13 00:29:00,Returned,Myntra,PAY01583
O01584,C0272,2026-02-16 23:53:00,Delivered,Amazon,PAY01584
O01585,C0977,2026-09-09 03:55:00,Shipped,Flipkart,PAY01585
O01586,C0065,2025-09-12 11:28:00,Shipped,Myntra,PAY01586
O01587,C0461,2026-05-02 16:26:00,Cancelled,Amazon,PAY01587
O01588,C0193,2025-01-04 20:52:00,Delivered,Amazon,PAY01588
O01589,C0207,2026-01-04 01:51:00,Cancelled,Flipkart,PAY01589
O01590,C0482,2026-03-31 07:38:00,Delivered,Flipkart,PAY01590
O01591,C0458,2026-09-20 02:22:00,Delivered,Flipkart,PAY01591
O01592,C0984,2025-04-13 23:24:00,Delivered,Myntra,PAY01592
O01593,C0061,2025-07-19 22:09:00,Returned,Myntra,PAY01593
O01594,C0050,2026-08-09 22:32:00,Delivered,Amazon,PAY01594
O01595,C0489,2026-05-25 02:19:00,Returned,Myntra,PAY01595
O01596,C0350,2026-07-16 14:10:00,Delivered,Amazon,PAY01596
O01597,C0131,2026-05-09 21:34:00,Delivered,Amazon,PAY01597
O01598,C0038,2025-08-05 05:48:00,Cancelled,Myntra,PAY01598
O01599,C0041,2025-04-02 03:27:00,Cancelled,Amazon,PAY01599
O01600,C0799,2025-06-14 10:57:00,Delivered,Flipkart,PAY01600
O01601,C0092,2025-08-14 23:16:00,Cancelled,Flipkart,PAY01601
O01602,C0154,2025-05-07 21:08:00,Shipped,Myntra,PAY01602
O01603,C0108,2026-05-19 02:50:00,Cancelled,Flipkart,PAY01603
O01604,C0169,2025-08-18 18:49:00,Shipped,Amazon,PAY01604
O01605,C0033,2025-12-18 12:58:00,Cancelled,Myntra,PAY01605
O01606,C0294,2026-01-26 20:41:00,Returned,Myntra,PAY01606
O01607,C0033,2026-03-24 07:14:00,Delivered,Amazon,PAY01607
O01608,C0621,2025-10-25 02:07:00,Delivered,Flipkart,PAY01608
O01609,C0112,2026-08-30 06:47:00,Delivered,Myntra,PAY01609
O01610,C0314,2026-01-12 04:54:00,Delivered,Flipkart,PAY01610
O01611,C0773,2026-08-14 23:00:00,Delivered,Amazon,PAY01611
O01612,C0419,2026-08-28 17:12:00,Returned,Flipkart,PAY01612
O01613,C0307,2026-03-10 10:49:00,Delivered,Myntra,PAY01613
O01614,C0155,2025-05-10 16:42:00,Shipped,Myntra,PAY01614
O01615,C0159,2025-08-16 03:25:00,Delivered,Myntra,PAY01615
O01616,C0437,2026-04-17 10:09:00,Returned,Flipkart,PAY01616
O01617,C0989,2025-08-13 15:43:00,Delivered,Amazon,PAY01617
O01618,C0429,2026-09-08 09:09:00,Cancelled,Myntra,PAY01618
O01619,C0330,2025-02-05 19:20:00,Delivered,Myntra,PAY01619
O01620,C0495,2025-05-07 08:54:00,Cancelled,Myntra,PAY01620
O01621,C0242,2026-05-05 20:53:00,Delivered,Flipkart,PAY01621
O01622,C0029,2025-10-26 22:24:00,Delivered,Flipkart,PAY01622
O01623,C0335,2025-06-06 22:13:00,Returned,Myntra,PAY01623
O01624,C0920,2025-08-19 22:47:00,Delivered,Amazon,PAY01624
O01625,C0084,2026-05-15 23:25:00,Delivered,Myntra,PAY01625
O01626,C0456,2025-06-13 00:35:00,Delivered,Flipkart,PAY01626
O01627,C0096,2026-03-09 21:30:00,Delivered,Flipkart,PAY01627
O01628,C0310,2026-02-05 02:33:00,Cancelled,Flipkart,PAY01628
O01629,C0046,2025-10-17 22:59:00,Delivered,Myntra,PAY01629
O01630,C0228,2026-07-16 12:06:00,Delivered,Flipkart,PAY01630
O01631,C0537,2026-08-18 01:54:00,Cancelled,Flipkart,PAY01631
O01632,C0166,2026-04-14 20:10:00,Shipped,Amazon,PAY01632
O01633,C0432,2026-03-29 22:30:00,Delivered,Amazon,PAY01633
O01634,C0612,2025-08-03 06:51:00,Cancelled,Amazon,PAY01634
O01635,C0862,2025-01-10 11:46:00,Returned,Myntra,PAY01635
O01636,C0112,2025-04-15 21:50:00,Returned,Amazon,PAY01636
O01637,C0190,2026-01-21 13:43:00,Returned,Amazon,PAY01637
O01638,C0073,2025-02-27 03:22:00,Delivered,Amazon,PAY01638
O01639,C0986,2025-02-23 03:32:00,Cancelled,Flipkart,PAY01639
O01640,C0862,2026-08-31 13:09:00,Cancelled,Myntra,PAY01640
O01641,C0313,2026-02-18 07:02:00,Delivered,Amazon,PAY01641
O01642,C0700,2026-02-11 15:19:00,Cancelled,Myntra,PAY01642
O01643,C0295,2025-06-26 20:47:00,Delivered,Myntra,PAY01643
O01644,C0393,2025-04-02 14:55:00,Returned,Myntra,PAY01644
O01645,C0043,2026-01-27 08:40:00,Cancelled,Flipkart,PAY01645
O01646,C0536,2026-01-12 00:07:00,Delivered,Amazon,PAY01646
O01647,C0061,2025-05-05 15:41:00,Cancelled,Myntra,PAY01647
O01648,C0670,2025-08-19 00:37:00,Shipped,Myntra,PAY01648
O01649,C0586,2026-05-07 08:44:00,Cancelled,Amazon,PAY01649
O01650,C0474,2026-08-31 05:24:00,Delivered,Myntra,PAY01650
O01651,C0018,2026-03-21 09:36:00,Delivered,Amazon,PAY01651
O01652,C0144,2025-11-30 02:45:00,Returned,Myntra,PAY01652
O01653,C0125,2025-07-09 12:52:00,Cancelled,Amazon,PAY01653
O01654,C0172,2026-02-08 17:52:00,Shipped,Myntra,PAY01654
O01655,C0042,2026-05-16 02:33:00,Returned,Myntra,PAY01655
O01656,C0881,2026-07-06 22:52:00,Returned,Myntra,PAY01656
O01657,C0327,2025-05-08 06:42:00,Delivered,Amazon,PAY01657
O01658,C0146,2026-09-06 22:11:00,Delivered,Myntra,PAY01658
O01659,C0189,2026-04-03 10:07:00,Delivered,Amazon,PAY01659
O01660,C0225,2026-08-12 06:41:00,Delivered,Amazon,PAY01660
O01661,C0371,2026-07-30 08:54:00,Returned,Amazon,PAY01661
O01662,C0290,2025-03-28 03:32:00,Delivered,Flipkart,PAY01662
O01663,C0847,2026-07-12 05:27:00,Cancelled,Amazon,PAY01663
O01664,C0273,2025-09-12 09:02:00,Shipped,Flipkart,PAY01664
O01665,C0986,2026-07-01 14:08:00,Shipped,Flipkart,PAY01665
O01666,C0718,2025-11-17 16:58:00,Delivered,Myntra,PAY01666
O01667,C0100,2026-07-06 16:13:00,Cancelled,Amazon,PAY01667
O01668,C0869,2025-02-15 07:02:00,Delivered,Amazon,PAY01668
O01669,C0056,2025-11-03 06:08:00,Shipped,Myntra,PAY01669
O01670,C0654,2025-08-10 18:22:00,Delivered,Amazon,PAY01670
O01671,C0181,2026-09-30 13:04:00,Shipped,Flipkart,PAY01671
O01672,C0769,2025-09-24 12:41:00,Delivered,Flipkart,PAY01672
O01673,C0750,2026-04-13 02:16:00,Cancelled,Flipkart,PAY01673
O01674,C0632,2025-05-27 17:13:00,Delivered,Myntra,PAY01674
O01675,C0602,2025-10-03 20:44:00,Cancelled,Amazon,PAY01675
O01676,C0145,2026-01-17 18:42:00,Cancelled,Myntra,PAY01676
O01677,C0039,2026-09-12 05:26:00,Returned,Amazon,PAY01677
O01678,C0192,2025-11-20 13:24:00,Delivered,Myntra,PAY01678
O01679,C0083,2025-09-11 02:17:00,Delivered,Myntra,PAY01679
O01680,C0461,2025-04-23 21:35:00,Delivered,Amazon,PAY01680
O01681,C0165,2025-12-04 20:05:00,Delivered,Flipkart,PAY01681
O01682,C0954,2025-10-07 04:55:00,Returned,Amazon,PAY01682
O01683,C0409,2025-10-08 00:06:00,Delivered,Amazon,PAY01683
O01684,C0663,2026-01-23 03:50:00,Delivered,Amazon,PAY01684
O01685,C0063,2026-06-24 23:56:00,Delivered,Myntra,PAY01685
O01686,C0738,2026-05-17 03:33:00,Delivered,Myntra,PAY01686
O01687,C0854,2026-08-09 09:35:00,Delivered,Myntra,PAY01687
O01688,C0263,2025-04-12 01:10:00,Delivered,Flipkart,PAY01688
O01689,C0376,2025-07-05 11:51:00,Cancelled,Myntra,PAY01689
O01690,C0554,2026-06-29 17:38:00,Returned,Flipkart,PAY01690
O01691,C0084,2026-05-04 18:08:00,Delivered,Amazon,PAY01691
O01692,C0278,2026-06-10 22:09:00,Cancelled,Amazon,PAY01692
O01693,C0190,2025-05-27 12:36:00,Cancelled,Flipkart,PAY01693
O01694,C0070,2025-02-24 23:40:00,Delivered,Myntra,PAY01694
O01695,C0175,2025-09-13 21:38:00,Delivered,Myntra,PAY01695
O01696,C0033,2026-04-14 05:28:00,Delivered,Flipkart,PAY01696
O01697,C0013,2026-05-30 09:17:00,Delivered,Myntra,PAY01697
O01698,C0065,2025-08-23 09:40:00,Returned,Amazon,PAY01698
O01699,C0930,2025-11-09 13:49:00,Delivered,Amazon,PAY01699
O01700,C0323,2025-03-23 02:46:00,Delivered,Amazon,PAY01700
O01701,C0936,2025-06-19 18:03:00,Delivered,Myntra,PAY01701
O01702,C0211,2025-10-20 17:59:00,Delivered,Amazon,PAY01702
O01703,C0149,2026-03-11 21:32:00,Cancelled,Amazon,PAY01703
O01704,C0281,2026-05-07 15:32:00,Cancelled,Myntra,PAY01704
O01705,C0218,2026-06-30 22:07:00,Delivered,Amazon,PAY01705
O01706,C0051,2026-09-24 06:58:00,Returned,Myntra,PAY01706
O01707,C0409,2025-01-08 22:27:00,Cancelled,Myntra,PAY01707
O01708,C0103,2025-12-20 07:47:00,Cancelled,Myntra,PAY01708
O01709,C0389,2026-09-16 01:38:00,Delivered,Amazon,PAY01709
O01710,C0418,2026-06-21 07:11:00,Delivered,Flipkart,PAY01710
O01711,C0073,2025-05-17 16:22:00,Delivered,Flipkart,PAY01711
O01712,C0030,2026-05-23 12:10:00,Delivered,Amazon,PAY01712
O01713,C0584,2025-12-13 21:15:00,Returned,Myntra,PAY01713
O01714,C0237,2025-05-01 09:19:00,Delivered,Flipkart,PAY01714
O01715,C0028,2025-09-29 06:00:00,Cancelled,Myntra,PAY01715
O01716,C0991,2026-08-06 12:13:00,Delivered,Myntra,PAY01716
O01717,C0028,2026-06-12 01:59:00,Delivered,Myntra,PAY01717
O01718,C0461,2026-05-15 01:22:00,Delivered,Myntra,PAY01718
O01719,C0969,2026-04-17 10:19:00,Delivered,Amazon,PAY01719
O01720,C0114,2025-01-06 11:56:00,Cancelled,Amazon,PAY01720
O01721,C0068,2026-02-16 11:00:00,Delivered,Flipkart,PAY01721
O01722,C0058,2026-05-19 06:05:00,Shipped,Myntra,PAY01722
O01723,C0145,2025-06-07 13:07:00,Delivered,Amazon,PAY01723
O01724,C0048,2025-06-09 21:16:00,Delivered,Flipkart,PAY01724
O01725,C0458,2026-02-09 11:19:00,Delivered,Flipkart,PAY01725
O01726,C0030,2025-07-06 17:51:00,Delivered,Amazon,PAY01726
O01727,C0284,2026-03-26 21:53:00,Delivered,Amazon,PAY01727
O01728,C0994,2025-05-24 11:47:00,Delivered,Amazon,PAY01728
O01729,C0647,2026-01-03 22:12:00,Delivered,Amazon,PAY01729
O01730,C0385,2025-10-19 01:08:00,Delivered,Flipkart,PAY01730
O01731,C0146,2025-12-06 01:10:00,Cancelled,Amazon,PAY01731
O01732,C0393,2026-05-06 21:17:00,Delivered,Flipkart,PAY01732
O01733,C0301,2026-05-16 17:31:00,Returned,Myntra,PAY01733
O01734,C0205,2025-05-11 10:48:00,Returned,Flipkart,PAY01734
O01735,C0063,2026-05-29 23:59:00,Cancelled,Flipkart,PAY01735
O01736,C0785,2025-05-15 03:06:00,Returned,Amazon,PAY01736
O01737,C0228,2025-05-10 04:22:00,Shipped,Amazon,PAY01737
O01738,C0093,2025-08-31 01:43:00,Returned,Flipkart,PAY01738
O01739,C0175,2026-03-16 19:47:00,Delivered,Flipkart,PAY01739
O01740,C0197,2026-05-07 09:18:00,Delivered,Amazon,PAY01740
O01741,C0673,2026-03-16 07:39:00,Delivered,Myntra,PAY01741
O01742,C0497,2026-06-08 05:15:00,Delivered,Amazon,PAY01742
O01743,C0562,2025-09-27 22:15:00,Cancelled,Flipkart,PAY01743
O01744,C0006,2025-07-23 15:45:00,Returned,Amazon,PAY01744
O01745,C0198,2026-05-30 19:11:00,Delivered,Myntra,PAY01745
O01746,C0258,2025-06-02 07:07:00,Delivered,Flipkart,PAY01746
O01747,C0010,2025-02-09 08:12:00,Delivered,Flipkart,PAY01747
O01748,C0124,2025-01-19 19:12:00,Delivered,Amazon,PAY01748
O01749,C0545,2026-01-25 13:33:00,Delivered,Myntra,PAY01749
O01750,C0066,2025-08-25 07:21:00,Delivered,Flipkart,PAY01750
O01751,C0309,2025-03-04 16:27:00,Cancelled,Amazon,PAY01751
O01752,C0103,2025-11-08 03:17:00,Delivered,Flipkart,PAY01752
O01753,C0006,2025-12-26 22:26:00,Delivered,Flipkart,PAY01753
O01754,C0115,2025-02-18 05:02:00,Delivered,Amazon,PAY01754
O01755,C0955,2025-11-26 06:18:00,Delivered,Flipkart,PAY01755
O01756,C0623,2026-09-14 03:27:00,Delivered,Flipkart,PAY01756
O01757,C0924,2026-05-19 11:21:00,Delivered,Amazon,PAY01757
O01758,C0264,2025-04-10 21:00:00,Cancelled,Myntra,PAY01758
O01759,C0053,2025-05-14 10:23:00,Cancelled,Flipkart,PAY01759
O01760,C0321,2026-08-27 16:38:00,Delivered,Amazon,PAY01760
O01761,C0232,2025-10-10 06:37:00,Delivered,Amazon,PAY01761
O01762,C0705,2025-04-19 04:40:00,Cancelled,Myntra,PAY01762
O01763,C0047,2025-05-04 01:37:00,Cancelled,Amazon,PAY01763
O01764,C0264,2025-07-17 22:28:00,Delivered,Amazon,PAY01764
O01765,C0072,2026-07-14 19:21:00,Delivered,Myntra,PAY01765
O01766,C0155,2026-05-01 06:34:00,Cancelled,Amazon,PAY01766
O01767,C0501,2025-02-14 04:12:00,Delivered,Myntra,PAY01767
O01768,C0253,2025-09-16 17:22:00,Delivered,Flipkart,PAY01768
O01769,C0179,2025-05-01 13:04:00,Delivered,Flipkart,PAY01769
O01770,C0188,2026-06-21 16:50:00,Delivered,Amazon,PAY01770
O01771,C0237,2026-09-06 08:44:00,Delivered,Flipkart,PAY01771
O01772,C0592,2025-02-16 18:03:00,Returned,Myntra,PAY01772
O01773,C0795,2025-07-14 23:52:00,Delivered,Flipkart,PAY01773
O01774,C0916,2026-06-30 16:04:00,Delivered,Flipkart,PAY01774
O01775,C0596,2026-06-06 12:35:00,Returned,Flipkart,PAY01775
O01776,C0150,2026-02-15 19:17:00,Delivered,Amazon,PAY01776
O01777,C0454,2025-01-04 05:36:00,Delivered,Myntra,PAY01777
O01778,C0216,2025-01-10 16:29:00,Shipped,Myntra,PAY01778
O01779,C0121,2026-06-22 08:19:00,Returned,Amazon,PAY01779
O01780,C0698,2025-10-31 22:17:00,Shipped,Amazon,PAY01780
O01781,C0019,2025-06-25 07:02:00,Shipped,Amazon,PAY01781
O01782,C0814,2025-10-26 01:40:00,Delivered,Flipkart,PAY01782
O01783,C0239,2025-05-17 08:55:00,Returned,Amazon,PAY01783
O01784,C0406,2025-09-12 06:34:00,Delivered,Amazon,PAY01784
O01785,C0427,2025-12-22 20:38:00,Delivered,Flipkart,PAY01785
O01786,C0801,2025-03-27 22:56:00,Shipped,Flipkart,PAY01786
O01787,C0405,2025-05-17 13:57:00,Shipped,Flipkart,PAY01787
O01788,C0384,2025-11-29 01:40:00,Returned,Amazon,PAY01788
O01789,C0032,2025-12-31 07:46:00,Delivered,Amazon,PAY01789
O01790,C0293,2025-09-20 00:34:00,Cancelled,Myntra,PAY01790
O01791,C0072,2025-04-19 23:47:00,Cancelled,Flipkart,PAY01791
O01792,C0502,2025-09-21 20:40:00,Shipped,Myntra,PAY01792
O01793,C0287,2025-07-31 14:14:00,Delivered,Flipkart,PAY01793
O01794,C0447,2025-07-28 18:40:00,Returned,Flipkart,PAY01794
O01795,C0020,2025-06-09 14:14:00,Cancelled,Myntra,PAY01795
O01796,C0041,2026-03-21 11:09:00,Delivered,Amazon,PAY01796
O01797,C0481,2026-05-23 05:29:00,Delivered,Amazon,PAY01797
O01798,C0035,2025-07-13 18:31:00,Cancelled,Amazon,PAY01798
O01799,C0034,2025-10-16 00:19:00,Delivered,Amazon,PAY01799
O01800,C0006,2026-02-08 21:38:00,Delivered,Amazon,PAY01800
O01801,C0918,2025-05-27 02:27:00,Delivered,Flipkart,PAY01801
O01802,C0502,2026-02-17 03:46:00,Shipped,Amazon,PAY01802
O01803,C0168,2025-01-13 19:06:00,Delivered,Flipkart,PAY01803
O01804,C0141,2025-01-22 03:52:00,Delivered,Myntra,PAY01804
O01805,C0167,2025-02-14 04:15:00,Returned,Amazon,PAY01805
O01806,C0572,2025-10-02 04:40:00,Shipped,Amazon,PAY01806
O01807,C0429,2025-01-10 03:34:00,Cancelled,Flipkart,PAY01807
O01808,C0088,2025-03-29 06:08:00,Delivered,Myntra,PAY01808
O01809,C0083,2026-03-31 05:19:00,Delivered,Flipkart,PAY01809
O01810,C0047,2025-06-08 07:03:00,Shipped,Myntra,PAY01810
O01811,C0428,2025-10-01 20:34:00,Delivered,Amazon,PAY01811
O01812,C0553,2025-02-15 03:34:00,Delivered,Amazon,PAY01812
O01813,C0126,2026-06-08 13:09:00,Delivered,Amazon,PAY01813
O01814,C0010,2025-01-25 07:27:00,Delivered,Amazon,PAY01814
O01815,C0040,2025-12-28 20:18:00,Delivered,Myntra,PAY01815
O01816,C0939,2026-01-29 21:56:00,Cancelled,Amazon,PAY01816
O01817,C0141,2026-05-19 05:07:00,Delivered,Amazon,PAY01817
O01818,C0562,2025-10-16 11:04:00,Shipped,Flipkart,PAY01818
O01819,C0394,2025-05-02 11:59:00,Delivered,Amazon,PAY01819
O01820,C0182,2026-09-12 04:11:00,Delivered,Myntra,PAY01820
O01821,C0098,2025-12-09 19:11:00,Cancelled,Flipkart,PAY01821
O01822,C0058,2025-06-03 21:43:00,Delivered,Myntra,PAY01822
O01823,C0385,2025-10-21 11:56:00,Delivered,Flipkart,PAY01823
O01824,C0572,2026-05-27 21:23:00,Delivered,Myntra,PAY01824
O01825,C0412,2025-03-20 00:55:00,Delivered,Myntra,PAY01825
O01826,C0304,2025-05-31 10:09:00,Delivered,Flipkart,PAY01826
O01827,C0020,2026-05-05 02:07:00,Shipped,Flipkart,PAY01827
O01828,C0941,2025-10-13 04:05:00,Delivered,Amazon,PAY01828
O01829,C0618,2025-07-06 12:22:00,Delivered,Flipkart,PAY01829
O01830,C0140,2026-03-11 15:44:00,Delivered,Myntra,PAY01830
O01831,C0962,2025-12-08 04:51:00,Cancelled,Amazon,PAY01831
O01832,C0372,2026-01-28 13:35:00,Delivered,Myntra,PAY01832
O01833,C0354,2026-07-01 15:34:00,Shipped,Amazon,PAY01833
O01834,C0522,2026-01-29 02:37:00,Cancelled,Flipkart,PAY01834
O01835,C0643,2026-06-24 18:49:00,Cancelled,Myntra,PAY01835
O01836,C0424,2025-08-13 22:05:00,Delivered,Flipkart,PAY01836
O01837,C0061,2025-01-03 06:54:00,Delivered,Flipkart,PAY01837
O01838,C0161,2026-07-26 15:08:00,Delivered,Amazon,PAY01838
O01839,C0864,2025-12-24 11:54:00,Returned,Amazon,PAY01839
O01840,C0107,2025-10-29 14:09:00,Returned,Myntra,PAY01840
O01841,C0177,2026-03-08 07:13:00,Returned,Amazon,PAY01841
O01842,C0211,2025-02-27 23:08:00,Delivered,Myntra,PAY01842
O01843,C0218,2025-05-27 12:46:00,Delivered,Myntra,PAY01843
O01844,C0383,2026-03-11 11:03:00,Cancelled,Amazon,PAY01844
O01845,C0892,2026-08-19 02:30:00,Returned,Myntra,PAY01845
O01846,C0115,2025-06-11 00:09:00,Delivered,Amazon,PAY01846
O01847,C0058,2025-03-22 07:04:00,Delivered,Myntra,PAY01847
O01848,C0094,2026-03-03 04:48:00,Delivered,Flipkart,PAY01848
O01849,C0786,2025-05-24 23:33:00,Cancelled,Flipkart,PAY01849
O01850,C0414,2026-04-27 13:46:00,Delivered,Flipkart,PAY01850
O01851,C0136,2025-01-14 09:07:00,Delivered,Amazon,PAY01851
O01852,C0651,2025-02-02 19:48:00,Delivered,Myntra,PAY01852
O01853,C0737,2025-06-14 00:25:00,Returned,Flipkart,PAY01853
O01854,C0709,2026-04-11 17:45:00,Returned,Flipkart,PAY01854
O01855,C0846,2026-08-09 16:19:00,Cancelled,Amazon,PAY01855
O01856,C0120,2026-03-10 05:17:00,Delivered,Myntra,PAY01856
O01857,C0535,2026-01-22 04:47:00,Delivered,Flipkart,PAY01857
O01858,C0238,2026-09-26 01:14:00,Delivered,Amazon,PAY01858
O01859,C0700,2026-07-27 19:53:00,Delivered,Myntra,PAY01859
O01860,C0493,2026-04-25 15:20:00,Cancelled,Myntra,PAY01860
O01861,C0576,2026-02-19 12:10:00,Delivered,Flipkart,PAY01861
O01862,C0424,2026-03-11 06:17:00,Delivered,Amazon,PAY01862
O01863,C0085,2025-03-21 11:38:00,Returned,Flipkart,PAY01863
O01864,C0318,2025-01-29 07:18:00,Delivered,Myntra,PAY01864
O01865,C0971,2025-04-20 02:13:00,Shipped,Amazon,PAY01865
O01866,C0882,2025-11-13 06:35:00,Delivered,Myntra,PAY01866
O01867,C0021,2025-02-03 07:17:00,Delivered,Myntra,PAY01867
O01868,C0079,2026-08-02 01:36:00,Returned,Flipkart,PAY01868
O01869,C0063,2025-02-16 01:20:00,Delivered,Flipkart,PAY01869
O01870,C0490,2025-01-09 11:48:00,Delivered,Flipkart,PAY01870
O01871,C0654,2026-05-28 06:20:00,Returned,Flipkart,PAY01871
O01872,C0102,2025-12-31 04:44:00,Cancelled,Amazon,PAY01872
O01873,C0281,2025-12-06 13:57:00,Cancelled,Myntra,PAY01873
O01874,C0698,2025-04-14 16:51:00,Returned,Amazon,PAY01874
O01875,C0497,2025-01-25 18:50:00,Delivered,Flipkart,PAY01875
O01876,C0316,2026-08-24 01:18:00,Delivered,Amazon,PAY01876
O01877,C0361,2026-04-20 02:56:00,Cancelled,Amazon,PAY01877
O01878,C0283,2025-08-26 06:51:00,Cancelled,Myntra,PAY01878
O01879,C0142,2025-05-25 22:10:00,Shipped,Myntra,PAY01879
O01880,C0337,2026-09-16 20:33:00,Returned,Flipkart,PAY01880
O01881,C0455,2026-04-04 04:21:00,Delivered,Flipkart,PAY01881
O01882,C0760,2026-10-01 13:02:00,Cancelled,Myntra,PAY01882
O01883,C0405,2026-02-01 07:13:00,Shipped,Myntra,PAY01883
O01884,C0547,2025-03-18 04:36:00,Cancelled,Flipkart,PAY01884
O01885,C0077,2025-04-10 00:09:00,Returned,Flipkart,PAY01885
O01886,C0239,2026-07-15 02:31:00,Delivered,Flipkart,PAY01886
O01887,C0005,2025-11-18 05:59:00,Delivered,Amazon,PAY01887
O01888,C0118,2025-03-11 08:36:00,Delivered,Flipkart,PAY01888
O01889,C0491,2025-04-02 02:11:00,Cancelled,Flipkart,PAY01889
O01890,C0985,2025-09-22 15:16:00,Returned,Flipkart,PAY01890
O01891,C0048,2025-05-24 03:36:00,Delivered,Amazon,PAY01891
O01892,C0191,2026-01-08 09:25:00,Delivered,Myntra,PAY01892
O01893,C0621,2025-05-13 14:23:00,Shipped,Myntra,PAY01893
O01894,C0097,2025-11-18 11:05:00,Cancelled,Flipkart,PAY01894
O01895,C0328,2026-06-03 14:16:00,Cancelled,Amazon,PAY01895
O01896,C0497,2026-09-28 20:03:00,Cancelled,Amazon,PAY01896
O01897,C0386,2026-07-29 00:09:00,Returned,Amazon,PAY01897
O01898,C0090,2025-10-25 12:10:00,Shipped,Flipkart,PAY01898
O01899,C0169,2025-03-16 07:24:00,Returned,Flipkart,PAY01899
O01900,C0590,2025-04-06 11:29:00,Delivered,Myntra,PAY01900
O01901,C0327,2026-07-02 14:06:00,Delivered,Amazon,PAY01901
O01902,C0003,2025-04-21 12:49:00,Delivered,Amazon,PAY01902
O01903,C0546,2026-02-16 10:04:00,Delivered,Flipkart,PAY01903
O01904,C0017,2026-09-11 15:13:00,Cancelled,Myntra,PAY01904
O01905,C0517,2026-05-03 03:17:00,Delivered,Amazon,PAY01905
O01906,C0097,2026-07-13 04:30:00,Delivered,Myntra,PAY01906
O01907,C0921,2025-08-07 10:36:00,Delivered,Myntra,PAY01907
O01908,C0175,2026-01-25 01:59:00,Returned,Flipkart,PAY01908
O01909,C0156,2026-03-17 15:13:00,Delivered,Amazon,PAY01909
O01910,C0071,2025-01-24 21:27:00,Delivered,Flipkart,PAY01910
O01911,C0146,2025-06-30 02:09:00,Delivered,Flipkart,PAY01911
O01912,C0766,2026-02-19 02:19:00,Returned,Myntra,PAY01912
O01913,C0994,2026-04-08 13:33:00,Delivered,Myntra,PAY01913
O01914,C0175,2025-09-23 05:53:00,Delivered,Amazon,PAY01914
O01915,C0227,2026-03-15 10:48:00,Delivered,Amazon,PAY01915
O01916,C0486,2025-07-23 11:26:00,Delivered,Flipkart,PAY01916
O01917,C0784,2026-07-03 22:50:00,Delivered,Myntra,PAY01917
O01918,C0364,2026-03-24 11:58:00,Cancelled,Myntra,PAY01918
O01919,C0186,2026-02-03 00:35:00,Returned,Myntra,PAY01919
O01920,C0196,2025-07-23 02:46:00,Cancelled,Myntra,PAY01920
O01921,C0461,2026-09-24 04:20:00,Cancelled,Myntra,PAY01921
O01922,C0002,2025-11-21 00:09:00,Delivered,Amazon,PAY01922
O01923,C0389,2026-05-27 10:07:00,Returned,Myntra,PAY01923
O01924,C0169,2026-02-21 08:33:00,Cancelled,Amazon,PAY01924
O01925,C0609,2026-04-07 04:40:00,Delivered,Myntra,PAY01925
O01926,C0045,2026-08-16 03:02:00,Delivered,Myntra,PAY01926
O01927,C0359,2025-07-12 13:44:00,Shipped,Amazon,PAY01927
O01928,C0257,2026-09-08 12:13:00,Delivered,Amazon,PAY01928
O01929,C0411,2025-07-15 21:36:00,Delivered,Flipkart,PAY01929
O01930,C0031,2026-01-08 00:19:00,Delivered,Myntra,PAY01930
O01931,C0351,2025-05-08 22:31:00,Cancelled,Flipkart,PAY01931
O01932,C0334,2026-02-28 13:22:00,Delivered,Myntra,PAY01932
O01933,C0333,2026-03-13 16:48:00,Delivered,Amazon,PAY01933
O01934,C0374,2025-06-30 14:27:00,Delivered,Amazon,PAY01934
O01935,C0443,2026-07-21 19:10:00,Shipped,Flipkart,PAY01935
O01936,C0630,2026-01-26 09:54:00,Cancelled,Myntra,PAY01936
O01937,C0129,2026-03-24 20:18:00,Cancelled,Myntra,PAY01937
O01938,C0668,2025-04-12 02:51:00,Returned,Amazon,PAY01938
O01939,C0274,2025-04-02 20:01:00,Shipped,Flipkart,PAY01939
O01940,C0037,2025-04-17 15:47:00,Returned,Myntra,PAY01940
O01941,C0028,2026-07-12 03:40:00,Delivered,Myntra,PAY01941
O01942,C0159,2026-08-19 01:42:00,Delivered,Flipkart,PAY01942
O01943,C0592,2025-08-05 07:49:00,Delivered,Myntra,PAY01943
O01944,C0473,2026-01-26 03:12:00,Returned,Flipkart,PAY01944
O01945,C0599,2025-05-08 11:50:00,Delivered,Flipkart,PAY01945
O01946,C0292,2026-02-10 00:23:00,Returned,Amazon,PAY01946
O01947,C0219,2026-06-04 09:17:00,Cancelled,Flipkart,PAY01947
O01948,C0071,2025-11-11 13:43:00,Delivered,Amazon,PAY01948
O01949,C0156,2026-03-01 01:00:00,Delivered,Amazon,PAY01949
O01950,C0213,2026-01-19 16:52:00,Cancelled,Myntra,PAY01950
O01951,C0043,2025-11-22 10:10:00,Shipped,Flipkart,PAY01951
O01952,C0105,2025-09-05 17:25:00,Delivered,Myntra,PAY01952
O01953,C0369,2026-02-07 01:51:00,Shipped,Flipkart,PAY01953
O01954,C0499,2025-05-12 20:24:00,Cancelled,Amazon,PAY01954
O01955,C0997,2026-02-17 10:33:00,Delivered,Flipkart,PAY01955
O01956,C0873,2025-08-25 03:45:00,Returned,Amazon,PAY01956
O01957,C0411,2026-06-01 03:40:00,Shipped,Flipkart,PAY01957
O01958,C0201,2025-09-24 17:10:00,Delivered,Amazon,PAY01958
O01959,C0405,2025-04-06 02:01:00,Delivered,Amazon,PAY01959
O01960,C0593,2026-08-31 04:01:00,Shipped,Myntra,PAY01960
O01961,C0057,2026-07-11 02:36:00,Delivered,Amazon,PAY01961
O01962,C0195,2025-05-14 14:40:00,Cancelled,Flipkart,PAY01962
O01963,C0696,2025-07-11 07:41:00,Delivered,Flipkart,PAY01963
O01964,C0183,2025-07-18 17:53:00,Delivered,Myntra,PAY01964
O01965,C0344,2026-01-23 08:42:00,Delivered,Flipkart,PAY01965
O01966,C0359,2025-03-26 04:40:00,Delivered,Myntra,PAY01966
O01967,C0088,2026-08-17 03:07:00,Delivered,Myntra,PAY01967
O01968,C0173,2025-05-06 03:09:00,Delivered,Flipkart,PAY01968
O01969,C0159,2025-07-04 02:04:00,Delivered,Flipkart,PAY01969
O01970,C0013,2025-08-01 12:06:00,Delivered,Amazon,PAY01970
O01971,C0012,2026-02-28 02:31:00,Cancelled,Amazon,PAY01971
O01972,C0681,2025-08-04 21:26:00,Delivered,Flipkart,PAY01972
O01973,C0130,2026-04-07 05:11:00,Delivered,Amazon,PAY01973
O01974,C0293,2025-07-02 21:36:00,Cancelled,Myntra,PAY01974
O01975,C0142,2025-02-02 03:21:00,Delivered,Flipkart,PAY01975
O01976,C0888,2026-09-21 19:34:00,Delivered,Amazon,PAY01976
O01977,C0124,2026-06-19 23:16:00,Delivered,Amazon,PAY01977
O01978,C0209,2026-09-13 00:34:00,Delivered,Myntra,PAY01978
O01979,C0759,2026-06-09 04:13:00,Returned,Flipkart,PAY01979
O01980,C0700,2025-04-28 06:01:00,Delivered,Amazon,PAY01980
O01981,C0089,2025-08-14 02:46:00,Cancelled,Amazon,PAY01981
O01982,C0626,2025-10-02 08:30:00,Delivered,Amazon,PAY01982
O01983,C0236,2025-12-23 22:35:00,Cancelled,Flipkart,PAY01983
O01984,C0259,2026-04-24 23:51:00,Delivered,Flipkart,PAY01984
O01985,C0064,2026-06-09 12:59:00,Delivered,Flipkart,PAY01985
O01986,C0039,2025-06-27 06:43:00,Returned,Myntra,PAY01986
O01987,C0492,2025-10-15 12:06:00,Shipped,Myntra,PAY01987
O01988,C0272,2025-11-16 05:50:00,Delivered,Myntra,PAY01988
O01989,C0216,2026-05-15 13:56:00,Delivered,Flipkart,PAY01989
O01990,C0494,2026-09-03 23:17:00,Returned,Flipkart,PAY01990
O01991,C0555,2026-09-30 03:38:00,Delivered,Flipkart,PAY01991
O01992,C0076,2025-07-24 18:22:00,Delivered,Myntra,PAY01992
O01993,C0380,2025-03-07 14:10:00,Delivered,Myntra,PAY01993
O01994,C0065,2025-09-17 18:26:00,Delivered,Myntra,PAY01994
O01995,C0528,2026-06-28 11:25:00,Delivered,Amazon,PAY01995
O01996,C0425,2025-07-04 10:27:00,Returned,Amazon,PAY01996
O01997,C0918,2026-01-02 07:04:00,Delivered,Myntra,PAY01997
O01998,C0033,2026-01-16 11:09:00,Returned,Flipkart,PAY01998
O01999,C0028,2025-05-06 00:20:00,Cancelled,Amazon,PAY01999
O02000,C0135,2025-12-03 06:29:00,Shipped,Flipkart,PAY02000
O02001,C0125,2025-08-27 17:04:00,Delivered,Flipkart,PAY02001
O02002,C0118,2026-09-09 06:33:00,Delivered,Amazon,PAY02002
O02003,C0822,2026-07-29 08:45:00,Shipped,Myntra,PAY02003
O02004,C0119,2025-03-18 18:57:00,Cancelled,Flipkart,PAY02004
O02005,C0130,2026-03-22 10:52:00,Delivered,Amazon,PAY02005
O02006,C0543,2025-07-21 01:51:00,Delivered,Flipkart,PAY02006
O02007,C0228,2025-02-17 08:26:00,Delivered,Amazon,PAY02007
O02008,C0576,2026-04-09 05:38:00,Delivered,Myntra,PAY02008
O02009,C0032,2026-01-28 07:36:00,Delivered,Flipkart,PAY02009
O02010,C0264,2025-01-19 20:50:00,Returned,Myntra,PAY02010
O02011,C0016,2025-01-05 14:18:00,Delivered,Flipkart,PAY02011
O02012,C0030,2025-02-07 17:58:00,Shipped,Amazon,PAY02012
O02013,C0823,2025-12-12 20:01:00,Delivered,Flipkart,PAY02013
O02014,C0067,2025-04-08 13:46:00,Delivered,Flipkart,PAY02014
O02015,C0306,2025-11-21 11:25:00,Delivered,Myntra,PAY02015
O02016,C0196,2025-11-17 15:39:00,Delivered,Flipkart,PAY02016
O02017,C0165,2025-11-02 22:29:00,Delivered,Myntra,PAY02017
O02018,C0810,2025-05-05 11:39:00,Delivered,Amazon,PAY02018
O02019,C0011,2025-08-18 01:52:00,Delivered,Amazon,PAY02019
O02020,C0431,2025-04-18 10:55:00,Cancelled,Myntra,PAY02020
O02021,C0931,2026-03-23 07:10:00,Delivered,Amazon,PAY02021
O02022,C0333,2026-01-13 17:00:00,Cancelled,Amazon,PAY02022
O02023,C0880,2025-09-23 01:07:00,Delivered,Flipkart,PAY02023
O02024,C0025,2025-03-18 08:21:00,Cancelled,Myntra,PAY02024
O02025,C0199,2026-01-24 08:44:00,Delivered,Amazon,PAY02025
O02026,C0124,2026-08-21 14:07:00,Delivered,Flipkart,PAY02026
O02027,C0495,2025-06-01 18:56:00,Returned,Flipkart,PAY02027
O02028,C0965,2026-04-03 21:07:00,Shipped,Myntra,PAY02028
O02029,C0122,2025-09-04 18:30:00,Cancelled,Flipkart,PAY02029
O02030,C0422,2025-10-15 10:49:00,Cancelled,Flipkart,PAY02030
O02031,C0095,2025-08-20 02:16:00,Returned,Flipkart,PAY02031
O02032,C0338,2025-03-26 11:35:00,Returned,Amazon,PAY02032
O02033,C0241,2025-07-30 22:04:00,Delivered,Flipkart,PAY02033
O02034,C0947,2025-03-03 06:00:00,Cancelled,Amazon,PAY02034
O02035,C0379,2026-04-25 12:12:00,Delivered,Amazon,PAY02035
O02036,C0167,2025-12-15 06:52:00,Shipped,Myntra,PAY02036
O02037,C0055,2026-06-11 10:48:00,Delivered,Myntra,PAY02037
O02038,C0072,2026-04-10 20:09:00,Returned,Myntra,PAY02038
O02039,C0108,2025-04-19 04:14:00,Delivered,Flipkart,PAY02039
O02040,C0120,2026-04-09 19:32:00,Delivered,Flipkart,PAY02040
O02041,C0717,2025-07-12 02:17:00,Delivered,Amazon,PAY02041
O02042,C0334,2025-11-11 18:41:00,Delivered,Amazon,PAY02042
O02043,C0298,2026-04-18 03:47:00,Delivered,Amazon,PAY02043
O02044,C0055,2025-01-17 14:11:00,Delivered,Amazon,PAY02044
O02045,C0735,2026-05-03 21:33:00,Delivered,Flipkart,PAY02045
O02046,C0487,2025-09-29 03:59:00,Shipped,Amazon,PAY02046
O02047,C0033,2025-12-29 13:13:00,Delivered,Flipkart,PAY02047
O02048,C0473,2026-05-30 13:32:00,Delivered,Amazon,PAY02048
O02049,C0317,2026-03-28 08:23:00,Delivered,Amazon,PAY02049
O02050,C0039,2026-01-27 23:59:00,Delivered,Amazon,PAY02050
O02051,C0236,2025-10-29 06:25:00,Delivered,Myntra,PAY02051
O02052,C0261,2025-10-10 16:38:00,Delivered,Myntra,PAY02052
O02053,C0079,2026-03-20 03:43:00,Delivered,Myntra,PAY02053
O02054,C0897,2025-09-12 03:14:00,Delivered,Amazon,PAY02054
O02055,C0715,2025-02-06 18:17:00,Delivered,Amazon,PAY02055
O02056,C0436,2026-06-29 03:17:00,Delivered,Myntra,PAY02056
O02057,C0240,2026-02-19 12:25:00,Delivered,Amazon,PAY02057
O02058,C0196,2025-10-02 15:13:00,Delivered,Amazon,PAY02058
O02059,C0419,2025-12-22 20:18:00,Cancelled,Myntra,PAY02059
O02060,C0319,2025-10-22 23:00:00,Delivered,Amazon,PAY02060
O02061,C0030,2026-05-31 22:39:00,Delivered,Myntra,PAY02061
O02062,C0287,2025-11-09 22:15:00,Delivered,Flipkart,PAY02062
O02063,C0633,2025-03-13 05:11:00,Delivered,Flipkart,PAY02063
O02064,C0237,2025-05-26 00:42:00,Delivered,Flipkart,PAY02064
O02065,C0025,2025-12-09 00:11:00,Delivered,Amazon,PAY02065
O02066,C0594,2025-06-24 21:48:00,Returned,Amazon,PAY02066
O02067,C0096,2026-09-01 11:30:00,Shipped,Amazon,PAY02067
O02068,C0123,2026-05-16 07:30:00,Delivered,Amazon,PAY02068
O02069,C0079,2025-01-18 18:43:00,Delivered,Amazon,PAY02069
O02070,C0157,2026-06-22 16:10:00,Returned,Amazon,PAY02070
O02071,C0538,2025-04-07 03:19:00,Returned,Myntra,PAY02071
O02072,C0294,2025-12-10 14:31:00,Cancelled,Flipkart,PAY02072
O02073,C0098,2026-07-13 08:42:00,Delivered,Flipkart,PAY02073
O02074,C0768,2026-01-09 14:00:00,Returned,Flipkart,PAY02074
O02075,C0772,2025-11-05 22:21:00,Shipped,Myntra,PAY02075
O02076,C0755,2026-09-03 15:07:00,Delivered,Myntra,PAY02076
O02077,C0114,2026-06-16 23:40:00,Delivered,Amazon,PAY02077
O02078,C0229,2026-02-25 07:42:00,Delivered,Flipkart,PAY02078
O02079,C0972,2026-05-25 00:15:00,Shipped,Myntra,PAY02079
O02080,C0567,2026-03-18 11:13:00,Cancelled,Amazon,PAY02080
O02081,C0013,2025-07-18 12:40:00,Delivered,Flipkart,PAY02081
O02082,C0031,2026-07-12 14:56:00,Shipped,Amazon,PAY02082
O02083,C0241,2025-09-29 21:22:00,Delivered,Flipkart,PAY02083
O02084,C0828,2026-08-27 13:17:00,Delivered,Amazon,PAY02084
O02085,C0312,2025-02-12 18:33:00,Cancelled,Flipkart,PAY02085
O02086,C0273,2026-09-20 03:27:00,Returned,Flipkart,PAY02086
O02087,C0051,2026-08-04 11:18:00,Delivered,Amazon,PAY02087
O02088,C0424,2026-05-26 21:09:00,Delivered,Myntra,PAY02088
O02089,C0662,2025-06-03 16:18:00,Shipped,Myntra,PAY02089
O02090,C0181,2025-06-16 09:31:00,Delivered,Amazon,PAY02090
O02091,C0574,2025-10-29 00:29:00,Delivered,Amazon,PAY02091
O02092,C0933,2025-10-17 18:07:00,Delivered,Flipkart,PAY02092
O02093,C0097,2025-11-10 00:27:00,Delivered,Myntra,PAY02093
O02094,C0298,2025-01-01 01:16:00,Delivered,Flipkart,PAY02094
O02095,C0137,2025-10-18 16:42:00,Returned,Myntra,PAY02095
O02096,C0607,2025-06-08 02:45:00,Delivered,Amazon,PAY02096
O02097,C0349,2025-07-21 13:37:00,Delivered,Flipkart,PAY02097
O02098,C0403,2025-08-13 01:30:00,Delivered,Amazon,PAY02098
O02099,C0617,2026-01-31 13:25:00,Delivered,Flipkart,PAY02099
O02100,C0189,2025-11-06 19:19:00,Delivered,Myntra,PAY02100
O02101,C0839,2026-03-23 21:56:00,Delivered,Myntra,PAY02101
O02102,C0307,2025-05-23 21:49:00,Delivered,Flipkart,PAY02102
O02103,C0076,2025-05-19 13:35:00,Delivered,Flipkart,PAY02103
O02104,C0462,2025-11-09 02:19:00,Shipped,Myntra,PAY02104
O02105,C0608,2026-04-18 17:11:00,Delivered,Flipkart,PAY02105
O02106,C0151,2025-04-09 04:33:00,Delivered,Myntra,PAY02106
O02107,C0729,2025-11-17 16:59:00,Cancelled,Myntra,PAY02107
O02108,C0822,2026-01-02 14:22:00,Delivered,Flipkart,PAY02108
O02109,C0132,2026-03-07 13:29:00,Delivered,Myntra,PAY02109
O02110,C0969,2025-01-28 13:05:00,Returned,Amazon,PAY02110
O02111,C0067,2026-09-22 09:50:00,Delivered,Myntra,PAY02111
O02112,C0096,2026-06-09 11:08:00,Shipped,Myntra,PAY02112
O02113,C0088,2026-08-03 09:03:00,Returned,Flipkart,PAY02113
O02114,C0799,2025-05-09 12:42:00,Delivered,Flipkart,PAY02114
O02115,C0422,2026-06-15 14:53:00,Delivered,Amazon,PAY02115
O02116,C0073,2025-02-26 08:53:00,Cancelled,Amazon,PAY02116
O02117,C0219,2025-12-08 19:06:00,Returned,Flipkart,PAY02117
O02118,C0385,2026-08-03 15:44:00,Delivered,Amazon,PAY02118
O02119,C0040,2025-05-05 23:37:00,Cancelled,Myntra,PAY02119
O02120,C0777,2025-02-24 22:13:00,Shipped,Amazon,PAY02120
O02121,C0627,2026-07-30 23:31:00,Delivered,Amazon,PAY02121
O02122,C0280,2025-06-08 09:40:00,Delivered,Myntra,PAY02122
O02123,C0938,2025-01-07 15:39:00,Cancelled,Amazon,PAY02123
O02124,C0199,2025-04-28 02:00:00,Delivered,Myntra,PAY02124
O02125,C0970,2025-05-04 16:06:00,Delivered,Amazon,PAY02125
O02126,C0435,2025-04-17 15:01:00,Returned,Myntra,PAY02126
O02127,C0403,2026-03-31 12:03:00,Delivered,Flipkart,PAY02127
O02128,C0079,2026-02-19 15:11:00,Returned,Amazon,PAY02128
O02129,C0776,2026-07-14 08:52:00,Shipped,Myntra,PAY02129
O02130,C0207,2026-03-26 21:39:00,Delivered,Flipkart,PAY02130
O02131,C0078,2025-05-30 20:01:00,Delivered,Amazon,PAY02131
O02132,C0006,2025-09-04 05:32:00,Cancelled,Myntra,PAY02132
O02133,C0332,2026-07-14 06:30:00,Delivered,Flipkart,PAY02133
O02134,C0302,2025-10-24 21:06:00,Shipped,Flipkart,PAY02134
O02135,C0484,2026-01-12 21:17:00,Delivered,Flipkart,PAY02135
O02136,C0792,2025-04-20 14:26:00,Returned,Flipkart,PAY02136
O02137,C0038,2025-06-01 00:18:00,Delivered,Amazon,PAY02137
O02138,C0495,2026-08-01 12:00:00,Shipped,Flipkart,PAY02138
O02139,C0090,2025-02-04 20:41:00,Cancelled,Myntra,PAY02139
O02140,C0731,2026-04-01 01:58:00,Delivered,Amazon,PAY02140
O02141,C0657,2026-04-25 23:29:00,Delivered,Amazon,PAY02141
O02142,C0314,2025-06-12 11:32:00,Returned,Myntra,PAY02142
O02143,C0475,2025-08-04 11:57:00,Cancelled,Myntra,PAY02143
O02144,C0150,2026-02-04 16:04:00,Delivered,Myntra,PAY02144
O02145,C0248,2025-06-05 11:41:00,Cancelled,Myntra,PAY02145
O02146,C0662,2025-12-14 14:45:00,Returned,Amazon,PAY02146
O02147,C0237,2025-10-13 21:19:00,Delivered,Amazon,PAY02147
O02148,C0170,2026-05-11 12:30:00,Shipped,Myntra,PAY02148
O02149,C0270,2025-07-04 18:45:00,Shipped,Myntra,PAY02149
O02150,C0674,2026-06-23 08:08:00,Cancelled,Flipkart,PAY02150
O02151,C0160,2026-08-26 18:22:00,Shipped,Myntra,PAY02151
O02152,C0083,2026-02-18 02:02:00,Delivered,Myntra,PAY02152
O02153,C0477,2025-06-12 07:06:00,Cancelled,Amazon,PAY02153
O02154,C0670,2026-05-27 21:30:00,Delivered,Amazon,PAY02154
O02155,C0048,2025-08-31 03:57:00,Delivered,Myntra,PAY02155
O02156,C0114,2026-01-29 13:59:00,Delivered,Amazon,PAY02156
O02157,C0068,2026-09-19 08:07:00,Delivered,Myntra,PAY02157
O02158,C0166,2025-03-16 14:48:00,Delivered,Myntra,PAY02158
O02159,C0228,2025-01-31 05:20:00,Delivered,Myntra,PAY02159
O02160,C0523,2026-04-06 12:08:00,Cancelled,Myntra,PAY02160
O02161,C0419,2026-07-24 06:12:00,Delivered,Flipkart,PAY02161
O02162,C0390,2026-03-25 21:18:00,Delivered,Amazon,PAY02162
O02163,C0168,2025-06-15 13:52:00,Shipped,Amazon,PAY02163
O02164,C0699,2025-03-30 18:01:00,Cancelled,Myntra,PAY02164
O02165,C0248,2025-04-09 06:02:00,Returned,Amazon,PAY02165
O02166,C0961,2025-01-06 11:49:00,Delivered,Myntra,PAY02166
O02167,C0403,2026-07-14 02:21:00,Delivered,Myntra,PAY02167
O02168,C0060,2026-06-25 15:12:00,Returned,Amazon,PAY02168
O02169,C0443,2026-08-08 15:32:00,Delivered,Flipkart,PAY02169
O02170,C0155,2026-09-26 17:54:00,Delivered,Amazon,PAY02170
O02171,C0453,2026-03-26 13:40:00,Delivered,Amazon,PAY02171
O02172,C0034,2026-08-06 02:08:00,Returned,Myntra,PAY02172
O02173,C0084,2025-11-02 03:07:00,Delivered,Amazon,PAY02173
O02174,C0726,2025-02-22 19:34:00,Delivered,Amazon,PAY02174
O02175,C0108,2025-08-18 09:59:00,Returned,Flipkart,PAY02175
O02176,C0691,2026-02-04 22:22:00,Delivered,Amazon,PAY02176
O02177,C0133,2025-10-22 02:34:00,Shipped,Amazon,PAY02177
O02178,C0411,2026-06-15 19:32:00,Delivered,Flipkart,PAY02178
O02179,C0460,2026-09-26 01:34:00,Cancelled,Amazon,PAY02179
O02180,C0288,2026-08-20 15:59:00,Delivered,Myntra,PAY02180
O02181,C0146,2025-01-31 01:21:00,Delivered,Flipkart,PAY02181
O02182,C0102,2025-07-25 10:56:00,Returned,Amazon,PAY02182
O02183,C0016,2025-05-23 06:35:00,Returned,Myntra,PAY02183
O02184,C0145,2025-12-04 21:58:00,Delivered,Amazon,PAY02184
O02185,C0421,2026-05-21 02:51:00,Shipped,Myntra,PAY02185
O02186,C0883,2025-02-06 11:04:00,Delivered,Myntra,PAY02186
O02187,C0756,2026-09-20 02:56:00,Shipped,Flipkart,PAY02187
O02188,C0556,2025-05-13 08:46:00,Delivered,Amazon,PAY02188
O02189,C0599,2025-02-06 15:32:00,Delivered,Myntra,PAY02189
O02190,C0432,2025-12-25 13:30:00,Delivered,Amazon,PAY02190
O02191,C0124,2025-01-22 01:01:00,Returned,Amazon,PAY02191
O02192,C0824,2026-07-02 19:55:00,Delivered,Myntra,PAY02192
O02193,C0438,2025-01-19 17:30:00,Delivered,Flipkart,PAY02193
O02194,C0333,2026-01-22 22:08:00,Delivered,Myntra,PAY02194
O02195,C0053,2026-03-14 17:08:00,Delivered,Flipkart,PAY02195
O02196,C0225,2025-05-01 19:57:00,Delivered,Flipkart,PAY02196
O02197,C0238,2025-07-18 10:27:00,Delivered,Amazon,PAY02197
O02198,C0743,2025-08-26 02:37:00,Delivered,Amazon,PAY02198
O02199,C0320,2026-02-27 23:48:00,Returned,Myntra,PAY02199
O02200,C0181,2026-08-05 01:51:00,Delivered,Myntra,PAY02200
O02201,C0956,2025-09-13 01:04:00,Delivered,Amazon,PAY02201
O02202,C0053,2026-03-26 05:18:00,Delivered,Flipkart,PAY02202
O02203,C0202,2025-12-25 19:41:00,Delivered,Flipkart,PAY02203
O02204,C0020,2025-05-13 19:25:00,Delivered,Myntra,PAY02204
O02205,C0506,2025-05-06 21:04:00,Delivered,Flipkart,PAY02205
O02206,C0845,2026-07-11 06:31:00,Cancelled,Myntra,PAY02206
O02207,C0134,2026-01-01 07:28:00,Cancelled,Flipkart,PAY02207
O02208,C0731,2026-01-11 17:18:00,Returned,Myntra,PAY02208
O02209,C0139,2025-09-08 16:57:00,Delivered,Flipkart,PAY02209
O02210,C0831,2026-07-09 16:06:00,Delivered,Flipkart,PAY02210
O02211,C0533,2026-02-25 22:39:00,Delivered,Flipkart,PAY02211
O02212,C0630,2025-03-22 06:58:00,Delivered,Myntra,PAY02212
O02213,C0009,2025-08-25 09:47:00,Shipped,Amazon,PAY02213
O02214,C0930,2025-05-06 11:46:00,Returned,Amazon,PAY02214
O02215,C0491,2025-02-06 07:44:00,Delivered,Myntra,PAY02215
O02216,C0145,2026-04-10 03:01:00,Delivered,Amazon,PAY02216
O02217,C0676,2025-10-04 08:37:00,Delivered,Flipkart,PAY02217
O02218,C0134,2025-03-28 01:17:00,Returned,Myntra,PAY02218
O02219,C0759,2026-01-29 15:01:00,Returned,Flipkart,PAY02219
O02220,C0054,2026-01-29 14:02:00,Delivered,Amazon,PAY02220
O02221,C0469,2026-01-24 05:42:00,Delivered,Myntra,PAY02221
O02222,C0314,2025-02-23 21:19:00,Delivered,Myntra,PAY02222
O02223,C0046,2025-12-23 00:58:00,Shipped,Flipkart,PAY02223
O02224,C0115,2025-09-26 18:13:00,Returned,Amazon,PAY02224
O02225,C0006,2025-12-16 23:53:00,Shipped,Flipkart,PAY02225
O02226,C0246,2026-03-14 23:59:00,Cancelled,Amazon,PAY02226
O02227,C0144,2025-04-22 17:24:00,Cancelled,Myntra,PAY02227
O02228,C0369,2025-10-22 17:29:00,Delivered,Myntra,PAY02228
O02229,C0142,2026-08-05 16:16:00,Delivered,Flipkart,PAY02229
O02230,C0143,2026-04-24 23:59:00,Delivered,Amazon,PAY02230
O02231,C0513,2025-01-16 08:51:00,Cancelled,Flipkart,PAY02231
O02232,C0023,2025-03-29 07:49:00,Shipped,Flipkart,PAY02232
O02233,C0816,2025-12-12 18:25:00,Delivered,Myntra,PAY02233
O02234,C0720,2025-10-08 11:17:00,Cancelled,Flipkart,PAY02234
O02235,C0435,2026-09-15 00:07:00,Delivered,Myntra,PAY02235
O02236,C0364,2025-11-25 08:54:00,Delivered,Flipkart,PAY02236
O02237,C0796,2026-04-19 00:28:00,Delivered,Flipkart,PAY02237
O02238,C0089,2025-02-07 11:30:00,Cancelled,Myntra,PAY02238
O02239,C0038,2025-08-12 13:03:00,Shipped,Amazon,PAY02239
O02240,C0114,2025-10-11 19:35:00,Delivered,Amazon,PAY02240
O02241,C0610,2026-03-28 05:16:00,Returned,Flipkart,PAY02241
O02242,C0017,2025-09-23 15:08:00,Delivered,Myntra,PAY02242
O02243,C0354,2025-06-28 04:55:00,Shipped,Myntra,PAY02243
O02244,C0992,2025-02-20 07:07:00,Cancelled,Amazon,PAY02244
O02245,C0726,2025-07-08 21:32:00,Returned,Flipkart,PAY02245
O02246,C0296,2026-08-17 10:02:00,Shipped,Myntra,PAY02246
O02247,C0031,2025-08-22 01:45:00,Delivered,Flipkart,PAY02247
O02248,C0680,2025-01-17 21:54:00,Returned,Flipkart,PAY02248
O02249,C0370,2026-07-08 22:02:00,Shipped,Amazon,PAY02249
O02250,C0055,2025-12-25 03:04:00,Shipped,Flipkart,PAY02250
O02251,C0045,2025-04-26 16:04:00,Delivered,Amazon,PAY02251
O02252,C0829,2025-11-30 18:23:00,Returned,Myntra,PAY02252
O02253,C0436,2026-03-02 02:41:00,Delivered,Flipkart,PAY02253
O02254,C0676,2025-05-27 00:20:00,Shipped,Flipkart,PAY02254
O02255,C0771,2025-12-10 13:57:00,Cancelled,Flipkart,PAY02255
O02256,C0344,2026-04-27 09:39:00,Delivered,Amazon,PAY02256
O02257,C0292,2026-01-13 01:18:00,Delivered,Myntra,PAY02257
O02258,C0209,2025-01-27 03:38:00,Delivered,Flipkart,PAY02258
O02259,C0151,2026-06-08 22:49:00,Cancelled,Myntra,PAY02259
O02260,C0213,2026-08-19 22:22:00,Delivered,Flipkart,PAY02260
O02261,C0571,2026-08-20 01:42:00,Cancelled,Amazon,PAY02261
O02262,C0372,2026-01-26 20:05:00,Delivered,Amazon,PAY02262
O02263,C0796,2026-08-02 16:36:00,Cancelled,Myntra,PAY02263
O02264,C0222,2026-03-05 17:46:00,Delivered,Myntra,PAY02264
O02265,C0377,2025-02-22 19:30:00,Cancelled,Myntra,PAY02265
O02266,C0400,2026-06-17 14:20:00,Delivered,Amazon,PAY02266
O02267,C0363,2026-08-13 09:58:00,Delivered,Flipkart,PAY02267
O02268,C0468,2025-09-06 11:14:00,Delivered,Flipkart,PAY02268
O02269,C0113,2025-04-29 22:15:00,Delivered,Myntra,PAY02269
O02270,C0287,2026-02-24 11:05:00,Delivered,Myntra,PAY02270
O02271,C0050,2026-06-02 02:58:00,Delivered,Myntra,PAY02271
O02272,C0183,2026-05-11 19:14:00,Delivered,Flipkart,PAY02272
O02273,C0264,2025-08-24 18:52:00,Returned,Amazon,PAY02273
O02274,C0420,2026-07-05 07:49:00,Delivered,Myntra,PAY02274
O02275,C0907,2026-08-22 21:08:00,Shipped,Flipkart,PAY02275
O02276,C0371,2025-10-21 10:20:00,Delivered,Amazon,PAY02276
O02277,C0513,2026-02-23 13:32:00,Delivered,Myntra,PAY02277
O02278,C0281,2026-05-22 20:56:00,Returned,Amazon,PAY02278
O02279,C0403,2025-07-04 14:00:00,Delivered,Amazon,PAY02279
O02280,C0034,2026-03-05 08:48:00,Shipped,Myntra,PAY02280
O02281,C0121,2026-04-27 23:06:00,Delivered,Amazon,PAY02281
O02282,C0172,2026-03-18 00:44:00,Delivered,Amazon,PAY02282
O02283,C0249,2025-05-16 16:55:00,Shipped,Flipkart,PAY02283
O02284,C0022,2026-03-09 11:08:00,Delivered,Myntra,PAY02284
O02285,C0067,2026-07-25 07:45:00,Delivered,Amazon,PAY02285
O02286,C0132,2025-12-11 10:37:00,Shipped,Myntra,PAY02286
O02287,C0946,2025-04-21 23:02:00,Delivered,Myntra,PAY02287
O02288,C0158,2025-12-30 14:58:00,Delivered,Myntra,PAY02288
O02289,C0258,2026-04-06 23:53:00,Delivered,Flipkart,PAY02289
O02290,C0094,2026-05-04 22:08:00,Cancelled,Amazon,PAY02290
O02291,C0381,2026-08-27 16:05:00,Delivered,Amazon,PAY02291
O02292,C0134,2026-08-31 18:23:00,Cancelled,Myntra,PAY02292
O02293,C0099,2026-04-10 12:20:00,Delivered,Amazon,PAY02293
O02294,C0291,2026-06-05 23:37:00,Delivered,Amazon,PAY02294
O02295,C0003,2025-08-26 09:31:00,Delivered,Amazon,PAY02295
O02296,C0004,2026-08-01 16:57:00,Shipped,Myntra,PAY02296
O02297,C0105,2026-06-05 13:18:00,Delivered,Flipkart,PAY02297
O02298,C0018,2025-11-23 05:09:00,Delivered,Myntra,PAY02298
O02299,C0052,2025-08-04 13:33:00,Delivered,Myntra,PAY02299
O02300,C0161,2026-09-23 10:06:00,Delivered,Flipkart,PAY02300
O02301,C0625,2025-06-19 03:18:00,Delivered,Flipkart,PAY02301
O02302,C0344,2026-03-26 07:56:00,Delivered,Flipkart,PAY02302
O02303,C0288,2025-09-23 19:48:00,Delivered,Amazon,PAY02303
O02304,C0140,2025-10-13 04:06:00,Delivered,Myntra,PAY02304
O02305,C0871,2026-06-05 05:01:00,Shipped,Amazon,PAY02305
O02306,C0189,2026-07-07 17:51:00,Delivered,Amazon,PAY02306
O02307,C0042,2026-05-16 00:23:00,Delivered,Flipkart,PAY02307
O02308,C0387,2026-08-08 13:46:00,Delivered,Myntra,PAY02308
O02309,C0055,2025-05-10 14:18:00,Delivered,Myntra,PAY02309
O02310,C0164,2025-05-03 14:56:00,Delivered,Flipkart,PAY02310
O02311,C0283,2025-09-27 02:55:00,Delivered,Flipkart,PAY02311
O02312,C0762,2025-04-30 11:51:00,Delivered,Myntra,PAY02312
O02313,C0269,2025-08-16 23:04:00,Delivered,Amazon,PAY02313
O02314,C0468,2026-06-04 10:17:00,Delivered,Myntra,PAY02314
O02315,C0987,2026-06-10 21:49:00,Delivered,Myntra,PAY02315
O02316,C0063,2025-11-19 01:27:00,Delivered,Myntra,PAY02316
O02317,C0131,2026-06-18 10:12:00,Returned,Myntra,PAY02317
O02318,C0188,2025-02-06 20:40:00,Delivered,Amazon,PAY02318
O02319,C0201,2025-05-21 18:24:00,Returned,Amazon,PAY02319
O02320,C0196,2025-07-20 08:30:00,Delivered,Flipkart,PAY02320
O02321,C0825,2025-07-11 23:31:00,Delivered,Amazon,PAY02321
O02322,C0479,2025-07-23 20:56:00,Delivered,Myntra,PAY02322
O02323,C0378,2025-08-08 00:27:00,Delivered,Flipkart,PAY02323
O02324,C0147,2026-07-26 19:13:00,Cancelled,Amazon,PAY02324
O02325,C0666,2025-02-09 13:44:00,Delivered,Myntra,PAY02325
O02326,C0915,2026-01-25 20:37:00,Delivered,Myntra,PAY02326
O02327,C0661,2025-12-24 15:33:00,Cancelled,Amazon,PAY02327
O02328,C0001,2025-11-04 07:56:00,Delivered,Myntra,PAY02328
O02329,C0405,2026-05-12 15:50:00,Cancelled,Flipkart,PAY02329
O02330,C0025,2026-09-05 11:34:00,Delivered,Flipkart,PAY02330
O02331,C0123,2025-04-09 07:07:00,Returned,Flipkart,PAY02331
O02332,C0029,2026-03-06 14:20:00,Delivered,Myntra,PAY02332
O02333,C0374,2026-03-12 03:11:00,Delivered,Flipkart,PAY02333
O02334,C0453,2025-04-27 11:44:00,Delivered,Myntra,PAY02334
O02335,C0055,2025-05-12 15:53:00,Returned,Flipkart,PAY02335
O02336,C0183,2026-09-08 13:43:00,Delivered,Amazon,PAY02336
O02337,C0234,2025-10-25 08:32:00,Delivered,Flipkart,PAY02337
O02338,C0176,2025-03-04 17:49:00,Delivered,Flipkart,PAY02338
O02339,C0058,2025-11-22 13:25:00,Returned,Flipkart,PAY02339
O02340,C0200,2026-03-12 12:16:00,Delivered,Flipkart,PAY02340
O02341,C0528,2026-05-13 23:14:00,Delivered,Myntra,PAY02341
O02342,C0034,2025-02-16 09:28:00,Delivered,Amazon,PAY02342
O02343,C0039,2026-08-10 05:34:00,Delivered,Myntra,PAY02343
O02344,C0169,2025-04-23 19:39:00,Delivered,Amazon,PAY02344
O02345,C0890,2026-09-12 17:01:00,Cancelled,Amazon,PAY02345
O02346,C0436,2026-01-24 02:49:00,Cancelled,Flipkart,PAY02346
O02347,C0445,2025-12-28 17:04:00,Cancelled,Amazon,PAY02347
O02348,C0172,2026-06-16 06:23:00,Shipped,Amazon,PAY02348
O02349,C0364,2025-06-10 17:25:00,Returned,Myntra,PAY02349
O02350,C0005,2025-08-23 09:51:00,Delivered,Flipkart,PAY02350
O02351,C0405,2025-12-06 13:13:00,Shipped,Myntra,PAY02351
O02352,C0836,2025-09-12 00:02:00,Returned,Amazon,PAY02352
O02353,C0382,2026-06-24 03:32:00,Delivered,Flipkart,PAY02353
O02354,C0761,2025-02-13 05:18:00,Delivered,Amazon,PAY02354
O02355,C0488,2025-08-24 20:49:00,Cancelled,Amazon,PAY02355
O02356,C0058,2025-02-04 08:47:00,Delivered,Flipkart,PAY02356
O02357,C0815,2026-02-15 04:52:00,Cancelled,Flipkart,PAY02357
O02358,C0032,2025-03-28 02:04:00,Shipped,Myntra,PAY02358
O02359,C0308,2026-03-02 00:00:00,Cancelled,Myntra,PAY02359
O02360,C0068,2026-09-12 04:06:00,Cancelled,Myntra,PAY02360
O02361,C0006,2026-02-05 06:53:00,Shipped,Flipkart,PAY02361
O02362,C0201,2025-11-28 13:32:00,Cancelled,Amazon,PAY02362
O02363,C0141,2025-11-06 08:29:00,Delivered,Amazon,PAY02363
O02364,C0262,2025-09-28 20:36:00,Delivered,Flipkart,PAY02364
O02365,C0349,2025-10-26 13:05:00,Delivered,Flipkart,PAY02365
O02366,C0021,2026-07-29 08:30:00,Delivered,Myntra,PAY02366
O02367,C0059,2026-07-01 16:15:00,Delivered,Amazon,PAY02367
O02368,C0331,2026-05-24 23:25:00,Delivered,Myntra,PAY02368
O02369,C0164,2025-04-21 14:14:00,Shipped,Amazon,PAY02369
O02370,C0493,2026-02-11 07:28:00,Delivered,Flipkart,PAY02370
O02371,C0420,2026-07-31 03:41:00,Delivered,Flipkart,PAY02371
O02372,C0707,2025-05-28 20:05:00,Delivered,Myntra,PAY02372
O02373,C0458,2025-06-23 06:55:00,Delivered,Myntra,PAY02373
O02374,C0209,2025-09-13 02:09:00,Delivered,Myntra,PAY02374
O02375,C0440,2026-04-30 16:46:00,Returned,Myntra,PAY02375
O02376,C0131,2025-08-27 01:49:00,Delivered,Flipkart,PAY02376
O02377,C0146,2026-02-26 09:47:00,Delivered,Amazon,PAY02377
O02378,C0600,2025-02-07 10:44:00,Shipped,Myntra,PAY02378
O02379,C0225,2026-02-21 00:17:00,Cancelled,Amazon,PAY02379
O02380,C0617,2026-07-30 15:34:00,Delivered,Flipkart,PAY02380
O02381,C0663,2025-08-30 10:29:00,Cancelled,Flipkart,PAY02381
O02382,C0730,2026-06-11 17:54:00,Cancelled,Myntra,PAY02382
O02383,C0842,2025-03-25 03:27:00,Cancelled,Amazon,PAY02383
O02384,C0210,2026-01-20 04:48:00,Delivered,Amazon,PAY02384
O02385,C0152,2026-06-17 23:07:00,Delivered,Amazon,PAY02385
O02386,C0354,2026-03-25 03:02:00,Delivered,Flipkart,PAY02386
O02387,C0177,2025-06-24 20:51:00,Shipped,Flipkart,PAY02387
O02388,C0372,2025-05-24 23:55:00,Shipped,Flipkart,PAY02388
O02389,C0471,2026-02-13 00:18:00,Delivered,Flipkart,PAY02389
O02390,C0454,2025-10-29 23:59:00,Cancelled,Flipkart,PAY02390
O02391,C0178,2026-06-20 10:39:00,Delivered,Myntra,PAY02391
O02392,C0080,2025-06-19 04:18:00,Shipped,Myntra,PAY02392
O02393,C0210,2025-07-29 19:45:00,Delivered,Myntra,PAY02393
O02394,C0068,2026-09-12 08:30:00,Delivered,Amazon,PAY02394
O02395,C0792,2025-12-05 23:46:00,Returned,Amazon,PAY02395
O02396,C0165,2025-06-18 16:45:00,Returned,Flipkart,PAY02396
O02397,C0074,2025-01-11 10:26:00,Delivered,Amazon,PAY02397
O02398,C0013,2026-04-27 02:00:00,Delivered,Myntra,PAY02398
O02399,C0414,2025-07-12 06:44:00,Delivered,Myntra,PAY02399
O02400,C0406,2026-04-15 10:06:00,Delivered,Myntra,PAY02400
O02401,C0162,2026-04-25 19:10:00,Delivered,Flipkart,PAY02401
O02402,C0035,2026-07-27 07:22:00,Cancelled,Amazon,PAY02402
O02403,C0195,2025-07-17 08:18:00,Returned,Flipkart,PAY02403
O02404,C0148,2026-08-22 23:19:00,Delivered,Myntra,PAY02404
O02405,C0444,2026-02-17 08:35:00,Shipped,Myntra,PAY02405
O02406,C0376,2025-07-27 02:37:00,Delivered,Amazon,PAY02406
O02407,C0174,2025-08-10 08:11:00,Delivered,Myntra,PAY02407
O02408,C0104,2025-04-15 04:51:00,Shipped,Myntra,PAY02408
O02409,C0978,2026-01-28 10:36:00,Returned,Myntra,PAY02409
O02410,C0232,2026-09-12 08:51:00,Cancelled,Myntra,PAY02410
O02411,C0454,2026-04-30 06:10:00,Delivered,Amazon,PAY02411
O02412,C0067,2025-08-10 02:59:00,Returned,Myntra,PAY02412
O02413,C0262,2025-05-31 04:10:00,Delivered,Amazon,PAY02413
O02414,C0014,2025-11-28 02:57:00,Delivered,Amazon,PAY02414
O02415,C0281,2026-06-08 14:27:00,Cancelled,Flipkart,PAY02415
O02416,C0932,2025-12-01 09:32:00,Returned,Amazon,PAY02416
O02417,C0183,2025-09-04 17:25:00,Delivered,Flipkart,PAY02417
O02418,C0019,2026-05-01 11:19:00,Returned,Myntra,PAY02418
O02419,C0015,2025-11-21 16:05:00,Shipped,Amazon,PAY02419
O02420,C0185,2025-06-20 20:53:00,Delivered,Myntra,PAY02420
O02421,C0077,2025-05-27 13:35:00,Delivered,Flipkart,PAY02421
O02422,C0012,2025-09-14 21:07:00,Shipped,Flipkart,PAY02422
O02423,C0537,2025-12-23 05:01:00,Returned,Flipkart,PAY02423
O02424,C0236,2026-04-23 21:22:00,Cancelled,Flipkart,PAY02424
O02425,C0138,2025-08-07 19:35:00,Delivered,Flipkart,PAY02425
O02426,C0811,2026-01-19 05:59:00,Cancelled,Amazon,PAY02426
O02427,C0056,2025-07-20 14:23:00,Shipped,Amazon,PAY02427
O02428,C0917,2025-01-06 18:19:00,Delivered,Amazon,PAY02428
O02429,C0150,2026-01-13 08:32:00,Delivered,Myntra,PAY02429
O02430,C0788,2025-10-07 01:41:00,Delivered,Myntra,PAY02430
O02431,C0373,2026-05-06 12:02:00,Cancelled,Myntra,PAY02431
O02432,C0671,2025-09-17 08:40:00,Delivered,Myntra,PAY02432
O02433,C0970,2025-02-01 22:59:00,Delivered,Myntra,PAY02433
O02434,C0137,2026-04-11 15:11:00,Delivered,Myntra,PAY02434
O02435,C0927,2026-07-13 03:02:00,Delivered,Amazon,PAY02435
O02436,C0186,2026-09-20 22:09:00,Cancelled,Myntra,PAY02436
O02437,C0184,2025-07-01 04:05:00,Delivered,Amazon,PAY02437
O02438,C0162,2025-02-27 14:40:00,Cancelled,Amazon,PAY02438
O02439,C0315,2025-11-18 03:54:00,Shipped,Flipkart,PAY02439
O02440,C0074,2025-07-18 20:39:00,Cancelled,Amazon,PAY02440
O02441,C0327,2025-12-07 21:54:00,Delivered,Myntra,PAY02441
O02442,C0315,2025-06-23 18:46:00,Delivered,Myntra,PAY02442
O02443,C0548,2025-01-15 21:25:00,Delivered,Myntra,PAY02443
O02444,C0684,2025-03-04 02:12:00,Returned,Myntra,PAY02444
O02445,C0219,2025-06-01 23:17:00,Delivered,Amazon,PAY02445
O02446,C0144,2026-03-31 01:17:00,Shipped,Amazon,PAY02446
O02447,C0124,2026-06-02 13:11:00,Cancelled,Myntra,PAY02447
O02448,C0093,2025-01-04 09:17:00,Shipped,Flipkart,PAY02448
O02449,C0028,2025-05-01 10:29:00,Shipped,Myntra,PAY02449
O02450,C0163,2025-03-30 18:59:00,Delivered,Amazon,PAY02450
O02451,C0129,2025-04-30 02:11:00,Cancelled,Amazon,PAY02451
O02452,C0937,2025-07-10 10:37:00,Cancelled,Amazon,PAY02452
O02453,C0330,2025-06-23 00:13:00,Cancelled,Flipkart,PAY02453
O02454,C0165,2026-04-17 02:56:00,Cancelled,Amazon,PAY02454
O02455,C0352,2025-11-12 21:41:00,Returned,Amazon,PAY02455
O02456,C0067,2025-05-16 09:03:00,Delivered,Myntra,PAY02456
O02457,C0222,2025-10-21 05:17:00,Delivered,Myntra,PAY02457
O02458,C0395,2025-11-20 13:14:00,Returned,Amazon,PAY02458
O02459,C0265,2025-10-07 06:11:00,Delivered,Flipkart,PAY02459
O02460,C0191,2026-03-27 08:05:00,Delivered,Flipkart,PAY02460
O02461,C0989,2026-08-16 11:22:00,Returned,Myntra,PAY02461
O02462,C0773,2026-06-20 14:53:00,Cancelled,Myntra,PAY02462
O02463,C0393,2025-06-24 01:53:00,Shipped,Flipkart,PAY02463
O02464,C0341,2025-06-09 17:36:00,Delivered,Myntra,PAY02464
O02465,C0390,2026-03-21 11:41:00,Returned,Myntra,PAY02465
O02466,C0096,2025-10-23 06:21:00,Cancelled,Myntra,PAY02466
O02467,C0188,2026-07-19 23:50:00,Delivered,Amazon,PAY02467
O02468,C0019,2026-06-10 06:16:00,Delivered,Flipkart,PAY02468
O02469,C0252,2025-09-25 01:59:00,Delivered,Myntra,PAY02469
O02470,C0316,2025-07-10 15:08:00,Delivered,Myntra,PAY02470
O02471,C0109,2025-11-27 11:36:00,Delivered,Myntra,PAY02471
O02472,C0932,2026-08-26 01:20:00,Cancelled,Amazon,PAY02472
O02473,C0828,2026-01-03 00:10:00,Delivered,Flipkart,PAY02473
O02474,C0487,2025-12-09 10:41:00,Delivered,Amazon,PAY02474
O02475,C0307,2026-01-02 09:10:00,Delivered,Myntra,PAY02475
O02476,C0753,2025-07-10 00:28:00,Returned,Myntra,PAY02476
O02477,C0063,2026-04-13 18:36:00,Cancelled,Flipkart,PAY02477
O02478,C0602,2026-02-13 15:53:00,Delivered,Flipkart,PAY02478
O02479,C0060,2026-01-18 19:21:00,Delivered,Myntra,PAY02479
O02480,C0610,2026-02-15 09:02:00,Delivered,Myntra,PAY02480
O02481,C0131,2025-04-21 13:27:00,Returned,Flipkart,PAY02481
O02482,C0767,2026-08-15 12:37:00,Delivered,Amazon,PAY02482
O02483,C0894,2026-06-09 05:59:00,Delivered,Myntra,PAY02483
O02484,C0071,2026-06-21 06:36:00,Returned,Amazon,PAY02484
O02485,C0240,2025-05-14 21:21:00,Returned,Amazon,PAY02485
O02486,C0964,2025-04-03 09:50:00,Returned,Amazon,PAY02486
O02487,C0260,2025-12-21 14:25:00,Delivered,Flipkart,PAY02487
O02488,C0741,2025-01-01 21:09:00,Delivered,Amazon,PAY02488
O02489,C0360,2025-11-05 09:05:00,Delivered,Amazon,PAY02489
O02490,C0179,2025-07-28 13:05:00,Cancelled,Amazon,PAY02490
O02491,C0136,2025-06-07 21:35:00,Returned,Flipkart,PAY02491
O02492,C0097,2025-01-06 15:10:00,Delivered,Amazon,PAY02492
O02493,C0548,2026-04-28 17:43:00,Delivered,Myntra,PAY02493
O02494,C0184,2025-08-06 15:42:00,Delivered,Flipkart,PAY02494
O02495,C0286,2025-09-06 03:24:00,Delivered,Flipkart,PAY02495
O02496,C0268,2025-05-17 12:49:00,Delivered,Flipkart,PAY02496
O02497,C0349,2026-03-11 19:25:00,Shipped,Amazon,PAY02497
O02498,C0745,2025-12-22 15:42:00,Cancelled,Myntra,PAY02498
O02499,C0964,2025-01-28 07:56:00,Shipped,Amazon,PAY02499
O02500,C0194,2025-08-29 11:23:00,Delivered,Myntra,PAY02500
O02501,C0673,2025-01-02 19:38:00,Returned,Flipkart,PAY02501
O02502,C0553,2025-03-21 20:14:00,Delivered,Flipkart,PAY02502
O02503,C0345,2025-07-12 01:13:00,Delivered,Flipkart,PAY02503
O02504,C0917,2025-04-06 10:24:00,Cancelled,Amazon,PAY02504
O02505,C0096,2026-03-12 04:18:00,Delivered,Flipkart,PAY02505
O02506,C0052,2026-05-08 01:16:00,Delivered,Amazon,PAY02506
O02507,C0723,2025-06-17 12:43:00,Shipped,Amazon,PAY02507
O02508,C0218,2026-04-22 02:22:00,Cancelled,Myntra,PAY02508
O02509,C0710,2025-04-14 20:55:00,Delivered,Amazon,PAY02509
O02510,C0797,2025-06-14 10:08:00,Shipped,Myntra,PAY02510
O02511,C0030,2026-01-29 21:29:00,Delivered,Flipkart,PAY02511
O02512,C0779,2026-02-16 13:49:00,Delivered,Flipkart,PAY02512
O02513,C0226,2026-03-12 08:47:00,Cancelled,Amazon,PAY02513
O02514,C0285,2026-09-11 14:32:00,Delivered,Flipkart,PAY02514
O02515,C0396,2025-12-10 17:23:00,Delivered,Amazon,PAY02515
O02516,C0861,2026-03-11 17:48:00,Delivered,Myntra,PAY02516
O02517,C0010,2025-03-23 04:00:00,Delivered,Myntra,PAY02517
O02518,C0254,2026-08-28 08:12:00,Shipped,Myntra,PAY02518
O02519,C0454,2026-04-11 13:03:00,Delivered,Flipkart,PAY02519
O02520,C0487,2025-02-10 03:55:00,Delivered,Flipkart,PAY02520
O02521,C0458,2026-01-11 01:56:00,Shipped,Myntra,PAY02521
O02522,C0064,2026-01-14 08:27:00,Delivered,Myntra,PAY02522
O02523,C0143,2025-10-31 00:34:00,Delivered,Amazon,PAY02523
O02524,C0171,2025-10-28 11:26:00,Delivered,Flipkart,PAY02524
O02525,C0629,2025-11-29 09:40:00,Delivered,Myntra,PAY02525
O02526,C0133,2025-04-25 11:46:00,Delivered,Myntra,PAY02526
O02527,C0101,2026-02-10 07:11:00,Delivered,Myntra,PAY02527
O02528,C0920,2025-04-07 04:46:00,Delivered,Myntra,PAY02528
O02529,C0005,2026-05-21 13:57:00,Delivered,Flipkart,PAY02529
O02530,C0996,2026-04-15 22:39:00,Delivered,Myntra,PAY02530
O02531,C0443,2026-06-21 18:29:00,Delivered,Amazon,PAY02531
O02532,C0675,2025-12-01 11:02:00,Delivered,Myntra,PAY02532
O02533,C0140,2025-04-14 12:32:00,Cancelled,Amazon,PAY02533
O02534,C0007,2025-12-12 20:47:00,Delivered,Flipkart,PAY02534
O02535,C0502,2026-02-15 00:11:00,Cancelled,Flipkart,PAY02535
O02536,C0685,2025-03-23 13:07:00,Returned,Amazon,PAY02536
O02537,C0507,2026-08-08 08:19:00,Shipped,Myntra,PAY02537
O02538,C0068,2026-07-07 07:44:00,Returned,Amazon,PAY02538
O02539,C0532,2026-01-19 18:30:00,Delivered,Flipkart,PAY02539
O02540,C0561,2025-10-09 23:44:00,Returned,Amazon,PAY02540
O02541,C0426,2025-10-11 16:42:00,Delivered,Myntra,PAY02541
O02542,C0556,2026-02-13 05:43:00,Delivered,Flipkart,PAY02542
O02543,C0708,2025-01-06 13:13:00,Delivered,Flipkart,PAY02543
O02544,C0383,2025-05-13 08:17:00,Delivered,Myntra,PAY02544
O02545,C0043,2025-11-22 03:14:00,Delivered,Amazon,PAY02545
O02546,C0264,2025-11-29 07:04:00,Shipped,Flipkart,PAY02546
O02547,C0037,2026-09-16 14:37:00,Delivered,Myntra,PAY02547
O02548,C0194,2026-09-02 10:34:00,Delivered,Flipkart,PAY02548
O02549,C0194,2026-07-26 00:21:00,Delivered,Flipkart,PAY02549
O02550,C0032,2025-12-21 14:09:00,Delivered,Myntra,PAY02550
O02551,C0166,2026-05-26 06:34:00,Cancelled,Amazon,PAY02551
O02552,C0053,2026-02-04 08:25:00,Delivered,Myntra,PAY02552
O02553,C0636,2026-08-09 02:40:00,Delivered,Myntra,PAY02553
O02554,C0901,2025-12-20 02:13:00,Cancelled,Myntra,PAY02554
O02555,C0035,2026-01-14 09:18:00,Returned,Flipkart,PAY02555
O02556,C0915,2026-04-08 21:29:00,Delivered,Amazon,PAY02556
O02557,C0297,2026-08-22 05:39:00,Delivered,Myntra,PAY02557
O02558,C0143,2026-03-18 13:48:00,Delivered,Flipkart,PAY02558
O02559,C0037,2026-07-24 23:31:00,Delivered,Flipkart,PAY02559
O02560,C0276,2026-07-05 04:24:00,Shipped,Amazon,PAY02560
O02561,C0610,2025-04-10 12:13:00,Delivered,Amazon,PAY02561
O02562,C0472,2026-08-08 09:11:00,Returned,Amazon,PAY02562
O02563,C0024,2026-02-15 17:26:00,Delivered,Amazon,PAY02563
O02564,C0035,2026-03-05 19:17:00,Delivered,Flipkart,PAY02564
O02565,C0192,2025-04-19 21:56:00,Cancelled,Myntra,PAY02565
O02566,C0141,2025-11-22 16:34:00,Shipped,Flipkart,PAY02566
O02567,C0111,2025-08-19 12:31:00,Returned,Flipkart,PAY02567
O02568,C0134,2025-10-21 14:10:00,Returned,Amazon,PAY02568
O02569,C0627,2026-02-14 09:00:00,Shipped,Flipkart,PAY02569
O02570,C0866,2026-04-21 20:11:00,Cancelled,Amazon,PAY02570
O02571,C0193,2026-01-28 18:41:00,Delivered,Flipkart,PAY02571
O02572,C0822,2026-02-25 06:40:00,Delivered,Myntra,PAY02572
O02573,C0153,2025-08-18 04:39:00,Shipped,Myntra,PAY02573
O02574,C0253,2025-03-24 19:36:00,Cancelled,Flipkart,PAY02574
O02575,C0108,2025-01-24 10:39:00,Delivered,Amazon,PAY02575
O02576,C0409,2026-08-06 20:30:00,Cancelled,Amazon,PAY02576
O02577,C0961,2026-01-15 00:47:00,Shipped,Myntra,PAY02577
O02578,C0374,2026-02-03 17:32:00,Returned,Amazon,PAY02578
O02579,C0170,2025-06-15 14:23:00,Cancelled,Amazon,PAY02579
O02580,C0416,2025-06-29 15:59:00,Cancelled,Amazon,PAY02580
O02581,C0059,2025-11-27 04:18:00,Delivered,Amazon,PAY02581
O02582,C0789,2025-07-31 18:29:00,Delivered,Amazon,PAY02582
O02583,C0278,2026-09-10 14:15:00,Returned,Amazon,PAY02583
O02584,C0227,2026-04-18 16:41:00,Delivered,Myntra,PAY02584
O02585,C0357,2025-12-06 05:15:00,Delivered,Myntra,PAY02585
O02586,C0394,2025-03-13 00:47:00,Delivered,Myntra,PAY02586
O02587,C0035,2026-02-21 16:30:00,Returned,Flipkart,PAY02587
O02588,C0449,2025-03-14 13:16:00,Cancelled,Myntra,PAY02588
O02589,C0115,2025-05-04 22:49:00,Shipped,Myntra,PAY02589
O02590,C0479,2026-07-01 22:01:00,Delivered,Flipkart,PAY02590
O02591,C0663,2025-03-03 09:51:00,Delivered,Myntra,PAY02591
O02592,C0628,2025-02-10 11:25:00,Cancelled,Myntra,PAY02592
O02593,C0325,2026-03-27 13:50:00,Delivered,Amazon,PAY02593
O02594,C0295,2025-05-30 08:48:00,Returned,Myntra,PAY02594
O02595,C0068,2025-04-25 23:10:00,Delivered,Flipkart,PAY02595
O02596,C0574,2025-12-14 04:58:00,Delivered,Flipkart,PAY02596
O02597,C0129,2025-08-04 08:06:00,Delivered,Myntra,PAY02597
O02598,C0272,2025-03-17 14:57:00,Cancelled,Flipkart,PAY02598
O02599,C0136,2025-09-08 08:21:00,Delivered,Myntra,PAY02599
O02600,C0064,2026-04-01 10:50:00,Delivered,Myntra,PAY02600
O02601,C0399,2025-09-22 18:17:00,Shipped,Amazon,PAY02601
O02602,C0026,2025-05-24 04:33:00,Delivered,Amazon,PAY02602
O02603,C0523,2025-08-15 11:36:00,Delivered,Myntra,PAY02603
O02604,C0151,2025-10-26 09:45:00,Delivered,Myntra,PAY02604
O02605,C0001,2025-11-09 15:45:00,Delivered,Myntra,PAY02605
O02606,C0286,2025-10-29 04:47:00,Returned,Myntra,PAY02606
O02607,C0023,2025-05-12 04:38:00,Delivered,Flipkart,PAY02607
O02608,C0132,2025-09-21 20:14:00,Delivered,Amazon,PAY02608
O02609,C0472,2026-08-21 09:09:00,Shipped,Amazon,PAY02609
O02610,C0030,2025-09-23 11:46:00,Shipped,Myntra,PAY02610
O02611,C0695,2026-06-14 12:30:00,Shipped,Amazon,PAY02611
O02612,C0002,2025-12-19 20:09:00,Shipped,Myntra,PAY02612
O02613,C0118,2025-11-18 16:23:00,Delivered,Flipkart,PAY02613
O02614,C0508,2025-06-23 16:30:00,Delivered,Flipkart,PAY02614
O02615,C0151,2026-01-24 00:42:00,Delivered,Flipkart,PAY02615
O02616,C0049,2025-08-19 09:13:00,Delivered,Amazon,PAY02616
O02617,C0172,2025-10-12 19:49:00,Cancelled,Amazon,PAY02617
O02618,C0129,2025-07-21 11:31:00,Delivered,Myntra,PAY02618
O02619,C0702,2025-01-13 23:54:00,Returned,Myntra,PAY02619
O02620,C0149,2025-08-22 23:12:00,Delivered,Myntra,PAY02620
O02621,C0599,2025-02-03 12:40:00,Delivered,Flipkart,PAY02621
O02622,C0795,2026-06-04 02:17:00,Shipped,Myntra,PAY02622
O02623,C0213,2026-07-05 02:51:00,Delivered,Flipkart,PAY02623
O02624,C0829,2026-08-04 16:15:00,Delivered,Flipkart,PAY02624
O02625,C0180,2025-07-07 22:59:00,Cancelled,Amazon,PAY02625
O02626,C0932,2025-08-22 22:45:00,Delivered,Amazon,PAY02626
O02627,C0043,2025-02-11 19:17:00,Shipped,Flipkart,PAY02627
O02628,C0453,2025-04-04 23:12:00,Cancelled,Amazon,PAY02628
O02629,C0270,2025-05-16 16:19:00,Delivered,Amazon,PAY02629
O02630,C0185,2025-08-22 07:37:00,Returned,Myntra,PAY02630
O02631,C0402,2026-05-04 14:06:00,Shipped,Amazon,PAY02631
O02632,C0469,2025-11-23 20:04:00,Delivered,Flipkart,PAY02632
O02633,C0003,2025-04-30 14:05:00,Delivered,Amazon,PAY02633
O02634,C0080,2025-04-13 17:37:00,Delivered,Myntra,PAY02634
O02635,C0478,2026-05-14 09:36:00,Delivered,Myntra,PAY02635
O02636,C0434,2026-03-17 03:46:00,Delivered,Myntra,PAY02636
O02637,C0936,2025-07-19 18:51:00,Cancelled,Myntra,PAY02637
O02638,C0546,2026-04-13 00:16:00,Returned,Flipkart,PAY02638
O02639,C0907,2026-09-08 08:31:00,Cancelled,Amazon,PAY02639
O02640,C0468,2025-12-03 16:30:00,Shipped,Flipkart,PAY02640
O02641,C0142,2025-11-03 08:55:00,Shipped,Amazon,PAY02641
O02642,C0051,2025-12-16 08:43:00,Shipped,Myntra,PAY02642
O02643,C0586,2025-11-13 20:28:00,Delivered,Amazon,PAY02643
O02644,C0412,2026-05-15 00:20:00,Shipped,Flipkart,PAY02644
O02645,C0023,2026-05-23 05:11:00,Delivered,Flipkart,PAY02645
O02646,C0172,2025-11-08 03:59:00,Returned,Flipkart,PAY02646
O02647,C0918,2025-12-17 20:43:00,Shipped,Amazon,PAY02647
O02648,C0276,2025-07-18 03:48:00,Delivered,Amazon,PAY02648
O02649,C0212,2025-11-11 16:19:00,Delivered,Myntra,PAY02649
O02650,C0235,2026-04-29 03:43:00,Delivered,Myntra,PAY02650
O02651,C0100,2025-08-04 18:43:00,Delivered,Flipkart,PAY02651
O02652,C0176,2025-06-10 06:49:00,Delivered,Amazon,PAY02652
O02653,C0176,2025-06-11 19:42:00,Delivered,Flipkart,PAY02653
O02654,C0025,2026-06-13 15:41:00,Shipped,Flipkart,PAY02654
O02655,C0559,2025-10-03 07:59:00,Delivered,Flipkart,PAY02655
O02656,C0198,2025-11-07 11:09:00,Delivered,Flipkart,PAY02656
O02657,C0663,2025-12-29 23:20:00,Delivered,Flipkart,PAY02657
O02658,C0716,2026-03-12 18:25:00,Returned,Flipkart,PAY02658
O02659,C0101,2025-01-06 12:03:00,Delivered,Flipkart,PAY02659
O02660,C0425,2025-05-24 14:49:00,Delivered,Amazon,PAY02660
O02661,C0249,2025-07-27 06:42:00,Cancelled,Flipkart,PAY02661
O02662,C0773,2025-10-29 11:01:00,Delivered,Flipkart,PAY02662
O02663,C0103,2026-01-27 10:35:00,Shipped,Myntra,PAY02663
O02664,C0444,2025-07-24 06:39:00,Shipped,Flipkart,PAY02664
O02665,C0378,2025-10-08 03:04:00,Delivered,Amazon,PAY02665
O02666,C0141,2025-11-30 23:30:00,Cancelled,Myntra,PAY02666
O02667,C0065,2026-04-27 01:49:00,Cancelled,Flipkart,PAY02667
O02668,C0420,2026-05-14 07:17:00,Shipped,Myntra,PAY02668
O02669,C0504,2026-01-20 01:06:00,Delivered,Myntra,PAY02669
O02670,C0150,2025-12-17 08:34:00,Delivered,Flipkart,PAY02670
O02671,C0413,2025-10-19 03:30:00,Delivered,Myntra,PAY02671
O02672,C0188,2025-03-17 10:49:00,Cancelled,Flipkart,PAY02672
O02673,C0478,2025-06-05 04:37:00,Delivered,Myntra,PAY02673
O02674,C0095,2025-07-24 17:05:00,Delivered,Amazon,PAY02674
O02675,C0792,2025-12-02 18:34:00,Returned,Myntra,PAY02675
O02676,C0137,2025-09-24 17:33:00,Returned,Flipkart,PAY02676
O02677,C0175,2025-01-23 04:49:00,Returned,Amazon,PAY02677
O02678,C0028,2025-11-18 11:57:00,Returned,Flipkart,PAY02678
O02679,C0053,2025-08-08 05:20:00,Delivered,Amazon,PAY02679
O02680,C0291,2026-04-17 11:21:00,Delivered,Myntra,PAY02680
O02681,C0128,2025-09-23 08:38:00,Cancelled,Amazon,PAY02681
O02682,C0688,2025-05-24 03:41:00,Delivered,Flipkart,PAY02682
O02683,C0007,2026-02-10 15:51:00,Delivered,Myntra,PAY02683
O02684,C0181,2025-03-03 16:23:00,Delivered,Myntra,PAY02684
O02685,C0161,2026-03-24 01:32:00,Returned,Flipkart,PAY02685
O02686,C0010,2026-07-06 15:18:00,Shipped,Flipkart,PAY02686
O02687,C0060,2025-03-10 23:04:00,Shipped,Amazon,PAY02687
O02688,C0197,2026-07-26 03:34:00,Delivered,Myntra,PAY02688
O02689,C0269,2025-03-31 18:59:00,Delivered,Myntra,PAY02689
O02690,C0193,2025-07-15 02:49:00,Cancelled,Flipkart,PAY02690
O02691,C0305,2025-10-11 14:28:00,Cancelled,Amazon,PAY02691
O02692,C0366,2025-12-05 02:11:00,Cancelled,Myntra,PAY02692
O02693,C0005,2025-12-14 14:33:00,Returned,Myntra,PAY02693
O02694,C0241,2026-03-19 00:25:00,Shipped,Flipkart,PAY02694
O02695,C0931,2025-01-07 19:53:00,Delivered,Amazon,PAY02695
O02696,C0294,2025-01-09 07:20:00,Delivered,Amazon,PAY02696
O02697,C0444,2025-09-23 07:37:00,Cancelled,Flipkart,PAY02697
O02698,C0149,2026-06-30 14:41:00,Cancelled,Amazon,PAY02698
O02699,C0571,2026-08-12 11:57:00,Cancelled,Myntra,PAY02699
O02700,C0569,2025-06-06 06:49:00,Delivered,Amazon,PAY02700
O02701,C0296,2025-11-12 05:06:00,Delivered,Myntra,PAY02701
O02702,C0955,2026-09-09 01:49:00,Delivered,Myntra,PAY02702
O02703,C0060,2025-12-23 02:20:00,Returned,Flipkart,PAY02703
O02704,C0009,2025-08-24 21:13:00,Delivered,Flipkart,PAY02704
O02705,C0564,2025-06-17 13:17:00,Delivered,Amazon,PAY02705
O02706,C0634,2025-12-30 00:08:00,Delivered,Amazon,PAY02706
O02707,C0058,2026-01-20 00:28:00,Returned,Myntra,PAY02707
O02708,C0127,2025-08-02 12:03:00,Delivered,Flipkart,PAY02708
O02709,C0009,2026-02-13 06:13:00,Returned,Flipkart,PAY02709
O02710,C0140,2026-08-28 03:05:00,Delivered,Myntra,PAY02710
O02711,C0569,2026-08-16 23:33:00,Delivered,Amazon,PAY02711
O02712,C0293,2025-08-03 03:31:00,Cancelled,Myntra,PAY02712
O02713,C0166,2026-01-02 23:20:00,Delivered,Amazon,PAY02713
O02714,C0177,2025-08-04 02:51:00,Shipped,Flipkart,PAY02714
O02715,C0001,2026-05-05 08:32:00,Delivered,Flipkart,PAY02715
O02716,C0143,2025-01-17 00:24:00,Returned,Flipkart,PAY02716
O02717,C0415,2026-02-14 03:22:00,Delivered,Flipkart,PAY02717
O02718,C0951,2025-03-08 13:54:00,Cancelled,Flipkart,PAY02718
O02719,C0710,2025-08-23 22:05:00,Cancelled,Myntra,PAY02719
O02720,C0012,2026-02-04 15:01:00,Delivered,Myntra,PAY02720
O02721,C0808,2025-11-28 01:09:00,Returned,Amazon,PAY02721
O02722,C0589,2025-07-01 18:00:00,Delivered,Myntra,PAY02722
O02723,C0583,2025-06-09 04:44:00,Delivered,Amazon,PAY02723
O02724,C0236,2025-03-04 19:51:00,Delivered,Myntra,PAY02724
O02725,C0190,2025-10-28 11:39:00,Delivered,Amazon,PAY02725
O02726,C0144,2026-03-06 05:11:00,Shipped,Amazon,PAY02726
O02727,C0032,2025-07-05 11:56:00,Delivered,Amazon,PAY02727
O02728,C0109,2025-01-31 15:13:00,Delivered,Flipkart,PAY02728
O02729,C0118,2026-01-18 08:39:00,Delivered,Amazon,PAY02729
O02730,C0260,2025-01-27 10:01:00,Delivered,Amazon,PAY02730
O02731,C0521,2025-05-28 13:02:00,Shipped,Flipkart,PAY02731
O02732,C0251,2026-09-05 23:33:00,Delivered,Amazon,PAY02732
O02733,C0028,2025-04-13 00:22:00,Delivered,Amazon,PAY02733
O02734,C0920,2026-03-06 02:07:00,Delivered,Flipkart,PAY02734
O02735,C0892,2026-03-02 17:28:00,Delivered,Myntra,PAY02735
O02736,C0592,2025-01-01 09:30:00,Delivered,Flipkart,PAY02736
O02737,C0984,2025-05-12 10:42:00,Shipped,Flipkart,PAY02737
O02738,C0318,2026-09-21 21:45:00,Delivered,Flipkart,PAY02738
O02739,C0930,2026-05-20 23:53:00,Returned,Myntra,PAY02739
O02740,C0036,2025-07-20 04:14:00,Shipped,Amazon,PAY02740
O02741,C0174,2025-05-27 07:42:00,Delivered,Myntra,PAY02741
O02742,C0108,2025-04-08 22:25:00,Delivered,Myntra,PAY02742
O02743,C0094,2025-04-18 07:14:00,Delivered,Amazon,PAY02743
O02744,C0067,2025-11-05 10:45:00,Delivered,Myntra,PAY02744
O02745,C0392,2026-08-28 16:33:00,Shipped,Flipkart,PAY02745
O02746,C0585,2025-05-15 10:27:00,Delivered,Myntra,PAY02746
O02747,C0350,2025-05-29 18:47:00,Returned,Amazon,PAY02747
O02748,C0070,2026-01-30 20:03:00,Returned,Amazon,PAY02748
O02749,C0642,2025-07-06 00:09:00,Cancelled,Amazon,PAY02749
O02750,C0405,2025-09-01 05:25:00,Delivered,Amazon,PAY02750
O02751,C0185,2026-08-09 15:30:00,Returned,Flipkart,PAY02751
O02752,C0441,2025-07-12 20:55:00,Returned,Myntra,PAY02752
O02753,C0124,2026-02-20 14:13:00,Delivered,Myntra,PAY02753
O02754,C0164,2025-09-27 17:28:00,Delivered,Myntra,PAY02754
O02755,C0844,2025-10-14 20:49:00,Shipped,Flipkart,PAY02755
O02756,C0138,2025-12-12 05:16:00,Delivered,Flipkart,PAY02756
O02757,C0247,2026-07-17 14:42:00,Delivered,Myntra,PAY02757
O02758,C0792,2025-12-17 16:16:00,Delivered,Flipkart,PAY02758
O02759,C0473,2026-03-13 20:01:00,Shipped,Amazon,PAY02759
O02760,C0030,2025-04-07 07:29:00,Returned,Amazon,PAY02760
O02761,C0070,2025-05-04 17:45:00,Delivered,Amazon,PAY02761
O02762,C0004,2025-12-22 09:28:00,Delivered,Myntra,PAY02762
O02763,C0400,2025-03-26 16:11:00,Delivered,Myntra,PAY02763
O02764,C0226,2025-07-19 04:53:00,Cancelled,Amazon,PAY02764
O02765,C0064,2025-01-18 06:46:00,Cancelled,Flipkart,PAY02765
O02766,C0921,2026-06-23 19:49:00,Delivered,Myntra,PAY02766
O02767,C0304,2026-06-28 16:03:00,Returned,Myntra,PAY02767
O02768,C0115,2026-01-07 17:14:00,Cancelled,Myntra,PAY02768
O02769,C0276,2025-06-20 11:10:00,Delivered,Myntra,PAY02769
O02770,C0446,2025-06-19 20:40:00,Returned,Myntra,PAY02770
O02771,C0037,2025-08-20 22:09:00,Shipped,Myntra,PAY02771
O02772,C0131,2026-03-11 06:17:00,Delivered,Flipkart,PAY02772
O02773,C0634,2025-10-31 12:57:00,Shipped,Flipkart,PAY02773
O02774,C0237,2026-05-03 14:20:00,Delivered,Myntra,PAY02774
O02775,C0320,2025-11-04 00:04:00,Delivered,Myntra,PAY02775
O02776,C0212,2026-07-24 21:19:00,Delivered,Myntra,PAY02776
O02777,C0021,2026-09-20 19:04:00,Delivered,Flipkart,PAY02777
O02778,C0079,2025-05-24 04:30:00,Returned,Amazon,PAY02778
O02779,C0224,2025-09-06 12:50:00,Delivered,Myntra,PAY02779
O02780,C0100,2026-03-06 12:37:00,Delivered,Amazon,PAY02780
O02781,C0024,2025-12-25 02:14:00,Delivered,Amazon,PAY02781
O02782,C0703,2026-02-16 03:46:00,Cancelled,Myntra,PAY02782
O02783,C0965,2025-06-05 06:28:00,Delivered,Myntra,PAY02783
O02784,C0607,2025-10-10 10:00:00,Cancelled,Amazon,PAY02784
O02785,C0723,2026-06-18 09:33:00,Delivered,Myntra,PAY02785
O02786,C0115,2026-09-05 15:14:00,Cancelled,Flipkart,PAY02786
O02787,C0926,2025-11-02 03:34:00,Cancelled,Myntra,PAY02787
O02788,C0094,2026-04-11 04:04:00,Returned,Myntra,PAY02788
O02789,C0908,2025-12-16 08:02:00,Delivered,Flipkart,PAY02789
O02790,C0991,2025-04-26 20:29:00,Delivered,Myntra,PAY02790
O02791,C0477,2025-06-22 22:44:00,Returned,Flipkart,PAY02791
O02792,C0965,2025-10-26 07:33:00,Delivered,Amazon,PAY02792
O02793,C0342,2026-09-10 19:55:00,Delivered,Amazon,PAY02793
O02794,C0124,2026-05-22 22:27:00,Delivered,Amazon,PAY02794
O02795,C0216,2025-04-18 08:53:00,Cancelled,Myntra,PAY02795
O02796,C0364,2025-10-10 08:40:00,Shipped,Flipkart,PAY02796
O02797,C0035,2026-03-06 21:53:00,Delivered,Flipkart,PAY02797
O02798,C0392,2025-03-27 00:06:00,Cancelled,Flipkart,PAY02798
O02799,C0965,2025-09-06 18:31:00,Delivered,Myntra,PAY02799
O02800,C0091,2026-03-21 21:17:00,Delivered,Myntra,PAY02800
O02801,C0606,2026-05-15 17:38:00,Returned,Myntra,PAY02801
O02802,C0826,2026-01-20 19:33:00,Returned,Myntra,PAY02802
O02803,C0894,2026-01-27 01:38:00,Delivered,Myntra,PAY02803
O02804,C0925,2025-04-11 18:06:00,Delivered,Amazon,PAY02804
O02805,C0296,2026-01-05 18:43:00,Cancelled,Myntra,PAY02805
O02806,C0957,2026-03-08 12:45:00,Cancelled,Amazon,PAY02806
O02807,C0539,2025-12-22 20:50:00,Delivered,Flipkart,PAY02807
O02808,C0077,2026-08-11 16:02:00,Delivered,Myntra,PAY02808
O02809,C0254,2026-03-19 21:58:00,Delivered,Amazon,PAY02809
O02810,C0483,2026-08-04 05:01:00,Cancelled,Flipkart,PAY02810
O02811,C0118,2025-04-12 09:58:00,Delivered,Amazon,PAY02811
O02812,C0409,2026-04-13 08:22:00,Returned,Myntra,PAY02812
O02813,C0434,2025-12-19 11:15:00,Delivered,Flipkart,PAY02813
O02814,C0078,2025-02-18 10:29:00,Cancelled,Myntra,PAY02814
O02815,C0337,2025-09-27 05:13:00,Shipped,Myntra,PAY02815
O02816,C0567,2025-11-26 23:25:00,Returned,Flipkart,PAY02816
O02817,C0274,2025-06-26 15:54:00,Delivered,Flipkart,PAY02817
O02818,C0006,2025-12-27 19:34:00,Cancelled,Amazon,PAY02818
O02819,C0005,2025-11-21 09:06:00,Cancelled,Amazon,PAY02819
O02820,C0170,2026-02-20 10:39:00,Delivered,Myntra,PAY02820
O02821,C0860,2025-07-10 12:12:00,Delivered,Myntra,PAY02821
O02822,C0109,2026-05-13 11:21:00,Returned,Flipkart,PAY02822
O02823,C0403,2026-01-06 05:10:00,Delivered,Amazon,PAY02823
O02824,C0106,2025-04-25 06:37:00,Delivered,Myntra,PAY02824
O02825,C0153,2026-07-28 09:48:00,Shipped,Myntra,PAY02825
O02826,C0712,2025-07-02 12:39:00,Cancelled,Amazon,PAY02826
O02827,C0493,2025-07-23 02:05:00,Cancelled,Myntra,PAY02827
O02828,C0046,2026-02-19 08:09:00,Cancelled,Flipkart,PAY02828
O02829,C0208,2026-06-30 11:25:00,Delivered,Flipkart,PAY02829
O02830,C0014,2025-04-17 23:52:00,Returned,Flipkart,PAY02830
O02831,C0257,2026-09-21 18:05:00,Delivered,Amazon,PAY02831
O02832,C0430,2026-03-30 01:15:00,Shipped,Amazon,PAY02832
O02833,C0057,2025-10-08 00:31:00,Delivered,Myntra,PAY02833
O02834,C0138,2025-08-13 07:56:00,Delivered,Flipkart,PAY02834
O02835,C0189,2025-08-10 04:00:00,Delivered,Amazon,PAY02835
O02836,C0848,2025-01-22 19:30:00,Returned,Flipkart,PAY02836
O02837,C0988,2026-03-01 17:35:00,Shipped,Amazon,PAY02837
O02838,C0022,2026-02-27 05:54:00,Shipped,Myntra,PAY02838
O02839,C0546,2026-02-14 20:36:00,Delivered,Myntra,PAY02839
O02840,C0177,2025-09-25 22:50:00,Delivered,Flipkart,PAY02840
O02841,C0187,2026-03-18 11:23:00,Delivered,Flipkart,PAY02841
O02842,C0534,2026-07-08 11:04:00,Cancelled,Amazon,PAY02842
O02843,C0846,2025-11-26 22:15:00,Returned,Myntra,PAY02843
O02844,C0907,2026-08-16 04:06:00,Returned,Myntra,PAY02844
O02845,C0349,2026-05-03 17:20:00,Delivered,Myntra,PAY02845
O02846,C0170,2025-08-22 23:22:00,Cancelled,Myntra,PAY02846
O02847,C0597,2026-07-22 07:29:00,Delivered,Myntra,PAY02847
O02848,C0120,2025-02-24 14:39:00,Delivered,Flipkart,PAY02848
O02849,C0336,2026-08-29 13:04:00,Delivered,Amazon,PAY02849
O02850,C0171,2026-07-28 14:35:00,Cancelled,Amazon,PAY02850
O02851,C0424,2025-12-22 15:55:00,Cancelled,Amazon,PAY02851
O02852,C0115,2025-03-07 21:22:00,Delivered,Myntra,PAY02852
O02853,C0092,2025-10-10 18:16:00,Cancelled,Amazon,PAY02853
O02854,C0845,2026-09-05 15:27:00,Cancelled,Amazon,PAY02854
O02855,C0049,2026-02-10 06:42:00,Delivered,Flipkart,PAY02855
O02856,C0281,2026-07-06 22:43:00,Delivered,Flipkart,PAY02856
O02857,C0105,2025-08-27 18:51:00,Shipped,Flipkart,PAY02857
O02858,C0019,2025-05-28 17:43:00,Shipped,Flipkart,PAY02858
O02859,C0018,2025-01-07 19:03:00,Cancelled,Flipkart,PAY02859
O02860,C0084,2026-08-25 03:49:00,Delivered,Myntra,PAY02860
O02861,C0747,2025-03-07 16:26:00,Cancelled,Amazon,PAY02861
O02862,C0135,2025-07-19 07:38:00,Returned,Amazon,PAY02862
O02863,C0906,2025-07-05 00:41:00,Delivered,Myntra,PAY02863
O02864,C0353,2025-05-03 10:05:00,Delivered,Flipkart,PAY02864
O02865,C0215,2026-08-11 22:43:00,Delivered,Flipkart,PAY02865
O02866,C0352,2026-01-26 22:30:00,Delivered,Flipkart,PAY02866
O02867,C0291,2025-07-07 03:19:00,Delivered,Amazon,PAY02867
O02868,C0542,2026-03-17 08:31:00,Delivered,Amazon,PAY02868
O02869,C0135,2025-09-24 12:12:00,Delivered,Flipkart,PAY02869
O02870,C0168,2025-03-25 10:28:00,Returned,Amazon,PAY02870
O02871,C0799,2026-06-21 08:01:00,Shipped,Amazon,PAY02871
O02872,C0899,2026-07-25 01:43:00,Delivered,Amazon,PAY02872
O02873,C0796,2025-06-22 00:33:00,Delivered,Amazon,PAY02873
O02874,C0200,2025-12-01 12:19:00,Delivered,Myntra,PAY02874
O02875,C0583,2026-07-31 11:54:00,Delivered,Amazon,PAY02875
O02876,C0253,2025-07-13 20:39:00,Delivered,Amazon,PAY02876
O02877,C0273,2026-07-03 06:22:00,Delivered,Myntra,PAY02877
O02878,C0098,2025-06-08 19:23:00,Shipped,Amazon,PAY02878
O02879,C0362,2026-03-28 22:54:00,Returned,Amazon,PAY02879
O02880,C0089,2026-06-04 04:52:00,Returned,Flipkart,PAY02880
O02881,C0158,2025-02-01 19:02:00,Shipped,Amazon,PAY02881
O02882,C0725,2025-11-16 09:06:00,Delivered,Myntra,PAY02882
O02883,C0099,2025-07-04 18:33:00,Delivered,Amazon,PAY02883
O02884,C0034,2026-05-25 06:38:00,Delivered,Myntra,PAY02884
O02885,C0033,2025-12-12 14:59:00,Cancelled,Myntra,PAY02885
O02886,C0888,2026-02-03 14:07:00,Cancelled,Myntra,PAY02886
O02887,C0282,2025-03-09 10:15:00,Delivered,Amazon,PAY02887
O02888,C0195,2025-09-03 15:12:00,Returned,Flipkart,PAY02888
O02889,C0641,2025-02-12 11:03:00,Delivered,Myntra,PAY02889
O02890,C0689,2026-08-29 03:54:00,Shipped,Amazon,PAY02890
O02891,C0158,2025-11-25 16:36:00,Shipped,Myntra,PAY02891
O02892,C0459,2026-06-29 16:25:00,Returned,Myntra,PAY02892
O02893,C0566,2025-07-25 09:20:00,Delivered,Flipkart,PAY02893
O02894,C0422,2025-07-22 09:40:00,Delivered,Flipkart,PAY02894
O02895,C0073,2026-03-22 12:05:00,Delivered,Amazon,PAY02895
O02896,C0765,2026-05-19 03:20:00,Shipped,Flipkart,PAY02896
O02897,C0313,2026-09-17 12:19:00,Delivered,Flipkart,PAY02897
O02898,C0135,2025-02-26 16:53:00,Delivered,Amazon,PAY02898
O02899,C0204,2025-04-02 09:57:00,Shipped,Myntra,PAY02899
O02900,C0018,2026-08-08 17:11:00,Cancelled,Flipkart,PAY02900
O02901,C0061,2025-02-19 17:01:00,Delivered,Flipkart,PAY02901
O02902,C0555,2026-01-30 06:22:00,Shipped,Amazon,PAY02902
O02903,C0001,2026-03-21 23:32:00,Shipped,Amazon,PAY02903
O02904,C0198,2026-06-05 11:43:00,Cancelled,Amazon,PAY02904
O02905,C0297,2025-08-08 03:29:00,Delivered,Amazon,PAY02905
O02906,C0026,2025-11-24 02:45:00,Delivered,Flipkart,PAY02906
O02907,C0949,2025-07-31 18:40:00,Shipped,Amazon,PAY02907
O02908,C0108,2025-02-16 12:13:00,Cancelled,Amazon,PAY02908
O02909,C0145,2025-10-25 00:57:00,Delivered,Myntra,PAY02909
O02910,C0145,2025-12-05 05:24:00,Returned,Amazon,PAY02910
O02911,C0110,2026-01-16 12:02:00,Delivered,Amazon,PAY02911
O02912,C0001,2026-09-06 07:39:00,Cancelled,Flipkart,PAY02912
O02913,C0493,2026-03-09 21:36:00,Cancelled,Myntra,PAY02913
O02914,C0938,2025-11-14 06:56:00,Cancelled,Myntra,PAY02914
O02915,C0107,2025-10-07 13:44:00,Delivered,Flipkart,PAY02915
O02916,C0430,2026-02-28 12:17:00,Returned,Amazon,PAY02916
O02917,C0510,2026-05-15 08:38:00,Delivered,Myntra,PAY02917
O02918,C0713,2026-02-09 01:44:00,Returned,Flipkart,PAY02918
O02919,C0202,2025-05-12 21:44:00,Delivered,Amazon,PAY02919
O02920,C0144,2025-04-28 03:10:00,Returned,Flipkart,PAY02920
O02921,C0155,2025-03-10 05:34:00,Delivered,Amazon,PAY02921
O02922,C0477,2025-09-20 21:45:00,Cancelled,Flipkart,PAY02922
O02923,C0652,2025-10-19 17:18:00,Delivered,Myntra,PAY02923
O02924,C0087,2025-09-25 03:48:00,Delivered,Flipkart,PAY02924
O02925,C0177,2025-07-26 02:35:00,Returned,Flipkart,PAY02925
O02926,C0814,2025-07-25 04:33:00,Delivered,Flipkart,PAY02926
O02927,C0633,2026-05-06 03:07:00,Delivered,Amazon,PAY02927
O02928,C0972,2026-02-02 05:05:00,Returned,Myntra,PAY02928
O02929,C0534,2025-03-11 07:27:00,Shipped,Flipkart,PAY02929
O02930,C0187,2026-03-25 23:09:00,Delivered,Myntra,PAY02930
O02931,C0362,2025-02-12 21:59:00,Shipped,Amazon,PAY02931
O02932,C0428,2025-08-04 23:20:00,Delivered,Myntra,PAY02932
O02933,C0038,2025-01-15 04:21:00,Returned,Flipkart,PAY02933
O02934,C0318,2025-06-29 11:29:00,Delivered,Myntra,PAY02934
O02935,C0474,2025-02-27 12:24:00,Delivered,Flipkart,PAY02935
O02936,C0080,2026-06-02 02:14:00,Delivered,Myntra,PAY02936
O02937,C0584,2025-07-19 10:42:00,Cancelled,Flipkart,PAY02937
O02938,C0355,2025-01-26 14:04:00,Returned,Amazon,PAY02938
O02939,C0910,2026-09-09 16:18:00,Shipped,Amazon,PAY02939
O02940,C0021,2025-05-27 17:20:00,Delivered,Amazon,PAY02940
O02941,C0127,2025-03-08 13:33:00,Shipped,Amazon,PAY02941
O02942,C0372,2026-09-26 23:10:00,Cancelled,Flipkart,PAY02942
O02943,C0141,2026-01-15 01:09:00,Delivered,Myntra,PAY02943
O02944,C0479,2025-08-28 00:24:00,Delivered,Myntra,PAY02944
O02945,C0543,2025-03-01 12:49:00,Shipped,Amazon,PAY02945
O02946,C0049,2025-08-18 20:02:00,Shipped,Myntra,PAY02946
O02947,C0289,2025-03-17 00:41:00,Returned,Flipkart,PAY02947
O02948,C0284,2026-08-09 20:24:00,Delivered,Myntra,PAY02948
O02949,C0176,2026-09-23 12:28:00,Cancelled,Amazon,PAY02949
O02950,C0873,2026-05-18 19:16:00,Delivered,Myntra,PAY02950
O02951,C0673,2026-04-11 15:58:00,Delivered,Flipkart,PAY02951
O02952,C0463,2026-07-04 11:14:00,Delivered,Flipkart,PAY02952
O02953,C0479,2025-06-28 12:16:00,Delivered,Flipkart,PAY02953
O02954,C0239,2025-01-22 13:51:00,Delivered,Amazon,PAY02954
O02955,C0850,2025-02-13 14:26:00,Cancelled,Myntra,PAY02955
O02956,C0460,2025-08-21 12:08:00,Returned,Myntra,PAY02956
O02957,C0493,2025-12-28 06:25:00,Delivered,Flipkart,PAY02957
O02958,C0738,2026-04-17 23:28:00,Delivered,Flipkart,PAY02958
O02959,C0131,2026-04-20 11:21:00,Delivered,Myntra,PAY02959
O02960,C0634,2026-02-13 04:46:00,Shipped,Amazon,PAY02960
O02961,C0093,2025-09-09 06:45:00,Delivered,Myntra,PAY02961
O02962,C0165,2025-07-19 23:42:00,Returned,Myntra,PAY02962
O02963,C0160,2026-01-08 14:35:00,Returned,Flipkart,PAY02963
O02964,C0960,2026-01-19 20:19:00,Delivered,Flipkart,PAY02964
O02965,C0728,2025-05-25 15:06:00,Shipped,Myntra,PAY02965
O02966,C0467,2026-04-09 09:57:00,Returned,Myntra,PAY02966
O02967,C0491,2026-02-27 01:12:00,Delivered,Flipkart,PAY02967
O02968,C0334,2026-07-19 05:42:00,Delivered,Myntra,PAY02968
O02969,C0900,2026-03-19 05:28:00,Delivered,Myntra,PAY02969
O02970,C0272,2025-07-31 12:36:00,Cancelled,Amazon,PAY02970
O02971,C0181,2025-10-07 23:43:00,Shipped,Amazon,PAY02971
O02972,C0078,2026-02-16 18:50:00,Returned,Amazon,PAY02972
O02973,C0594,2025-06-04 13:20:00,Delivered,Amazon,PAY02973
O02974,C0498,2025-05-14 15:20:00,Shipped,Myntra,PAY02974
O02975,C0183,2026-06-28 23:40:00,Delivered,Myntra,PAY02975
O02976,C0012,2025-04-10 02:05:00,Delivered,Amazon,PAY02976
O02977,C0695,2025-02-24 10:54:00,Delivered,Flipkart,PAY02977
O02978,C0006,2026-01-01 06:47:00,Delivered,Amazon,PAY02978
O02979,C0469,2025-11-11 02:23:00,Shipped,Flipkart,PAY02979
O02980,C0944,2026-08-21 14:30:00,Delivered,Myntra,PAY02980
O02981,C0216,2025-06-29 09:19:00,Delivered,Myntra,PAY02981
O02982,C0112,2025-06-13 04:10:00,Delivered,Amazon,PAY02982
O02983,C0470,2026-06-30 19:26:00,Delivered,Myntra,PAY02983
O02984,C0653,2026-07-20 20:30:00,Cancelled,Flipkart,PAY02984
O02985,C0320,2025-09-13 03:42:00,Delivered,Flipkart,PAY02985
O02986,C0938,2025-04-10 01:08:00,Delivered,Flipkart,PAY02986
O02987,C0025,2026-01-24 15:10:00,Returned,Amazon,PAY02987
O02988,C0280,2026-08-24 22:52:00,Delivered,Flipkart,PAY02988
O02989,C0483,2026-08-22 18:11:00,Delivered,Amazon,PAY02989
O02990,C0740,2026-05-19 21:36:00,Delivered,Flipkart,PAY02990
O02991,C0086,2025-03-29 11:04:00,Delivered,Amazon,PAY02991
O02992,C0621,2025-11-04 21:25:00,Delivered,Amazon,PAY02992
O02993,C0326,2025-07-21 20:20:00,Delivered,Myntra,PAY02993
O02994,C0189,2025-03-27 11:38:00,Returned,Flipkart,PAY02994
O02995,C0063,2025-01-17 19:57:00,Shipped,Flipkart,PAY02995
O02996,C0745,2025-06-23 11:54:00,Delivered,Amazon,PAY02996
O02997,C0075,2026-06-10 08:33:00,Delivered,Flipkart,PAY02997
O02998,C0148,2025-11-23 05:03:00,Cancelled,Amazon,PAY02998
O02999,C0138,2025-11-10 08:28:00,Delivered,Flipkart,PAY02999
O03000,C0756,2025-02-11 08:47:00,Returned,Myntra,PAY03000
O03001,C0440,2026-04-15 21:05:00,Delivered,Myntra,PAY03001
O03002,C0614,2025-02-02 04:55:00,Shipped,Amazon,PAY03002
O03003,C0119,2026-08-11 00:19:00,Delivered,Amazon,PAY03003
O03004,C0394,2026-04-27 12:24:00,Delivered,Myntra,PAY03004
O03005,C0344,2025-10-04 22:24:00,Delivered,Flipkart,PAY03005
O03006,C0683,2026-06-09 13:26:00,Cancelled,Flipkart,PAY03006
O03007,C0822,2025-05-16 11:46:00,Delivered,Myntra,PAY03007
O03008,C0006,2025-07-17 15:18:00,Delivered,Amazon,PAY03008
O03009,C0441,2026-04-06 21:05:00,Returned,Myntra,PAY03009
O03010,C0025,2025-11-23 16:57:00,Delivered,Amazon,PAY03010
O03011,C0322,2025-05-12 03:15:00,Delivered,Amazon,PAY03011
O03012,C0137,2026-01-18 02:09:00,Shipped,Amazon,PAY03012
O03013,C0146,2025-03-31 02:00:00,Cancelled,Amazon,PAY03013
O03014,C0168,2025-12-16 19:04:00,Delivered,Myntra,PAY03014
O03015,C0391,2026-04-17 20:55:00,Delivered,Myntra,PAY03015
O03016,C0159,2025-04-19 19:07:00,Delivered,Myntra,PAY03016
O03017,C0497,2025-05-23 06:58:00,Cancelled,Amazon,PAY03017
O03018,C0193,2025-07-10 02:45:00,Delivered,Amazon,PAY03018
O03019,C0033,2026-03-20 21:14:00,Delivered,Amazon,PAY03019
O03020,C0590,2025-03-23 12:20:00,Cancelled,Myntra,PAY03020
O03021,C0136,2025-07-17 15:52:00,Delivered,Myntra,PAY03021
O03022,C0212,2026-05-23 19:45:00,Delivered,Flipkart,PAY03022
O03023,C0452,2025-10-22 23:43:00,Shipped,Amazon,PAY03023
O03024,C0158,2026-03-30 05:32:00,Delivered,Amazon,PAY03024
O03025,C0027,2025-06-30 06:16:00,Delivered,Myntra,PAY03025
O03026,C0178,2026-08-13 06:44:00,Delivered,Myntra,PAY03026
O03027,C0895,2025-03-19 06:11:00,Returned,Flipkart,PAY03027
O03028,C0410,2025-08-22 05:25:00,Cancelled,Myntra,PAY03028
O03029,C0438,2025-10-31 19:26:00,Shipped,Myntra,PAY03029
O03030,C0401,2025-10-20 06:27:00,Delivered,Flipkart,PAY03030
O03031,C0095,2025-09-04 16:00:00,Cancelled,Myntra,PAY03031
O03032,C0199,2025-09-15 09:48:00,Delivered,Amazon,PAY03032
O03033,C0527,2025-03-05 02:31:00,Delivered,Myntra,PAY03033
O03034,C0049,2025-03-03 19:48:00,Returned,Flipkart,PAY03034
O03035,C0132,2025-03-23 21:48:00,Cancelled,Flipkart,PAY03035
O03036,C0132,2025-01-13 23:43:00,Delivered,Flipkart,PAY03036
O03037,C0211,2026-08-26 11:44:00,Cancelled,Myntra,PAY03037
O03038,C0963,2025-03-09 18:16:00,Cancelled,Flipkart,PAY03038
O03039,C0033,2026-04-07 11:47:00,Returned,Flipkart,PAY03039
O03040,C0293,2026-01-15 15:19:00,Returned,Flipkart,PAY03040
O03041,C0086,2025-11-17 17:47:00,Delivered,Amazon,PAY03041
O03042,C0945,2026-08-25 05:02:00,Cancelled,Flipkart,PAY03042
O03043,C0054,2026-02-24 14:56:00,Delivered,Flipkart,PAY03043
O03044,C0192,2026-02-17 14:55:00,Delivered,Flipkart,PAY03044
O03045,C0502,2025-06-06 04:47:00,Returned,Flipkart,PAY03045
O03046,C0470,2026-03-06 00:55:00,Delivered,Flipkart,PAY03046
O03047,C0202,2026-01-26 20:09:00,Delivered,Flipkart,PAY03047
O03048,C0165,2025-01-15 13:50:00,Returned,Myntra,PAY03048
O03049,C0189,2025-06-26 04:37:00,Delivered,Amazon,PAY03049
O03050,C0126,2025-04-08 00:25:00,Delivered,Amazon,PAY03050
O03051,C0098,2025-10-05 10:12:00,Delivered,Flipkart,PAY03051
O03052,C0259,2026-02-06 05:19:00,Returned,Myntra,PAY03052
O03053,C0128,2025-10-12 07:12:00,Delivered,Myntra,PAY03053
O03054,C0137,2026-05-27 13:27:00,Returned,Amazon,PAY03054
O03055,C0424,2026-05-15 21:03:00,Delivered,Amazon,PAY03055
O03056,C0941,2025-03-10 10:45:00,Delivered,Myntra,PAY03056
O03057,C0374,2025-10-24 04:15:00,Shipped,Flipkart,PAY03057
O03058,C0037,2025-08-10 13:31:00,Delivered,Flipkart,PAY03058
O03059,C0036,2025-06-12 10:40:00,Delivered,Myntra,PAY03059
O03060,C0908,2026-09-26 13:39:00,Delivered,Myntra,PAY03060
O03061,C0142,2025-05-13 16:18:00,Delivered,Myntra,PAY03061
O03062,C0044,2026-01-18 22:55:00,Delivered,Flipkart,PAY03062
O03063,C0370,2026-08-02 15:04:00,Delivered,Flipkart,PAY03063
O03064,C0393,2026-01-14 13:15:00,Delivered,Flipkart,PAY03064
O03065,C0417,2025-08-28 10:40:00,Delivered,Flipkart,PAY03065
O03066,C0128,2026-07-23 10:36:00,Returned,Flipkart,PAY03066
O03067,C0008,2025-07-19 04:20:00,Returned,Myntra,PAY03067
O03068,C0934,2026-08-10 07:45:00,Shipped,Myntra,PAY03068
O03069,C0120,2025-08-31 07:31:00,Shipped,Flipkart,PAY03069
O03070,C0443,2025-01-20 10:32:00,Delivered,Flipkart,PAY03070
O03071,C0472,2025-06-01 19:20:00,Delivered,Myntra,PAY03071
O03072,C0380,2026-05-18 14:38:00,Cancelled,Flipkart,PAY03072
O03073,C0149,2025-03-10 14:24:00,Returned,Amazon,PAY03073
O03074,C0129,2025-10-10 22:09:00,Delivered,Amazon,PAY03074
O03075,C0368,2026-05-01 07:14:00,Cancelled,Amazon,PAY03075
O03076,C0746,2025-12-02 11:52:00,Shipped,Flipkart,PAY03076
O03077,C0899,2026-07-30 04:50:00,Delivered,Flipkart,PAY03077
O03078,C0051,2026-05-12 10:38:00,Shipped,Amazon,PAY03078
O03079,C0074,2025-07-12 19:38:00,Delivered,Flipkart,PAY03079
O03080,C0895,2025-03-04 23:56:00,Delivered,Myntra,PAY03080
O03081,C0500,2026-06-01 09:15:00,Returned,Flipkart,PAY03081
O03082,C0778,2026-03-10 22:52:00,Returned,Amazon,PAY03082
O03083,C0097,2025-11-02 08:13:00,Delivered,Flipkart,PAY03083
O03084,C0359,2025-01-26 00:41:00,Cancelled,Flipkart,PAY03084
O03085,C0467,2025-03-22 11:29:00,Returned,Amazon,PAY03085
O03086,C0447,2026-04-03 20:24:00,Shipped,Amazon,PAY03086
O03087,C0194,2026-09-01 14:48:00,Delivered,Amazon,PAY03087
O03088,C0008,2025-10-08 14:17:00,Delivered,Myntra,PAY03088
O03089,C0354,2026-09-14 14:18:00,Delivered,Myntra,PAY03089
O03090,C0121,2025-05-12 10:01:00,Delivered,Amazon,PAY03090
O03091,C0228,2025-12-01 17:30:00,Delivered,Amazon,PAY03091
O03092,C0920,2025-11-19 23:24:00,Shipped,Amazon,PAY03092
O03093,C0190,2026-03-21 20:20:00,Delivered,Amazon,PAY03093
O03094,C0696,2025-12-01 19:53:00,Returned,Amazon,PAY03094
O03095,C0090,2025-10-17 10:36:00,Returned,Myntra,PAY03095
O03096,C0439,2025-02-10 16:03:00,Cancelled,Myntra,PAY03096
O03097,C0957,2025-05-16 15:04:00,Delivered,Amazon,PAY03097
O03098,C0049,2025-06-05 03:33:00,Delivered,Myntra,PAY03098
O03099,C0004,2025-08-29 02:48:00,Delivered,Flipkart,PAY03099
O03100,C0212,2025-12-13 02:26:00,Delivered,Amazon,PAY03100
O03101,C0044,2026-05-20 12:34:00,Delivered,Myntra,PAY03101
O03102,C0522,2026-03-03 20:50:00,Delivered,Myntra,PAY03102
O03103,C0838,2025-06-08 17:52:00,Delivered,Amazon,PAY03103
O03104,C0213,2026-04-05 05:07:00,Returned,Flipkart,PAY03104
O03105,C0123,2025-08-21 07:03:00,Cancelled,Myntra,PAY03105
O03106,C0213,2026-07-26 00:03:00,Cancelled,Myntra,PAY03106
O03107,C0488,2025-08-19 15:02:00,Delivered,Amazon,PAY03107
O03108,C0005,2025-08-27 04:55:00,Delivered,Myntra,PAY03108
O03109,C0360,2025-11-24 10:24:00,Returned,Myntra,PAY03109
O03110,C0383,2026-02-10 00:32:00,Returned,Flipkart,PAY03110
O03111,C0406,2026-05-20 00:42:00,Cancelled,Myntra,PAY03111
O03112,C0115,2026-03-01 17:04:00,Delivered,Amazon,PAY03112
O03113,C0479,2026-08-27 01:13:00,Delivered,Myntra,PAY03113
O03114,C0044,2026-05-19 00:22:00,Cancelled,Amazon,PAY03114
O03115,C0095,2026-08-19 11:32:00,Returned,Amazon,PAY03115
O03116,C0768,2026-02-11 06:09:00,Shipped,Amazon,PAY03116
O03117,C0504,2026-09-30 09:17:00,Shipped,Flipkart,PAY03117
O03118,C0007,2026-06-08 12:10:00,Returned,Amazon,PAY03118
O03119,C0118,2026-09-15 08:21:00,Delivered,Flipkart,PAY03119
O03120,C0102,2025-09-24 12:07:00,Cancelled,Flipkart,PAY03120
O03121,C0129,2026-04-08 00:28:00,Shipped,Myntra,PAY03121
O03122,C0118,2026-06-09 12:13:00,Delivered,Amazon,PAY03122
O03123,C0030,2025-02-12 12:51:00,Delivered,Myntra,PAY03123
O03124,C0236,2025-07-30 06:48:00,Shipped,Myntra,PAY03124
O03125,C0497,2025-11-02 22:43:00,Delivered,Myntra,PAY03125
O03126,C0377,2025-11-07 11:29:00,Delivered,Myntra,PAY03126
O03127,C0440,2025-08-24 18:56:00,Returned,Flipkart,PAY03127
O03128,C0039,2025-08-11 16:01:00,Delivered,Amazon,PAY03128
O03129,C0908,2025-08-10 05:55:00,Delivered,Amazon,PAY03129
O03130,C0694,2026-05-27 23:24:00,Cancelled,Flipkart,PAY03130
O03131,C0630,2026-04-14 12:38:00,Returned,Amazon,PAY03131
O03132,C0664,2026-05-19 15:35:00,Shipped,Flipkart,PAY03132
O03133,C0873,2025-09-12 02:39:00,Delivered,Amazon,PAY03133
O03134,C0318,2025-02-01 19:03:00,Returned,Amazon,PAY03134
O03135,C0096,2025-10-08 00:19:00,Delivered,Flipkart,PAY03135
O03136,C0386,2026-08-05 05:06:00,Delivered,Flipkart,PAY03136
O03137,C0512,2025-08-09 20:12:00,Delivered,Myntra,PAY03137
O03138,C0503,2026-01-17 02:17:00,Delivered,Myntra,PAY03138
O03139,C0296,2025-01-23 09:49:00,Delivered,Amazon,PAY03139
O03140,C0033,2025-11-06 04:16:00,Delivered,Amazon,PAY03140
O03141,C0177,2025-05-04 20:47:00,Cancelled,Amazon,PAY03141
O03142,C0850,2026-05-03 05:00:00,Delivered,Amazon,PAY03142
O03143,C0356,2025-08-29 14:55:00,Shipped,Myntra,PAY03143
O03144,C0312,2026-07-25 08:17:00,Delivered,Myntra,PAY03144
O03145,C0128,2026-07-31 15:04:00,Cancelled,Myntra,PAY03145
O03146,C0176,2025-06-06 06:04:00,Delivered,Myntra,PAY03146
O03147,C0802,2026-01-22 00:02:00,Delivered,Flipkart,PAY03147
O03148,C0434,2026-04-22 13:11:00,Delivered,Myntra,PAY03148
O03149,C0597,2025-02-15 21:04:00,Returned,Flipkart,PAY03149
O03150,C0232,2025-10-16 23:30:00,Delivered,Flipkart,PAY03150
O03151,C0399,2025-01-25 21:17:00,Returned,Amazon,PAY03151
O03152,C0118,2025-08-29 22:28:00,Returned,Amazon,PAY03152
O03153,C0471,2025-02-15 18:53:00,Returned,Flipkart,PAY03153
O03154,C0207,2026-07-27 22:31:00,Returned,Amazon,PAY03154
O03155,C0221,2025-02-18 09:23:00,Delivered,Myntra,PAY03155
O03156,C0417,2026-01-12 14:52:00,Delivered,Myntra,PAY03156
O03157,C0879,2025-06-17 11:42:00,Delivered,Myntra,PAY03157
O03158,C0031,2026-07-19 17:09:00,Delivered,Myntra,PAY03158
O03159,C0668,2025-12-22 13:11:00,Shipped,Flipkart,PAY03159
O03160,C0139,2026-01-17 14:22:00,Returned,Flipkart,PAY03160
O03161,C0222,2025-06-01 21:48:00,Delivered,Myntra,PAY03161
O03162,C0011,2026-07-10 13:23:00,Delivered,Amazon,PAY03162
O03163,C0143,2026-09-09 08:56:00,Delivered,Flipkart,PAY03163
O03164,C0278,2026-01-03 20:29:00,Delivered,Myntra,PAY03164
O03165,C0027,2025-06-18 01:21:00,Shipped,Myntra,PAY03165
O03166,C0267,2025-05-29 19:21:00,Shipped,Myntra,PAY03166
O03167,C0862,2025-06-13 18:08:00,Returned,Amazon,PAY03167
O03168,C0051,2026-02-10 02:52:00,Delivered,Amazon,PAY03168
O03169,C0553,2026-05-29 17:02:00,Shipped,Amazon,PAY03169
O03170,C0195,2026-08-13 00:16:00,Shipped,Myntra,PAY03170
O03171,C0423,2025-06-18 23:14:00,Cancelled,Myntra,PAY03171
O03172,C0124,2025-12-09 15:07:00,Delivered,Myntra,PAY03172
O03173,C0076,2026-01-18 17:59:00,Delivered,Myntra,PAY03173
O03174,C0077,2026-02-07 07:36:00,Delivered,Myntra,PAY03174
O03175,C0034,2026-02-22 22:48:00,Delivered,Amazon,PAY03175
O03176,C0089,2026-04-10 04:53:00,Cancelled,Amazon,PAY03176
O03177,C0432,2025-01-01 16:51:00,Delivered,Flipkart,PAY03177
O03178,C0776,2025-05-28 02:44:00,Delivered,Amazon,PAY03178
O03179,C0647,2026-02-20 09:52:00,Delivered,Myntra,PAY03179
O03180,C0451,2025-04-09 06:01:00,Delivered,Amazon,PAY03180
O03181,C0053,2025-10-30 03:13:00,Delivered,Myntra,PAY03181
O03182,C0138,2025-03-15 02:16:00,Delivered,Amazon,PAY03182
O03183,C0148,2026-03-09 11:42:00,Delivered,Amazon,PAY03183
O03184,C0119,2026-09-04 09:21:00,Delivered,Flipkart,PAY03184
O03185,C0290,2025-08-02 09:27:00,Shipped,Myntra,PAY03185
O03186,C0309,2026-05-05 20:39:00,Shipped,Amazon,PAY03186
O03187,C0170,2026-05-19 01:31:00,Delivered,Flipkart,PAY03187
O03188,C0169,2025-02-01 08:44:00,Delivered,Flipkart,PAY03188
O03189,C0675,2026-07-06 03:27:00,Cancelled,Myntra,PAY03189
O03190,C0600,2026-09-28 11:43:00,Delivered,Amazon,PAY03190
O03191,C0147,2026-01-25 01:31:00,Returned,Amazon,PAY03191
O03192,C0837,2026-05-02 08:34:00,Delivered,Amazon,PAY03192
O03193,C0911,2025-09-09 23:53:00,Cancelled,Myntra,PAY03193
O03194,C0156,2025-04-07 14:24:00,Cancelled,Flipkart,PAY03194
O03195,C0169,2025-09-05 19:30:00,Delivered,Flipkart,PAY03195
O03196,C0281,2025-11-14 17:49:00,Cancelled,Flipkart,PAY03196
O03197,C0889,2025-08-10 19:26:00,Delivered,Amazon,PAY03197
O03198,C0766,2025-05-12 18:55:00,Cancelled,Amazon,PAY03198
O03199,C0049,2026-06-03 14:04:00,Shipped,Amazon,PAY03199
O03200,C0187,2026-04-20 08:44:00,Shipped,Flipkart,PAY03200
O03201,C0326,2026-07-03 20:46:00,Delivered,Flipkart,PAY03201
O03202,C0278,2026-08-23 03:44:00,Shipped,Flipkart,PAY03202
O03203,C0093,2025-06-28 14:18:00,Returned,Amazon,PAY03203
O03204,C0732,2025-02-10 09:38:00,Delivered,Flipkart,PAY03204
O03205,C0444,2025-04-23 21:09:00,Returned,Amazon,PAY03205
O03206,C0693,2025-07-23 15:31:00,Delivered,Amazon,PAY03206
O03207,C0732,2026-02-01 23:51:00,Cancelled,Amazon,PAY03207
O03208,C0522,2026-01-21 01:19:00,Delivered,Amazon,PAY03208
O03209,C0218,2025-12-15 21:37:00,Returned,Flipkart,PAY03209
O03210,C0381,2025-08-23 22:28:00,Returned,Myntra,PAY03210
O03211,C0077,2025-04-29 03:10:00,Delivered,Amazon,PAY03211
O03212,C0440,2026-09-12 18:01:00,Delivered,Flipkart,PAY03212
O03213,C0086,2026-01-11 22:27:00,Delivered,Myntra,PAY03213
O03214,C0460,2026-06-22 22:23:00,Cancelled,Myntra,PAY03214
O03215,C0110,2025-04-19 13:30:00,Delivered,Flipkart,PAY03215
O03216,C0056,2026-03-23 17:44:00,Delivered,Amazon,PAY03216
O03217,C0079,2025-03-08 02:16:00,Cancelled,Flipkart,PAY03217
O03218,C0001,2026-05-02 12:32:00,Delivered,Amazon,PAY03218
O03219,C0483,2025-05-04 00:10:00,Delivered,Myntra,PAY03219
O03220,C0496,2025-07-11 21:12:00,Delivered,Myntra,PAY03220
O03221,C0290,2026-07-14 11:35:00,Delivered,Flipkart,PAY03221
O03222,C0077,2025-03-10 21:11:00,Shipped,Flipkart,PAY03222
O03223,C0040,2025-04-29 17:02:00,Delivered,Amazon,PAY03223
O03224,C0010,2025-05-31 09:08:00,Cancelled,Myntra,PAY03224
O03225,C0079,2026-02-05 00:23:00,Delivered,Myntra,PAY03225
O03226,C0793,2025-01-13 03:33:00,Cancelled,Flipkart,PAY03226
O03227,C0115,2026-08-23 16:00:00,Delivered,Amazon,PAY03227
O03228,C0169,2025-11-24 07:55:00,Delivered,Amazon,PAY03228
O03229,C0051,2025-07-13 21:30:00,Delivered,Flipkart,PAY03229
O03230,C0106,2025-08-08 03:11:00,Delivered,Myntra,PAY03230
O03231,C0294,2026-07-09 02:09:00,Cancelled,Amazon,PAY03231
O03232,C0378,2026-06-07 04:55:00,Returned,Amazon,PAY03232
O03233,C0117,2026-05-05 16:04:00,Shipped,Amazon,PAY03233
O03234,C0028,2025-09-10 20:48:00,Delivered,Myntra,PAY03234
O03235,C0186,2026-01-06 07:52:00,Delivered,Flipkart,PAY03235
O03236,C0112,2025-03-03 13:02:00,Returned,Flipkart,PAY03236
O03237,C0105,2026-02-09 00:12:00,Cancelled,Myntra,PAY03237
O03238,C0924,2026-01-18 12:28:00,Shipped,Amazon,PAY03238
O03239,C0386,2025-05-11 15:39:00,Returned,Myntra,PAY03239
O03240,C0330,2026-02-21 20:55:00,Returned,Myntra,PAY03240
O03241,C0198,2025-06-11 07:38:00,Shipped,Flipkart,PAY03241
O03242,C0208,2026-05-25 02:27:00,Shipped,Amazon,PAY03242
O03243,C0314,2026-03-04 02:35:00,Delivered,Myntra,PAY03243
O03244,C0462,2025-05-30 20:02:00,Delivered,Flipkart,PAY03244
O03245,C0468,2026-02-07 08:29:00,Cancelled,Flipkart,PAY03245
O03246,C0082,2025-11-07 17:38:00,Delivered,Flipkart,PAY03246
O03247,C0276,2026-04-27 16:31:00,Delivered,Myntra,PAY03247
O03248,C0196,2026-08-27 22:35:00,Cancelled,Myntra,PAY03248
O03249,C0755,2026-09-06 21:50:00,Shipped,Amazon,PAY03249
O03250,C0400,2026-04-26 10:05:00,Cancelled,Flipkart,PAY03250
O03251,C0306,2025-12-17 17:33:00,Shipped,Myntra,PAY03251
O03252,C0055,2025-03-06 08:40:00,Delivered,Flipkart,PAY03252
O03253,C0376,2025-10-23 19:32:00,Delivered,Flipkart,PAY03253
O03254,C0056,2025-11-28 07:36:00,Delivered,Flipkart,PAY03254
O03255,C0161,2025-11-10 06:52:00,Delivered,Myntra,PAY03255
O03256,C0068,2026-02-26 08:16:00,Shipped,Flipkart,PAY03256
O03257,C0458,2025-07-12 19:56:00,Returned,Amazon,PAY03257
O03258,C0098,2025-10-30 06:43:00,Cancelled,Flipkart,PAY03258
O03259,C0187,2026-07-10 17:20:00,Delivered,Flipkart,PAY03259
O03260,C0802,2026-08-19 16:11:00,Delivered,Myntra,PAY03260
O03261,C0098,2025-10-26 20:15:00,Delivered,Myntra,PAY03261
O03262,C0283,2025-12-12 05:56:00,Cancelled,Flipkart,PAY03262
O03263,C0200,2026-01-19 07:25:00,Delivered,Myntra,PAY03263
O03264,C0009,2025-10-05 18:29:00,Shipped,Flipkart,PAY03264
O03265,C0607,2025-05-30 08:38:00,Delivered,Flipkart,PAY03265
O03266,C0033,2025-05-08 12:52:00,Shipped,Flipkart,PAY03266
O03267,C0251,2025-01-04 02:12:00,Returned,Flipkart,PAY03267
O03268,C0333,2026-05-22 14:59:00,Shipped,Myntra,PAY03268
O03269,C0398,2025-10-11 16:36:00,Delivered,Amazon,PAY03269
O03270,C0455,2025-09-30 01:27:00,Cancelled,Flipkart,PAY03270
O03271,C0121,2026-09-02 03:30:00,Delivered,Flipkart,PAY03271
O03272,C0005,2025-11-17 03:08:00,Delivered,Amazon,PAY03272
O03273,C0488,2026-01-06 01:02:00,Returned,Amazon,PAY03273
O03274,C0309,2025-10-12 03:35:00,Shipped,Flipkart,PAY03274
O03275,C0689,2025-05-11 03:59:00,Cancelled,Myntra,PAY03275
O03276,C0661,2026-03-10 06:02:00,Cancelled,Myntra,PAY03276
O03277,C0703,2025-03-03 00:07:00,Delivered,Myntra,PAY03277
O03278,C0261,2025-10-11 09:27:00,Delivered,Amazon,PAY03278
O03279,C0159,2025-08-14 19:38:00,Shipped,Flipkart,PAY03279
O03280,C0604,2026-07-20 11:53:00,Delivered,Amazon,PAY03280
O03281,C0229,2025-01-24 17:37:00,Delivered,Amazon,PAY03281
O03282,C0088,2025-06-25 12:13:00,Shipped,Myntra,PAY03282
O03283,C0725,2025-01-18 05:05:00,Shipped,Myntra,PAY03283
O03284,C0777,2026-09-21 08:51:00,Delivered,Amazon,PAY03284
O03285,C0243,2025-04-08 07:54:00,Delivered,Amazon,PAY03285
O03286,C0036,2025-09-05 14:39:00,Delivered,Amazon,PAY03286
O03287,C0185,2025-08-14 08:06:00,Delivered,Amazon,PAY03287
O03288,C0627,2025-11-12 13:37:00,Returned,Myntra,PAY03288
O03289,C0814,2026-01-31 14:13:00,Delivered,Amazon,PAY03289
O03290,C0097,2025-03-25 13:45:00,Delivered,Flipkart,PAY03290
O03291,C0032,2025-06-03 23:56:00,Delivered,Myntra,PAY03291
O03292,C0767,2026-01-25 00:34:00,Returned,Flipkart,PAY03292
O03293,C0185,2025-07-30 21:31:00,Delivered,Myntra,PAY03293
O03294,C0315,2025-12-17 10:01:00,Delivered,Myntra,PAY03294
O03295,C0940,2026-09-23 12:53:00,Delivered,Myntra,PAY03295
O03296,C0032,2025-07-30 11:09:00,Cancelled,Amazon,PAY03296
O03297,C0416,2026-09-08 22:43:00,Delivered,Amazon,PAY03297
O03298,C0036,2026-02-18 06:13:00,Delivered,Flipkart,PAY03298
O03299,C0179,2026-02-19 08:15:00,Cancelled,Flipkart,PAY03299
O03300,C0628,2025-08-25 12:38:00,Delivered,Amazon,PAY03300
O03301,C0212,2026-07-31 07:41:00,Cancelled,Amazon,PAY03301
O03302,C0995,2026-04-09 22:51:00,Delivered,Flipkart,PAY03302
O03303,C0332,2026-08-09 11:23:00,Delivered,Amazon,PAY03303
O03304,C0153,2026-05-18 13:46:00,Delivered,Flipkart,PAY03304
O03305,C0105,2025-04-02 13:16:00,Delivered,Amazon,PAY03305
O03306,C0167,2025-10-03 11:58:00,Delivered,Flipkart,PAY03306
O03307,C0177,2025-06-11 05:14:00,Returned,Myntra,PAY03307
O03308,C0033,2026-06-14 19:33:00,Returned,Amazon,PAY03308
O03309,C0176,2025-02-07 12:23:00,Delivered,Amazon,PAY03309
O03310,C0242,2025-04-03 22:58:00,Delivered,Amazon,PAY03310
O03311,C0487,2026-09-23 22:35:00,Delivered,Flipkart,PAY03311
O03312,C0424,2025-03-23 16:59:00,Delivered,Flipkart,PAY03312
O03313,C0474,2025-06-02 09:09:00,Returned,Flipkart,PAY03313
O03314,C0004,2025-10-13 05:14:00,Delivered,Flipkart,PAY03314
O03315,C0104,2025-06-20 16:04:00,Delivered,Amazon,PAY03315
O03316,C0429,2026-09-28 01:36:00,Cancelled,Myntra,PAY03316
O03317,C0260,2025-06-30 09:35:00,Delivered,Flipkart,PAY03317
O03318,C0003,2025-06-21 07:01:00,Returned,Amazon,PAY03318
O03319,C0629,2026-09-10 22:04:00,Delivered,Amazon,PAY03319
O03320,C0569,2025-10-03 05:34:00,Delivered,Flipkart,PAY03320
O03321,C0321,2026-07-21 11:46:00,Delivered,Amazon,PAY03321
O03322,C0032,2026-07-01 05:15:00,Returned,Amazon,PAY03322
O03323,C0557,2025-11-30 05:49:00,Delivered,Myntra,PAY03323
O03324,C0355,2025-01-22 16:32:00,Delivered,Flipkart,PAY03324
O03325,C0586,2025-05-19 05:03:00,Delivered,Amazon,PAY03325
O03326,C0529,2025-05-16 07:55:00,Shipped,Flipkart,PAY03326
O03327,C0626,2026-08-11 08:29:00,Delivered,Flipkart,PAY03327
O03328,C0293,2025-06-29 22:07:00,Cancelled,Amazon,PAY03328
O03329,C0067,2025-06-15 20:38:00,Returned,Amazon,PAY03329
O03330,C0438,2025-03-10 12:08:00,Delivered,Flipkart,PAY03330
O03331,C0390,2026-04-17 16:51:00,Delivered,Myntra,PAY03331
O03332,C0511,2026-02-09 17:34:00,Cancelled,Flipkart,PAY03332
O03333,C0081,2026-06-22 14:41:00,Shipped,Flipkart,PAY03333
O03334,C0093,2026-09-13 18:45:00,Returned,Myntra,PAY03334
O03335,C0792,2026-02-19 08:33:00,Delivered,Amazon,PAY03335
O03336,C0525,2026-05-31 15:08:00,Returned,Amazon,PAY03336
O03337,C0826,2025-07-31 02:38:00,Delivered,Flipkart,PAY03337
O03338,C0542,2025-04-29 19:57:00,Delivered,Flipkart,PAY03338
O03339,C0368,2026-01-20 09:23:00,Delivered,Flipkart,PAY03339
O03340,C0422,2026-05-14 06:48:00,Delivered,Amazon,PAY03340
O03341,C0790,2026-03-22 20:48:00,Delivered,Flipkart,PAY03341
O03342,C0350,2026-08-28 23:08:00,Cancelled,Flipkart,PAY03342
O03343,C0401,2026-02-10 07:09:00,Delivered,Amazon,PAY03343
O03344,C0075,2026-03-26 08:31:00,Delivered,Flipkart,PAY03344
O03345,C0251,2026-04-22 11:56:00,Delivered,Flipkart,PAY03345
O03346,C0481,2025-05-14 13:03:00,Delivered,Amazon,PAY03346
O03347,C0129,2025-04-14 09:23:00,Delivered,Flipkart,PAY03347
O03348,C0097,2026-04-22 12:56:00,Cancelled,Flipkart,PAY03348
O03349,C0150,2025-03-21 19:18:00,Delivered,Myntra,PAY03349
O03350,C0115,2026-07-19 15:02:00,Returned,Flipkart,PAY03350
O03351,C0103,2025-03-11 11:21:00,Delivered,Flipkart,PAY03351
O03352,C0204,2026-06-03 05:00:00,Delivered,Amazon,PAY03352
O03353,C0825,2026-07-30 08:03:00,Delivered,Myntra,PAY03353
O03354,C0282,2025-08-12 20:33:00,Delivered,Amazon,PAY03354
O03355,C0090,2026-04-05 12:21:00,Returned,Myntra,PAY03355
O03356,C0037,2026-04-17 11:39:00,Delivered,Flipkart,PAY03356
O03357,C0462,2026-01-12 01:51:00,Shipped,Myntra,PAY03357
O03358,C0182,2025-05-07 14:48:00,Delivered,Flipkart,PAY03358
O03359,C0662,2026-06-11 01:42:00,Returned,Myntra,PAY03359
O03360,C0427,2026-08-03 16:04:00,Delivered,Flipkart,PAY03360
O03361,C0613,2025-12-05 21:45:00,Delivered,Myntra,PAY03361
O03362,C0130,2025-10-01 04:09:00,Returned,Amazon,PAY03362
O03363,C0458,2025-04-06 19:24:00,Delivered,Flipkart,PAY03363
O03364,C0126,2025-08-14 01:02:00,Delivered,Amazon,PAY03364
O03365,C0885,2025-05-17 06:26:00,Shipped,Amazon,PAY03365
O03366,C0405,2026-03-04 04:27:00,Shipped,Myntra,PAY03366
O03367,C0155,2025-09-19 06:00:00,Delivered,Amazon,PAY03367
O03368,C0129,2025-02-08 08:46:00,Delivered,Amazon,PAY03368
O03369,C0091,2025-08-13 14:58:00,Delivered,Myntra,PAY03369
O03370,C0460,2026-05-21 03:05:00,Cancelled,Flipkart,PAY03370
O03371,C0104,2025-12-17 19:46:00,Delivered,Flipkart,PAY03371
O03372,C0366,2025-09-22 18:35:00,Shipped,Myntra,PAY03372
O03373,C0126,2025-12-05 20:42:00,Delivered,Myntra,PAY03373
O03374,C0429,2025-06-09 21:43:00,Returned,Myntra,PAY03374
O03375,C0649,2026-08-27 16:43:00,Delivered,Myntra,PAY03375
O03376,C0579,2025-09-09 07:52:00,Delivered,Flipkart,PAY03376
O03377,C0546,2026-05-10 08:21:00,Shipped,Flipkart,PAY03377
O03378,C0090,2026-05-26 23:25:00,Delivered,Myntra,PAY03378
O03379,C0042,2025-11-04 08:06:00,Returned,Amazon,PAY03379
O03380,C0465,2026-07-23 07:54:00,Returned,Amazon,PAY03380
O03381,C0175,2025-09-12 14:57:00,Delivered,Amazon,PAY03381
O03382,C0211,2026-07-10 16:23:00,Delivered,Myntra,PAY03382
O03383,C0015,2026-02-14 13:36:00,Delivered,Flipkart,PAY03383
O03384,C0124,2025-03-25 07:10:00,Shipped,Flipkart,PAY03384
O03385,C0016,2025-03-09 10:59:00,Delivered,Flipkart,PAY03385
O03386,C0771,2026-02-20 13:09:00,Delivered,Flipkart,PAY03386
O03387,C0116,2025-02-01 10:23:00,Delivered,Flipkart,PAY03387
O03388,C0330,2025-08-30 15:56:00,Delivered,Flipkart,PAY03388
O03389,C0019,2026-08-26 06:25:00,Delivered,Amazon,PAY03389
O03390,C0434,2025-10-21 07:39:00,Returned,Amazon,PAY03390
O03391,C0154,2025-12-11 05:38:00,Delivered,Myntra,PAY03391
O03392,C0807,2026-01-21 02:06:00,Delivered,Amazon,PAY03392
O03393,C0788,2025-01-09 04:34:00,Delivered,Flipkart,PAY03393
O03394,C0155,2025-04-05 22:41:00,Delivered,Amazon,PAY03394
O03395,C0812,2025-01-03 15:11:00,Delivered,Amazon,PAY03395
O03396,C0993,2025-10-26 11:43:00,Cancelled,Myntra,PAY03396
O03397,C0669,2026-01-01 21:36:00,Delivered,Amazon,PAY03397
O03398,C0706,2025-06-19 09:21:00,Delivered,Amazon,PAY03398
O03399,C0119,2026-08-20 02:02:00,Shipped,Amazon,PAY03399
O03400,C0348,2025-07-16 05:57:00,Delivered,Flipkart,PAY03400
O03401,C0032,2025-04-21 08:37:00,Delivered,Myntra,PAY03401
O03402,C0046,2026-06-23 02:53:00,Shipped,Flipkart,PAY03402
O03403,C0998,2025-05-22 02:29:00,Shipped,Flipkart,PAY03403
O03404,C0156,2025-06-11 20:49:00,Cancelled,Myntra,PAY03404
O03405,C0522,2025-04-09 15:38:00,Delivered,Myntra,PAY03405
O03406,C0633,2025-10-18 01:25:00,Returned,Flipkart,PAY03406
O03407,C0731,2025-06-16 22:30:00,Returned,Flipkart,PAY03407
O03408,C0996,2026-01-03 16:19:00,Delivered,Myntra,PAY03408
O03409,C0115,2026-02-15 13:51:00,Delivered,Flipkart,PAY03409
O03410,C0020,2025-12-01 06:15:00,Delivered,Amazon,PAY03410
O03411,C0196,2025-06-08 01:05:00,Delivered,Myntra,PAY03411
O03412,C0062,2025-05-01 04:06:00,Delivered,Amazon,PAY03412
O03413,C0011,2025-06-02 23:04:00,Delivered,Flipkart,PAY03413
O03414,C0172,2025-11-24 18:15:00,Cancelled,Flipkart,PAY03414
O03415,C0590,2026-03-22 13:07:00,Cancelled,Myntra,PAY03415
O03416,C0338,2026-07-20 23:37:00,Delivered,Myntra,PAY03416
O03417,C0149,2025-08-03 15:41:00,Delivered,Flipkart,PAY03417
O03418,C0422,2025-06-10 12:12:00,Delivered,Amazon,PAY03418
O03419,C0111,2025-02-20 01:53:00,Returned,Flipkart,PAY03419
O03420,C0007,2026-02-03 05:52:00,Delivered,Flipkart,PAY03420
O03421,C0553,2026-02-12 22:55:00,Delivered,Flipkart,PAY03421
O03422,C0393,2025-05-17 10:47:00,Cancelled,Flipkart,PAY03422
O03423,C0549,2025-11-19 18:55:00,Cancelled,Amazon,PAY03423
O03424,C0019,2025-01-08 05:16:00,Delivered,Amazon,PAY03424
O03425,C0691,2026-05-14 10:09:00,Delivered,Amazon,PAY03425
O03426,C0389,2025-09-03 16:38:00,Delivered,Flipkart,PAY03426
O03427,C0336,2025-07-27 23:11:00,Delivered,Amazon,PAY03427
O03428,C0394,2025-01-10 20:23:00,Cancelled,Flipkart,PAY03428
O03429,C0743,2026-09-22 11:21:00,Delivered,Amazon,PAY03429
O03430,C0358,2026-05-10 16:12:00,Delivered,Amazon,PAY03430
O03431,C0352,2025-12-07 21:42:00,Returned,Myntra,PAY03431
O03432,C0983,2026-06-02 08:33:00,Delivered,Myntra,PAY03432
O03433,C0538,2026-08-28 19:59:00,Shipped,Amazon,PAY03433
O03434,C0221,2026-03-22 23:51:00,Delivered,Flipkart,PAY03434
O03435,C0473,2026-08-29 17:18:00,Shipped,Flipkart,PAY03435
O03436,C0185,2025-02-15 09:21:00,Delivered,Flipkart,PAY03436
O03437,C0109,2026-08-27 20:50:00,Delivered,Flipkart,PAY03437
O03438,C0368,2026-03-04 14:58:00,Shipped,Myntra,PAY03438
O03439,C0864,2025-08-25 10:53:00,Shipped,Amazon,PAY03439
O03440,C0866,2026-04-06 08:19:00,Cancelled,Amazon,PAY03440
O03441,C0163,2025-08-23 21:57:00,Shipped,Flipkart,PAY03441
O03442,C0302,2026-02-09 08:00:00,Shipped,Amazon,PAY03442
O03443,C0101,2025-02-11 07:52:00,Delivered,Amazon,PAY03443
O03444,C0992,2026-02-11 00:27:00,Delivered,Amazon,PAY03444
O03445,C0965,2025-10-08 17:52:00,Shipped,Flipkart,PAY03445
O03446,C0418,2025-01-17 16:55:00,Cancelled,Myntra,PAY03446
O03447,C0629,2025-11-10 19:42:00,Delivered,Flipkart,PAY03447
O03448,C0480,2026-08-18 06:34:00,Cancelled,Myntra,PAY03448
O03449,C0364,2025-10-22 03:54:00,Delivered,Flipkart,PAY03449
O03450,C0026,2026-07-29 23:21:00,Delivered,Myntra,PAY03450
O03451,C0233,2025-07-25 00:43:00,Delivered,Amazon,PAY03451
O03452,C0442,2025-12-03 20:15:00,Delivered,Amazon,PAY03452
O03453,C0444,2025-04-12 04:59:00,Cancelled,Myntra,PAY03453
O03454,C0178,2025-09-22 05:42:00,Delivered,Myntra,PAY03454
O03455,C0890,2025-09-21 13:10:00,Delivered,Amazon,PAY03455
O03456,C0080,2025-06-17 11:06:00,Returned,Flipkart,PAY03456
O03457,C0276,2025-11-13 17:44:00,Shipped,Myntra,PAY03457
O03458,C0457,2025-03-12 02:09:00,Returned,Amazon,PAY03458
O03459,C0463,2025-01-04 07:04:00,Returned,Flipkart,PAY03459
O03460,C0417,2025-07-03 03:48:00,Delivered,Flipkart,PAY03460
O03461,C0131,2025-05-05 16:49:00,Returned,Myntra,PAY03461
O03462,C0075,2026-04-22 16:07:00,Delivered,Myntra,PAY03462
O03463,C0405,2026-09-22 08:50:00,Delivered,Flipkart,PAY03463
O03464,C0370,2025-04-05 11:11:00,Delivered,Amazon,PAY03464
O03465,C0086,2026-07-13 08:46:00,Delivered,Myntra,PAY03465
O03466,C0470,2025-03-30 02:10:00,Delivered,Flipkart,PAY03466
O03467,C0233,2025-06-14 16:52:00,Cancelled,Myntra,PAY03467
O03468,C0435,2025-07-18 15:59:00,Returned,Myntra,PAY03468
O03469,C0691,2025-12-26 00:21:00,Returned,Flipkart,PAY03469
O03470,C0081,2026-03-19 03:51:00,Shipped,Flipkart,PAY03470
O03471,C0010,2025-08-06 05:12:00,Shipped,Myntra,PAY03471
O03472,C0581,2026-05-11 18:47:00,Cancelled,Amazon,PAY03472
O03473,C0380,2025-08-21 21:59:00,Returned,Flipkart,PAY03473
O03474,C0465,2026-07-25 14:24:00,Delivered,Myntra,PAY03474
O03475,C0693,2026-01-13 06:57:00,Delivered,Amazon,PAY03475
O03476,C0626,2026-04-09 06:00:00,Shipped,Flipkart,PAY03476
O03477,C0926,2025-01-18 21:59:00,Delivered,Myntra,PAY03477
O03478,C0310,2025-12-13 13:47:00,Returned,Amazon,PAY03478
O03479,C0265,2025-11-19 14:05:00,Delivered,Amazon,PAY03479
O03480,C0191,2026-09-01 16:35:00,Returned,Amazon,PAY03480
O03481,C0074,2026-08-31 04:30:00,Delivered,Myntra,PAY03481
O03482,C0344,2026-07-19 23:48:00,Delivered,Amazon,PAY03482
O03483,C0132,2025-02-03 20:20:00,Delivered,Flipkart,PAY03483
O03484,C0851,2026-07-04 13:18:00,Delivered,Amazon,PAY03484
O03485,C0355,2025-02-26 09:42:00,Delivered,Myntra,PAY03485
O03486,C0364,2025-09-22 12:09:00,Delivered,Flipkart,PAY03486
O03487,C0169,2026-02-26 02:33:00,Delivered,Amazon,PAY03487
O03488,C0025,2026-05-26 09:47:00,Delivered,Flipkart,PAY03488
O03489,C0016,2025-01-24 00:18:00,Delivered,Amazon,PAY03489
O03490,C0203,2025-04-06 04:59:00,Shipped,Myntra,PAY03490
O03491,C0041,2026-09-06 03:23:00,Delivered,Amazon,PAY03491
O03492,C0377,2025-09-28 10:20:00,Delivered,Amazon,PAY03492
O03493,C0774,2026-08-14 06:37:00,Returned,Amazon,PAY03493
O03494,C0778,2025-08-26 01:17:00,Delivered,Myntra,PAY03494
O03495,C0427,2026-07-09 02:51:00,Cancelled,Myntra,PAY03495
O03496,C0101,2026-08-15 22:34:00,Delivered,Myntra,PAY03496
O03497,C0740,2025-11-01 03:57:00,Delivered,Amazon,PAY03497
O03498,C0784,2025-11-16 13:05:00,Cancelled,Flipkart,PAY03498
O03499,C0094,2025-10-03 23:03:00,Delivered,Amazon,PAY03499
O03500,C0502,2025-04-07 18:00:00,Delivered,Flipkart,PAY03500
O03501,C0137,2025-02-13 15:51:00,Delivered,Flipkart,PAY03501
O03502,C0626,2026-07-09 03:16:00,Delivered,Myntra,PAY03502
O03503,C0995,2026-07-29 07:05:00,Delivered,Amazon,PAY03503
O03504,C0015,2025-07-09 20:58:00,Shipped,Myntra,PAY03504
O03505,C0805,2025-04-17 20:51:00,Delivered,Flipkart,PAY03505
O03506,C0392,2025-08-12 23:45:00,Delivered,Amazon,PAY03506
O03507,C0950,2026-06-06 07:26:00,Delivered,Myntra,PAY03507
O03508,C0242,2026-06-20 08:36:00,Returned,Myntra,PAY03508
O03509,C0711,2025-07-12 15:35:00,Delivered,Amazon,PAY03509
O03510,C0030,2026-03-17 06:39:00,Cancelled,Flipkart,PAY03510
O03511,C0160,2025-07-17 16:18:00,Delivered,Amazon,PAY03511
O03512,C0032,2026-02-19 18:26:00,Shipped,Flipkart,PAY03512
O03513,C0954,2025-10-03 07:39:00,Returned,Amazon,PAY03513
O03514,C0653,2026-03-07 08:41:00,Shipped,Flipkart,PAY03514
O03515,C0720,2025-01-02 03:25:00,Shipped,Amazon,PAY03515
O03516,C0883,2025-09-17 22:08:00,Shipped,Amazon,PAY03516
O03517,C0041,2026-08-18 03:42:00,Delivered,Amazon,PAY03517
O03518,C0184,2025-02-11 07:15:00,Cancelled,Amazon,PAY03518
O03519,C0034,2025-03-15 21:25:00,Delivered,Amazon,PAY03519
O03520,C0101,2025-10-11 03:36:00,Delivered,Myntra,PAY03520
O03521,C0109,2025-08-04 22:07:00,Returned,Myntra,PAY03521
O03522,C0246,2025-01-15 13:06:00,Delivered,Amazon,PAY03522
O03523,C0128,2026-04-03 04:09:00,Cancelled,Myntra,PAY03523
O03524,C0048,2025-05-07 11:20:00,Delivered,Flipkart,PAY03524
O03525,C0080,2026-06-16 21:17:00,Delivered,Myntra,PAY03525
O03526,C0070,2025-07-26 20:09:00,Delivered,Flipkart,PAY03526
O03527,C0949,2025-12-28 06:55:00,Cancelled,Myntra,PAY03527
O03528,C0543,2025-09-06 15:31:00,Delivered,Flipkart,PAY03528
O03529,C0939,2025-02-20 08:00:00,Delivered,Flipkart,PAY03529
O03530,C0218,2025-06-12 01:50:00,Returned,Amazon,PAY03530
O03531,C0133,2026-04-15 16:18:00,Delivered,Flipkart,PAY03531
O03532,C0617,2025-04-24 09:09:00,Delivered,Flipkart,PAY03532
O03533,C0155,2025-07-01 13:49:00,Delivered,Flipkart,PAY03533
O03534,C0143,2026-06-27 02:37:00,Delivered,Flipkart,PAY03534
O03535,C0111,2025-11-07 20:14:00,Delivered,Amazon,PAY03535
O03536,C0062,2025-10-10 15:24:00,Delivered,Amazon,PAY03536
O03537,C0122,2026-05-07 07:28:00,Delivered,Amazon,PAY03537
O03538,C0169,2025-08-29 20:31:00,Delivered,Amazon,PAY03538
O03539,C0441,2026-07-19 16:41:00,Delivered,Amazon,PAY03539
O03540,C0030,2025-10-02 23:23:00,Shipped,Flipkart,PAY03540
O03541,C0100,2025-04-12 08:55:00,Cancelled,Myntra,PAY03541
O03542,C0638,2025-11-14 23:25:00,Delivered,Amazon,PAY03542
O03543,C0070,2026-08-04 03:15:00,Delivered,Flipkart,PAY03543
O03544,C0163,2025-09-08 21:59:00,Shipped,Myntra,PAY03544
O03545,C0743,2026-08-12 16:58:00,Delivered,Myntra,PAY03545
O03546,C0074,2026-05-24 16:00:00,Delivered,Amazon,PAY03546
O03547,C0040,2025-12-02 22:49:00,Shipped,Flipkart,PAY03547
O03548,C0261,2026-08-05 10:00:00,Delivered,Amazon,PAY03548
O03549,C0144,2025-07-11 03:46:00,Delivered,Myntra,PAY03549
O03550,C0336,2026-03-12 08:44:00,Returned,Flipkart,PAY03550
O03551,C0628,2026-08-24 06:40:00,Delivered,Myntra,PAY03551
O03552,C0066,2026-09-09 18:36:00,Delivered,Amazon,PAY03552
O03553,C0352,2026-01-25 15:39:00,Delivered,Amazon,PAY03553
O03554,C0281,2025-11-29 01:54:00,Delivered,Flipkart,PAY03554
O03555,C0069,2026-04-28 07:34:00,Delivered,Flipkart,PAY03555
O03556,C0393,2025-08-22 13:35:00,Delivered,Myntra,PAY03556
O03557,C0130,2025-03-20 03:36:00,Delivered,Amazon,PAY03557
O03558,C0264,2026-02-25 01:13:00,Delivered,Flipkart,PAY03558
O03559,C0040,2026-07-02 23:04:00,Delivered,Myntra,PAY03559
O03560,C0237,2026-07-16 14:45:00,Delivered,Amazon,PAY03560
O03561,C0146,2025-08-08 06:23:00,Delivered,Amazon,PAY03561
O03562,C0663,2025-09-20 00:58:00,Shipped,Flipkart,PAY03562
O03563,C0028,2025-05-04 08:41:00,Shipped,Flipkart,PAY03563
O03564,C0199,2025-08-03 02:21:00,Delivered,Myntra,PAY03564
O03565,C0236,2025-05-02 02:51:00,Delivered,Myntra,PAY03565
O03566,C0489,2026-07-04 23:40:00,Returned,Amazon,PAY03566
O03567,C0346,2025-02-15 15:44:00,Delivered,Myntra,PAY03567
O03568,C0434,2025-06-21 21:48:00,Cancelled,Myntra,PAY03568
O03569,C0577,2025-01-07 15:52:00,Delivered,Flipkart,PAY03569
O03570,C0739,2025-12-05 03:05:00,Shipped,Myntra,PAY03570
O03571,C0150,2025-08-23 18:17:00,Delivered,Flipkart,PAY03571
O03572,C0312,2025-12-24 11:48:00,Delivered,Myntra,PAY03572
O03573,C0697,2025-06-18 00:47:00,Delivered,Myntra,PAY03573
O03574,C0980,2026-08-09 00:42:00,Delivered,Amazon,PAY03574
O03575,C0791,2025-06-26 05:14:00,Cancelled,Amazon,PAY03575
O03576,C0177,2025-07-03 06:52:00,Delivered,Amazon,PAY03576
O03577,C0093,2025-05-16 09:29:00,Delivered,Myntra,PAY03577
O03578,C0265,2026-04-06 07:39:00,Delivered,Amazon,PAY03578
O03579,C0510,2025-05-01 23:58:00,Cancelled,Amazon,PAY03579
O03580,C0268,2026-01-11 20:48:00,Returned,Flipkart,PAY03580
O03581,C0260,2026-03-19 04:44:00,Delivered,Amazon,PAY03581
O03582,C0693,2026-05-01 12:00:00,Delivered,Flipkart,PAY03582
O03583,C0172,2025-02-05 17:11:00,Cancelled,Flipkart,PAY03583
O03584,C0734,2025-04-22 02:48:00,Delivered,Amazon,PAY03584
O03585,C0194,2025-03-16 04:26:00,Delivered,Flipkart,PAY03585
O03586,C0156,2025-08-23 22:52:00,Delivered,Flipkart,PAY03586
O03587,C0232,2026-06-17 22:35:00,Cancelled,Myntra,PAY03587
O03588,C0549,2026-08-29 18:21:00,Delivered,Amazon,PAY03588
O03589,C0060,2026-09-01 17:42:00,Shipped,Amazon,PAY03589
O03590,C0094,2026-04-05 13:11:00,Shipped,Flipkart,PAY03590
O03591,C0908,2025-10-13 10:16:00,Shipped,Amazon,PAY03591
O03592,C0084,2025-01-21 06:25:00,Delivered,Flipkart,PAY03592
O03593,C0340,2026-07-03 14:59:00,Delivered,Myntra,PAY03593
O03594,C0351,2025-04-29 22:08:00,Delivered,Amazon,PAY03594
O03595,C0266,2026-07-01 03:35:00,Delivered,Flipkart,PAY03595
O03596,C0413,2026-08-18 22:47:00,Returned,Amazon,PAY03596
O03597,C0110,2025-02-24 16:11:00,Shipped,Amazon,PAY03597
O03598,C0326,2025-05-10 07:58:00,Delivered,Myntra,PAY03598
O03599,C0177,2026-09-14 17:56:00,Delivered,Amazon,PAY03599
O03600,C0429,2026-07-06 17:05:00,Delivered,Myntra,PAY03600
O03601,C0068,2026-07-05 02:16:00,Delivered,Flipkart,PAY03601
O03602,C0343,2026-07-17 04:52:00,Delivered,Amazon,PAY03602
O03603,C0089,2026-03-14 15:54:00,Returned,Amazon,PAY03603
O03604,C0133,2025-05-24 07:44:00,Cancelled,Amazon,PAY03604
O03605,C0104,2026-06-15 04:39:00,Delivered,Amazon,PAY03605
O03606,C0087,2026-03-09 23:40:00,Shipped,Amazon,PAY03606
O03607,C0669,2025-11-26 14:10:00,Cancelled,Flipkart,PAY03607
O03608,C0136,2025-12-12 00:02:00,Returned,Amazon,PAY03608
O03609,C0862,2025-01-28 21:44:00,Delivered,Myntra,PAY03609
O03610,C0943,2025-02-01 02:20:00,Delivered,Myntra,PAY03610
O03611,C0343,2026-08-23 02:05:00,Cancelled,Amazon,PAY03611
O03612,C0068,2026-05-08 03:28:00,Returned,Myntra,PAY03612
O03613,C0178,2026-01-16 01:50:00,Cancelled,Myntra,PAY03613
O03614,C0616,2026-09-12 00:46:00,Delivered,Flipkart,PAY03614
O03615,C0175,2025-11-17 12:43:00,Delivered,Myntra,PAY03615
O03616,C0042,2025-10-24 09:16:00,Delivered,Amazon,PAY03616
O03617,C0329,2026-07-13 04:38:00,Cancelled,Myntra,PAY03617
O03618,C0706,2026-07-07 15:18:00,Delivered,Myntra,PAY03618
O03619,C0613,2025-03-20 04:11:00,Returned,Flipkart,PAY03619
O03620,C0084,2026-05-29 19:50:00,Delivered,Flipkart,PAY03620
O03621,C0440,2026-01-24 15:02:00,Shipped,Flipkart,PAY03621
O03622,C0105,2026-04-24 00:02:00,Shipped,Amazon,PAY03622
O03623,C0104,2025-01-03 21:16:00,Delivered,Flipkart,PAY03623
O03624,C0761,2025-12-20 20:21:00,Delivered,Flipkart,PAY03624
O03625,C0119,2026-06-13 08:33:00,Delivered,Flipkart,PAY03625
O03626,C0126,2026-01-22 18:07:00,Delivered,Flipkart,PAY03626
O03627,C0001,2025-06-02 08:32:00,Delivered,Flipkart,PAY03627
O03628,C0755,2026-01-14 21:03:00,Delivered,Flipkart,PAY03628
O03629,C0606,2025-06-24 18:24:00,Cancelled,Amazon,PAY03629
O03630,C0396,2026-07-20 22:02:00,Cancelled,Flipkart,PAY03630
O03631,C0526,2025-02-24 13:13:00,Delivered,Flipkart,PAY03631
O03632,C0073,2026-09-09 19:35:00,Delivered,Myntra,PAY03632
O03633,C0236,2025-12-30 00:49:00,Shipped,Myntra,PAY03633
O03634,C0167,2026-06-23 05:08:00,Delivered,Amazon,PAY03634
O03635,C0045,2025-10-02 01:59:00,Delivered,Flipkart,PAY03635
O03636,C0262,2025-09-16 16:07:00,Shipped,Myntra,PAY03636
O03637,C0850,2025-01-06 08:40:00,Cancelled,Flipkart,PAY03637
O03638,C0020,2025-07-01 17:30:00,Delivered,Amazon,PAY03638
O03639,C0139,2026-06-13 06:24:00,Cancelled,Amazon,PAY03639
O03640,C0099,2026-06-26 20:04:00,Delivered,Flipkart,PAY03640
O03641,C0114,2025-09-06 04:43:00,Delivered,Amazon,PAY03641
O03642,C0827,2026-02-14 19:43:00,Delivered,Myntra,PAY03642
O03643,C0245,2025-06-24 16:36:00,Cancelled,Myntra,PAY03643
O03644,C0243,2025-11-11 13:19:00,Delivered,Amazon,PAY03644
O03645,C0546,2025-09-06 13:48:00,Cancelled,Amazon,PAY03645
O03646,C0074,2026-01-13 23:46:00,Returned,Myntra,PAY03646
O03647,C0263,2026-03-18 06:06:00,Delivered,Flipkart,PAY03647
O03648,C0209,2025-03-26 14:55:00,Delivered,Flipkart,PAY03648
O03649,C0368,2025-10-26 20:24:00,Delivered,Flipkart,PAY03649
O03650,C1000,2026-01-18 09:55:00,Returned,Amazon,PAY03650
O03651,C0562,2025-07-11 12:50:00,Delivered,Myntra,PAY03651
O03652,C0189,2026-01-13 10:34:00,Cancelled,Amazon,PAY03652
O03653,C0673,2025-10-28 06:55:00,Cancelled,Amazon,PAY03653
O03654,C0082,2025-03-28 15:24:00,Delivered,Flipkart,PAY03654
O03655,C0015,2025-10-14 09:32:00,Shipped,Myntra,PAY03655
O03656,C0098,2026-06-02 00:49:00,Delivered,Myntra,PAY03656
O03657,C0162,2025-04-22 11:15:00,Shipped,Myntra,PAY03657
O03658,C0286,2026-05-28 16:11:00,Returned,Flipkart,PAY03658
O03659,C0385,2025-12-06 23:08:00,Delivered,Myntra,PAY03659
O03660,C0831,2025-03-05 21:44:00,Delivered,Amazon,PAY03660
O03661,C0285,2025-10-24 21:40:00,Delivered,Flipkart,PAY03661
O03662,C0277,2025-09-02 06:58:00,Delivered,Amazon,PAY03662
O03663,C0024,2025-12-30 06:53:00,Shipped,Flipkart,PAY03663
O03664,C0017,2026-08-25 10:56:00,Cancelled,Amazon,PAY03664
O03665,C0324,2026-02-09 23:14:00,Returned,Amazon,PAY03665
O03666,C0217,2025-04-15 02:06:00,Cancelled,Myntra,PAY03666
O03667,C0695,2026-04-11 16:29:00,Cancelled,Amazon,PAY03667
O03668,C0077,2026-07-12 01:38:00,Delivered,Amazon,PAY03668
O03669,C0012,2026-08-31 02:40:00,Cancelled,Amazon,PAY03669
O03670,C0227,2026-05-20 06:08:00,Delivered,Myntra,PAY03670
O03671,C0113,2025-11-27 07:02:00,Delivered,Amazon,PAY03671
O03672,C0024,2025-03-20 02:58:00,Returned,Myntra,PAY03672
O03673,C0489,2026-06-02 15:48:00,Delivered,Flipkart,PAY03673
O03674,C0054,2025-04-08 14:32:00,Returned,Flipkart,PAY03674
O03675,C0378,2026-07-20 23:55:00,Shipped,Amazon,PAY03675
O03676,C0134,2025-01-11 05:13:00,Returned,Amazon,PAY03676
O03677,C0083,2025-01-31 18:06:00,Delivered,Flipkart,PAY03677
O03678,C0181,2025-04-25 17:08:00,Returned,Myntra,PAY03678
O03679,C0623,2026-06-21 00:15:00,Cancelled,Flipkart,PAY03679
O03680,C0187,2025-12-08 15:40:00,Cancelled,Flipkart,PAY03680
O03681,C0527,2025-09-28 23:18:00,Returned,Myntra,PAY03681
O03682,C0060,2025-05-03 23:58:00,Delivered,Amazon,PAY03682
O03683,C0569,2026-09-28 21:13:00,Delivered,Flipkart,PAY03683
O03684,C0113,2026-09-17 11:08:00,Delivered,Amazon,PAY03684
O03685,C0444,2025-11-15 19:04:00,Returned,Amazon,PAY03685
O03686,C0338,2026-06-23 20:49:00,Shipped,Flipkart,PAY03686
O03687,C0866,2025-04-22 17:18:00,Delivered,Amazon,PAY03687
O03688,C0184,2026-02-11 16:30:00,Delivered,Amazon,PAY03688
O03689,C0032,2026-08-24 04:48:00,Delivered,Amazon,PAY03689
O03690,C0010,2025-06-24 23:10:00,Delivered,Myntra,PAY03690
O03691,C0672,2026-09-09 16:09:00,Delivered,Amazon,PAY03691
O03692,C0299,2026-04-08 08:21:00,Delivered,Flipkart,PAY03692
O03693,C0573,2025-03-20 02:16:00,Delivered,Myntra,PAY03693
O03694,C0112,2025-10-29 04:33:00,Shipped,Flipkart,PAY03694
O03695,C0164,2025-02-13 11:40:00,Delivered,Flipkart,PAY03695
O03696,C0015,2025-09-01 15:59:00,Delivered,Flipkart,PAY03696
O03697,C0927,2026-03-22 23:02:00,Shipped,Myntra,PAY03697
O03698,C0435,2025-04-09 03:47:00,Delivered,Flipkart,PAY03698
O03699,C0874,2025-01-19 01:12:00,Returned,Amazon,PAY03699
O03700,C0127,2026-06-17 06:23:00,Delivered,Flipkart,PAY03700
O03701,C0381,2026-09-15 02:52:00,Returned,Amazon,PAY03701
O03702,C0445,2026-01-31 04:43:00,Delivered,Amazon,PAY03702
O03703,C0151,2025-11-25 23:13:00,Delivered,Amazon,PAY03703
O03704,C0712,2025-08-12 08:57:00,Delivered,Flipkart,PAY03704
O03705,C0900,2025-02-23 13:32:00,Shipped,Amazon,PAY03705
O03706,C0782,2026-03-23 18:06:00,Delivered,Myntra,PAY03706
O03707,C0505,2026-05-12 13:48:00,Shipped,Myntra,PAY03707
O03708,C0132,2025-05-27 19:13:00,Shipped,Flipkart,PAY03708
O03709,C0134,2025-10-25 23:02:00,Delivered,Amazon,PAY03709
O03710,C0931,2025-11-08 17:00:00,Returned,Myntra,PAY03710
O03711,C0005,2026-04-04 06:21:00,Delivered,Amazon,PAY03711
O03712,C0481,2026-05-04 21:58:00,Shipped,Myntra,PAY03712
O03713,C0471,2026-06-26 04:26:00,Delivered,Amazon,PAY03713
O03714,C0392,2025-08-28 20:23:00,Shipped,Myntra,PAY03714
O03715,C0982,2025-05-08 01:06:00,Cancelled,Flipkart,PAY03715
O03716,C0149,2026-04-08 22:44:00,Delivered,Myntra,PAY03716
O03717,C0162,2025-02-18 16:23:00,Shipped,Myntra,PAY03717
O03718,C0038,2025-03-08 09:18:00,Shipped,Amazon,PAY03718
O03719,C0221,2025-01-17 22:28:00,Delivered,Myntra,PAY03719
O03720,C0124,2025-06-19 12:48:00,Shipped,Myntra,PAY03720
O03721,C0164,2026-08-10 19:40:00,Delivered,Myntra,PAY03721
O03722,C0686,2026-08-10 12:55:00,Returned,Myntra,PAY03722
O03723,C0878,2025-10-31 17:41:00,Shipped,Myntra,PAY03723
O03724,C0089,2026-04-13 02:56:00,Shipped,Flipkart,PAY03724
O03725,C0177,2025-05-29 17:50:00,Delivered,Myntra,PAY03725
O03726,C0865,2026-01-29 20:36:00,Delivered,Amazon,PAY03726
O03727,C0030,2025-12-05 18:06:00,Delivered,Amazon,PAY03727
O03728,C0044,2026-05-28 09:36:00,Shipped,Amazon,PAY03728
O03729,C0078,2025-06-29 06:06:00,Delivered,Amazon,PAY03729
O03730,C0366,2025-10-29 04:49:00,Delivered,Flipkart,PAY03730
O03731,C0072,2026-08-01 17:03:00,Delivered,Myntra,PAY03731
O03732,C0940,2025-01-24 17:30:00,Delivered,Flipkart,PAY03732
O03733,C0225,2025-05-01 14:48:00,Delivered,Amazon,PAY03733
O03734,C0277,2026-03-29 05:47:00,Delivered,Flipkart,PAY03734
O03735,C0118,2026-07-30 23:14:00,Shipped,Myntra,PAY03735
O03736,C0248,2025-08-14 10:42:00,Cancelled,Myntra,PAY03736
O03737,C0429,2026-01-06 20:15:00,Shipped,Amazon,PAY03737
O03738,C0528,2026-07-29 00:53:00,Returned,Flipkart,PAY03738
O03739,C0533,2025-01-04 11:26:00,Cancelled,Amazon,PAY03739
O03740,C0349,2025-05-26 22:36:00,Shipped,Flipkart,PAY03740
O03741,C0819,2025-12-16 00:35:00,Returned,Amazon,PAY03741
O03742,C0654,2026-02-20 18:48:00,Delivered,Myntra,PAY03742
O03743,C0539,2025-05-31 13:42:00,Delivered,Amazon,PAY03743
O03744,C0027,2026-07-18 12:36:00,Delivered,Flipkart,PAY03744
O03745,C0004,2026-02-21 20:04:00,Returned,Amazon,PAY03745
O03746,C0101,2025-01-16 17:30:00,Returned,Flipkart,PAY03746
O03747,C0431,2025-04-11 21:53:00,Cancelled,Amazon,PAY03747
O03748,C0196,2025-07-14 16:20:00,Shipped,Flipkart,PAY03748
O03749,C0192,2025-05-04 08:53:00,Delivered,Flipkart,PAY03749
O03750,C0781,2026-02-13 17:09:00,Delivered,Myntra,PAY03750
O03751,C0802,2025-11-15 16:17:00,Cancelled,Amazon,PAY03751
O03752,C0828,2025-01-31 05:30:00,Returned,Amazon,PAY03752
O03753,C0150,2025-01-02 00:42:00,Returned,Myntra,PAY03753
O03754,C0457,2026-03-21 19:25:00,Delivered,Amazon,PAY03754
O03755,C0130,2025-02-26 03:53:00,Returned,Flipkart,PAY03755
O03756,C0091,2026-05-31 06:04:00,Delivered,Myntra,PAY03756
O03757,C0088,2025-07-17 19:21:00,Returned,Amazon,PAY03757
O03758,C0163,2025-02-19 02:24:00,Shipped,Amazon,PAY03758
O03759,C0209,2026-09-19 20:17:00,Delivered,Flipkart,PAY03759
O03760,C0679,2026-09-14 02:54:00,Cancelled,Flipkart,PAY03760
O03761,C0057,2025-02-25 14:26:00,Returned,Amazon,PAY03761
O03762,C0499,2026-06-19 06:55:00,Shipped,Flipkart,PAY03762
O03763,C0305,2026-02-26 20:09:00,Delivered,Myntra,PAY03763
O03764,C0137,2026-01-13 07:40:00,Delivered,Flipkart,PAY03764
O03765,C0269,2025-01-18 15:28:00,Delivered,Myntra,PAY03765
O03766,C0143,2025-10-16 12:10:00,Delivered,Myntra,PAY03766
O03767,C0367,2026-04-05 04:46:00,Delivered,Flipkart,PAY03767
O03768,C0213,2025-05-14 19:08:00,Delivered,Amazon,PAY03768
O03769,C0079,2026-07-23 02:47:00,Returned,Flipkart,PAY03769
O03770,C0056,2026-05-01 12:59:00,Delivered,Amazon,PAY03770
O03771,C0320,2026-08-02 22:59:00,Shipped,Amazon,PAY03771
O03772,C0815,2025-09-27 00:25:00,Shipped,Myntra,PAY03772
O03773,C0164,2026-07-01 08:04:00,Delivered,Amazon,PAY03773
O03774,C0497,2025-07-27 14:14:00,Delivered,Amazon,PAY03774
O03775,C0426,2025-11-18 11:45:00,Delivered,Amazon,PAY03775
O03776,C0870,2025-12-20 12:06:00,Delivered,Myntra,PAY03776
O03777,C0660,2025-03-23 14:00:00,Delivered,Amazon,PAY03777
O03778,C0339,2025-04-15 02:38:00,Delivered,Amazon,PAY03778
O03779,C0425,2026-01-24 03:14:00,Returned,Flipkart,PAY03779
O03780,C0807,2025-09-01 16:42:00,Delivered,Amazon,PAY03780
O03781,C0190,2026-04-24 15:34:00,Shipped,Flipkart,PAY03781
O03782,C0156,2026-01-21 03:12:00,Delivered,Flipkart,PAY03782
O03783,C0006,2025-03-18 21:34:00,Delivered,Flipkart,PAY03783
O03784,C0671,2025-09-28 18:03:00,Cancelled,Amazon,PAY03784
O03785,C0622,2026-08-16 10:03:00,Delivered,Flipkart,PAY03785
O03786,C0050,2025-10-29 16:02:00,Returned,Amazon,PAY03786
O03787,C0349,2026-03-18 08:18:00,Delivered,Amazon,PAY03787
O03788,C0241,2026-04-08 06:43:00,Delivered,Amazon,PAY03788
O03789,C0057,2026-02-12 15:34:00,Delivered,Amazon,PAY03789
O03790,C0964,2026-04-20 23:50:00,Delivered,Myntra,PAY03790
O03791,C0102,2026-06-10 05:58:00,Delivered,Amazon,PAY03791
O03792,C0032,2025-01-15 05:40:00,Delivered,Flipkart,PAY03792
O03793,C0366,2026-08-27 17:52:00,Delivered,Amazon,PAY03793
O03794,C0504,2025-07-18 08:33:00,Delivered,Amazon,PAY03794
O03795,C0016,2026-08-10 17:21:00,Cancelled,Flipkart,PAY03795
O03796,C0426,2026-09-14 14:14:00,Returned,Flipkart,PAY03796
O03797,C0306,2025-08-26 17:15:00,Delivered,Myntra,PAY03797
O03798,C0050,2025-07-01 17:43:00,Delivered,Flipkart,PAY03798
O03799,C0082,2025-01-30 10:14:00,Shipped,Flipkart,PAY03799
O03800,C0340,2025-01-24 15:50:00,Cancelled,Myntra,PAY03800
O03801,C0141,2026-07-12 23:40:00,Delivered,Flipkart,PAY03801
O03802,C0883,2025-05-02 14:30:00,Cancelled,Amazon,PAY03802
O03803,C0656,2026-02-17 15:15:00,Delivered,Myntra,PAY03803
O03804,C0969,2025-05-31 00:23:00,Returned,Amazon,PAY03804
O03805,C0124,2026-01-21 17:09:00,Delivered,Myntra,PAY03805
O03806,C0943,2025-06-25 05:14:00,Cancelled,Flipkart,PAY03806
O03807,C0210,2025-12-02 21:10:00,Delivered,Flipkart,PAY03807
O03808,C0166,2026-01-10 00:49:00,Delivered,Myntra,PAY03808
O03809,C0024,2026-04-04 03:43:00,Delivered,Flipkart,PAY03809
O03810,C0026,2026-08-07 04:46:00,Delivered,Myntra,PAY03810
O03811,C0458,2025-06-28 02:36:00,Delivered,Flipkart,PAY03811
O03812,C0236,2026-08-05 12:29:00,Returned,Myntra,PAY03812
O03813,C0108,2025-02-10 17:37:00,Shipped,Myntra,PAY03813
O03814,C0384,2025-10-02 07:27:00,Shipped,Myntra,PAY03814
O03815,C0121,2026-07-09 09:50:00,Shipped,Amazon,PAY03815
O03816,C0349,2025-06-12 04:57:00,Delivered,Flipkart,PAY03816
O03817,C0171,2025-02-04 19:44:00,Cancelled,Amazon,PAY03817
O03818,C0665,2026-07-10 13:46:00,Shipped,Myntra,PAY03818
O03819,C0660,2025-09-14 16:18:00,Cancelled,Amazon,PAY03819
O03820,C0254,2025-11-02 19:21:00,Returned,Myntra,PAY03820
O03821,C0167,2026-09-17 16:35:00,Cancelled,Amazon,PAY03821
O03822,C0173,2025-03-28 09:22:00,Delivered,Myntra,PAY03822
O03823,C0631,2026-07-13 16:29:00,Returned,Amazon,PAY03823
O03824,C0156,2026-03-28 02:22:00,Delivered,Amazon,PAY03824
O03825,C0100,2026-07-12 12:28:00,Delivered,Flipkart,PAY03825
O03826,C0041,2025-07-20 17:49:00,Cancelled,Amazon,PAY03826
O03827,C0244,2025-01-27 19:28:00,Delivered,Flipkart,PAY03827
O03828,C0259,2025-03-21 19:04:00,Cancelled,Myntra,PAY03828
O03829,C0698,2026-04-18 15:39:00,Shipped,Flipkart,PAY03829
O03830,C0106,2026-01-29 17:09:00,Returned,Myntra,PAY03830
O03831,C0181,2026-08-12 13:32:00,Delivered,Myntra,PAY03831
O03832,C0636,2025-06-07 04:20:00,Shipped,Myntra,PAY03832
O03833,C0665,2025-07-20 15:47:00,Delivered,Myntra,PAY03833
O03834,C0183,2026-06-29 10:43:00,Shipped,Amazon,PAY03834
O03835,C0237,2026-02-13 20:11:00,Cancelled,Myntra,PAY03835
O03836,C0145,2025-09-01 11:03:00,Cancelled,Flipkart,PAY03836
O03837,C0872,2025-01-31 21:57:00,Returned,Flipkart,PAY03837
O03838,C0057,2026-02-04 12:46:00,Shipped,Flipkart,PAY03838
O03839,C0875,2026-04-13 18:02:00,Delivered,Myntra,PAY03839
O03840,C0450,2025-05-08 05:17:00,Shipped,Amazon,PAY03840
O03841,C0305,2025-12-17 11:17:00,Delivered,Amazon,PAY03841
O03842,C0016,2026-06-21 12:29:00,Shipped,Flipkart,PAY03842
O03843,C0252,2025-07-20 04:22:00,Returned,Myntra,PAY03843
O03844,C0194,2025-10-29 05:40:00,Delivered,Myntra,PAY03844
O03845,C0077,2025-05-17 21:34:00,Cancelled,Myntra,PAY03845
O03846,C0424,2025-10-03 12:53:00,Returned,Amazon,PAY03846
O03847,C0946,2025-07-19 17:57:00,Shipped,Amazon,PAY03847
O03848,C0335,2025-12-15 12:10:00,Delivered,Amazon,PAY03848
O03849,C0480,2025-12-02 05:34:00,Returned,Flipkart,PAY03849
O03850,C0033,2026-05-10 05:58:00,Delivered,Flipkart,PAY03850
O03851,C0199,2025-06-21 18:10:00,Delivered,Myntra,PAY03851
O03852,C0056,2025-08-15 22:14:00,Delivered,Myntra,PAY03852
O03853,C0383,2026-09-15 21:23:00,Delivered,Amazon,PAY03853
O03854,C0884,2026-06-01 03:35:00,Cancelled,Flipkart,PAY03854
O03855,C0429,2026-01-14 11:01:00,Cancelled,Flipkart,PAY03855
O03856,C0037,2026-06-16 08:24:00,Returned,Myntra,PAY03856
O03857,C0169,2025-11-29 00:39:00,Delivered,Flipkart,PAY03857
O03858,C0324,2025-10-22 08:14:00,Delivered,Amazon,PAY03858
O03859,C0192,2025-11-10 20:39:00,Delivered,Myntra,PAY03859
O03860,C0684,2026-06-09 18:04:00,Returned,Amazon,PAY03860
O03861,C0648,2026-05-08 19:30:00,Delivered,Amazon,PAY03861
O03862,C0382,2025-07-23 16:53:00,Cancelled,Flipkart,PAY03862
O03863,C0178,2026-08-19 07:17:00,Returned,Amazon,PAY03863
O03864,C0122,2025-03-30 11:13:00,Delivered,Flipkart,PAY03864
O03865,C0051,2025-04-01 10:18:00,Delivered,Amazon,PAY03865
O03866,C0169,2025-12-01 10:12:00,Delivered,Amazon,PAY03866
O03867,C0197,2025-06-27 11:39:00,Delivered,Flipkart,PAY03867
O03868,C0443,2026-05-03 23:54:00,Shipped,Amazon,PAY03868
O03869,C0426,2025-09-01 13:28:00,Returned,Flipkart,PAY03869
O03870,C0034,2025-02-16 00:39:00,Delivered,Amazon,PAY03870
O03871,C0188,2025-04-22 09:49:00,Returned,Amazon,PAY03871
O03872,C0087,2025-02-06 11:11:00,Delivered,Flipkart,PAY03872
O03873,C0075,2026-09-23 16:07:00,Cancelled,Myntra,PAY03873
O03874,C0672,2026-06-21 15:35:00,Delivered,Myntra,PAY03874
O03875,C0020,2025-05-15 15:00:00,Delivered,Flipkart,PAY03875
O03876,C0200,2025-05-13 07:54:00,Shipped,Myntra,PAY03876
O03877,C0080,2026-07-26 11:25:00,Delivered,Amazon,PAY03877
O03878,C0771,2025-12-05 17:51:00,Returned,Flipkart,PAY03878
O03879,C0330,2026-03-03 01:20:00,Returned,Myntra,PAY03879
O03880,C0110,2026-06-03 13:50:00,Returned,Flipkart,PAY03880
O03881,C0278,2026-07-06 14:17:00,Delivered,Amazon,PAY03881
O03882,C0495,2025-05-22 15:45:00,Delivered,Myntra,PAY03882
O03883,C0921,2025-12-12 23:57:00,Cancelled,Flipkart,PAY03883
O03884,C0105,2026-07-09 20:21:00,Cancelled,Myntra,PAY03884
O03885,C0784,2026-03-09 11:50:00,Returned,Flipkart,PAY03885
O03886,C0876,2026-09-21 09:11:00,Shipped,Amazon,PAY03886
O03887,C0842,2025-11-08 19:58:00,Delivered,Amazon,PAY03887
O03888,C0404,2026-03-15 10:01:00,Delivered,Amazon,PAY03888
O03889,C0399,2025-02-10 01:09:00,Returned,Flipkart,PAY03889
O03890,C0192,2026-01-17 20:14:00,Shipped,Myntra,PAY03890
O03891,C0530,2025-08-26 02:15:00,Delivered,Myntra,PAY03891
O03892,C0305,2025-04-29 10:55:00,Delivered,Amazon,PAY03892
O03893,C0444,2025-08-02 00:20:00,Delivered,Flipkart,PAY03893
O03894,C0208,2025-02-04 16:13:00,Cancelled,Myntra,PAY03894
O03895,C0495,2026-03-12 17:47:00,Delivered,Myntra,PAY03895
O03896,C0667,2025-04-13 09:19:00,Delivered,Myntra,PAY03896
O03897,C0070,2026-06-22 19:24:00,Delivered,Myntra,PAY03897
O03898,C0683,2026-09-27 22:31:00,Delivered,Flipkart,PAY03898
O03899,C0314,2025-08-16 13:28:00,Cancelled,Flipkart,PAY03899
O03900,C0705,2025-10-27 20:26:00,Delivered,Myntra,PAY03900
O03901,C0210,2025-01-07 04:23:00,Returned,Myntra,PAY03901
O03902,C0181,2025-06-21 11:18:00,Delivered,Amazon,PAY03902
O03903,C0839,2026-06-23 06:51:00,Returned,Amazon,PAY03903
O03904,C0120,2026-07-11 03:47:00,Delivered,Amazon,PAY03904
O03905,C0705,2025-03-06 04:12:00,Shipped,Amazon,PAY03905
O03906,C0260,2025-01-08 20:19:00,Shipped,Amazon,PAY03906
O03907,C0289,2025-03-02 12:47:00,Delivered,Amazon,PAY03907
O03908,C0147,2026-06-17 07:26:00,Delivered,Flipkart,PAY03908
O03909,C0345,2025-06-13 06:45:00,Shipped,Flipkart,PAY03909
O03910,C0155,2025-12-20 00:34:00,Delivered,Flipkart,PAY03910
O03911,C0019,2026-02-18 16:45:00,Delivered,Myntra,PAY03911
O03912,C0130,2026-04-12 05:50:00,Delivered,Flipkart,PAY03912
O03913,C0004,2026-05-07 14:20:00,Delivered,Myntra,PAY03913
O03914,C0959,2026-01-07 17:40:00,Delivered,Flipkart,PAY03914
O03915,C0935,2025-05-19 12:09:00,Returned,Myntra,PAY03915
O03916,C0188,2025-02-03 10:09:00,Shipped,Amazon,PAY03916
O03917,C0492,2026-06-08 21:47:00,Delivered,Flipkart,PAY03917
O03918,C0165,2026-07-22 07:46:00,Delivered,Flipkart,PAY03918
O03919,C0438,2025-02-24 17:55:00,Delivered,Myntra,PAY03919
O03920,C0631,2026-03-27 03:41:00,Delivered,Amazon,PAY03920
O03921,C0899,2025-03-06 14:43:00,Delivered,Amazon,PAY03921
O03922,C0191,2026-03-30 22:46:00,Delivered,Myntra,PAY03922
O03923,C0589,2026-08-20 05:53:00,Delivered,Flipkart,PAY03923
O03924,C0127,2025-07-06 05:09:00,Shipped,Myntra,PAY03924
O03925,C0982,2026-09-22 06:47:00,Delivered,Amazon,PAY03925
O03926,C0013,2025-04-14 23:27:00,Returned,Flipkart,PAY03926
O03927,C0374,2026-08-23 02:40:00,Delivered,Amazon,PAY03927
O03928,C0427,2026-07-21 17:09:00,Delivered,Amazon,PAY03928
O03929,C0454,2025-11-29 20:23:00,Cancelled,Amazon,PAY03929
O03930,C0058,2026-08-15 17:13:00,Delivered,Myntra,PAY03930
O03931,C0884,2025-11-12 08:26:00,Delivered,Flipkart,PAY03931
O03932,C0087,2026-04-20 23:47:00,Delivered,Amazon,PAY03932
O03933,C0392,2025-06-15 12:18:00,Delivered,Amazon,PAY03933
O03934,C0106,2026-08-08 10:16:00,Returned,Flipkart,PAY03934
O03935,C0146,2026-08-15 15:39:00,Cancelled,Myntra,PAY03935
O03936,C0320,2025-04-30 05:57:00,Delivered,Myntra,PAY03936
O03937,C0199,2026-08-20 14:00:00,Delivered,Myntra,PAY03937
O03938,C0077,2025-06-28 14:04:00,Delivered,Amazon,PAY03938
O03939,C0082,2025-12-06 07:42:00,Shipped,Flipkart,PAY03939
O03940,C0199,2026-06-24 15:46:00,Delivered,Amazon,PAY03940
O03941,C0539,2026-05-18 22:57:00,Returned,Flipkart,PAY03941
O03942,C0807,2025-05-22 18:35:00,Shipped,Amazon,PAY03942
O03943,C0040,2025-05-14 04:01:00,Returned,Myntra,PAY03943
O03944,C0187,2025-04-11 04:50:00,Delivered,Flipkart,PAY03944
O03945,C0048,2025-02-25 17:12:00,Delivered,Amazon,PAY03945
O03946,C0008,2025-02-15 08:48:00,Shipped,Flipkart,PAY03946
O03947,C0429,2026-09-14 21:56:00,Delivered,Myntra,PAY03947
O03948,C0373,2026-05-31 16:55:00,Shipped,Flipkart,PAY03948
O03949,C0078,2025-12-24 21:13:00,Cancelled,Myntra,PAY03949
O03950,C0112,2026-01-17 21:32:00,Delivered,Amazon,PAY03950
O03951,C0012,2025-08-31 20:34:00,Delivered,Amazon,PAY03951
O03952,C0687,2025-02-11 06:01:00,Delivered,Flipkart,PAY03952
O03953,C0952,2025-08-30 12:41:00,Delivered,Myntra,PAY03953
O03954,C0065,2026-08-11 10:07:00,Delivered,Amazon,PAY03954
O03955,C0110,2025-12-22 05:13:00,Returned,Myntra,PAY03955
O03956,C0750,2026-08-08 02:01:00,Returned,Amazon,PAY03956
O03957,C0861,2026-08-15 05:49:00,Cancelled,Myntra,PAY03957
O03958,C0200,2025-12-23 21:01:00,Delivered,Flipkart,PAY03958
O03959,C0025,2025-07-23 15:17:00,Cancelled,Myntra,PAY03959
O03960,C0019,2026-06-08 06:03:00,Shipped,Amazon,PAY03960
O03961,C0346,2025-01-06 18:26:00,Delivered,Amazon,PAY03961
O03962,C0187,2025-08-04 21:37:00,Delivered,Amazon,PAY03962
O03963,C0014,2026-09-16 03:09:00,Delivered,Amazon,PAY03963
O03964,C0355,2025-06-04 23:09:00,Delivered,Amazon,PAY03964
O03965,C0006,2025-06-11 03:55:00,Cancelled,Myntra,PAY03965
O03966,C0597,2026-04-17 13:29:00,Returned,Myntra,PAY03966
O03967,C0146,2025-05-23 01:07:00,Shipped,Myntra,PAY03967
O03968,C0020,2025-04-02 03:07:00,Delivered,Flipkart,PAY03968
O03969,C0359,2025-04-18 04:58:00,Delivered,Amazon,PAY03969
O03970,C0189,2025-05-04 19:46:00,Delivered,Flipkart,PAY03970
O03971,C0951,2025-05-20 23:21:00,Cancelled,Myntra,PAY03971
O03972,C0317,2026-06-26 14:59:00,Delivered,Amazon,PAY03972
O03973,C0131,2026-09-30 23:46:00,Delivered,Amazon,PAY03973
O03974,C0474,2025-10-28 18:12:00,Delivered,Flipkart,PAY03974
O03975,C0129,2025-12-12 06:34:00,Delivered,Myntra,PAY03975
O03976,C0819,2025-07-03 14:41:00,Cancelled,Flipkart,PAY03976
O03977,C0178,2026-06-18 03:09:00,Returned,Flipkart,PAY03977
O03978,C0323,2025-06-30 03:05:00,Delivered,Amazon,PAY03978
O03979,C0025,2026-07-26 21:25:00,Cancelled,Myntra,PAY03979
O03980,C0205,2025-05-24 10:55:00,Delivered,Myntra,PAY03980
O03981,C0682,2025-12-01 04:09:00,Shipped,Flipkart,PAY03981
O03982,C0631,2026-01-20 04:01:00,Returned,Myntra,PAY03982
O03983,C0107,2025-07-18 22:54:00,Delivered,Flipkart,PAY03983
O03984,C0108,2026-01-25 02:51:00,Cancelled,Myntra,PAY03984
O03985,C0653,2025-01-02 06:45:00,Cancelled,Myntra,PAY03985
O03986,C0868,2026-09-03 11:08:00,Returned,Myntra,PAY03986
O03987,C0046,2026-08-21 15:52:00,Delivered,Amazon,PAY03987
O03988,C0228,2025-08-23 14:07:00,Delivered,Flipkart,PAY03988
O03989,C0161,2025-07-15 13:59:00,Delivered,Myntra,PAY03989
O03990,C0755,2025-12-01 17:23:00,Delivered,Flipkart,PAY03990
O03991,C0040,2025-05-14 06:54:00,Delivered,Flipkart,PAY03991
O03992,C0101,2025-03-18 23:49:00,Delivered,Amazon,PAY03992
O03993,C0530,2025-05-25 15:59:00,Delivered,Flipkart,PAY03993
O03994,C0025,2025-05-07 11:39:00,Delivered,Flipkart,PAY03994
O03995,C0268,2025-08-25 17:31:00,Delivered,Amazon,PAY03995
O03996,C0221,2025-06-20 19:39:00,Delivered,Flipkart,PAY03996
O03997,C0159,2025-03-29 13:27:00,Returned,Myntra,PAY03997
O03998,C0188,2025-01-23 13:14:00,Delivered,Amazon,PAY03998
O03999,C0304,2025-10-16 16:41:00,Delivered,Flipkart,PAY03999
O04000,C0077,2025-11-24 08:55:00,Delivered,Myntra,PAY04000
O04001,C0344,2025-01-08 07:44:00,Cancelled,Flipkart,PAY04001
O04002,C0631,2025-02-03 07:03:00,Delivered,Amazon,PAY04002
O04003,C0545,2026-09-23 11:58:00,Delivered,Flipkart,PAY04003
O04004,C0074,2026-08-01 20:28:00,Delivered,Flipkart,PAY04004
O04005,C0071,2025-11-12 19:04:00,Delivered,Flipkart,PAY04005
O04006,C0128,2026-08-28 21:49:00,Delivered,Flipkart,PAY04006
O04007,C0172,2025-10-19 13:53:00,Delivered,Amazon,PAY04007
O04008,C0195,2025-09-15 15:53:00,Delivered,Amazon,PAY04008
O04009,C0446,2025-09-15 14:27:00,Delivered,Amazon,PAY04009
O04010,C0027,2025-02-15 17:03:00,Returned,Amazon,PAY04010
O04011,C0017,2026-06-11 03:02:00,Delivered,Amazon,PAY04011
O04012,C0187,2026-02-27 17:14:00,Delivered,Flipkart,PAY04012
O04013,C0463,2026-02-13 08:48:00,Delivered,Flipkart,PAY04013
O04014,C0092,2025-06-15 13:33:00,Delivered,Myntra,PAY04014
O04015,C0410,2025-01-14 16:06:00,Returned,Myntra,PAY04015
O04016,C0124,2026-01-11 14:06:00,Delivered,Myntra,PAY04016
O04017,C0784,2025-02-01 23:06:00,Delivered,Myntra,PAY04017
O04018,C0802,2025-03-04 14:05:00,Delivered,Myntra,PAY04018
O04019,C0142,2025-02-13 13:28:00,Delivered,Amazon,PAY04019
O04020,C0110,2025-02-25 14:45:00,Delivered,Flipkart,PAY04020
O04021,C0196,2025-03-23 01:52:00,Returned,Flipkart,PAY04021
O04022,C0115,2026-01-05 16:17:00,Delivered,Flipkart,PAY04022
O04023,C0439,2025-07-24 12:11:00,Delivered,Myntra,PAY04023
O04024,C0670,2025-07-21 00:01:00,Shipped,Flipkart,PAY04024
O04025,C0440,2025-07-06 11:34:00,Returned,Myntra,PAY04025
O04026,C0667,2025-12-30 14:27:00,Cancelled,Flipkart,PAY04026
O04027,C0189,2026-09-03 08:31:00,Delivered,Amazon,PAY04027
O04028,C0075,2025-05-04 17:00:00,Delivered,Amazon,PAY04028
O04029,C0503,2025-07-25 19:25:00,Delivered,Flipkart,PAY04029
O04030,C0172,2025-09-18 13:56:00,Delivered,Flipkart,PAY04030
O04031,C0438,2025-06-02 02:22:00,Shipped,Amazon,PAY04031
O04032,C0129,2026-06-22 07:53:00,Delivered,Myntra,PAY04032
O04033,C0039,2026-05-02 00:02:00,Delivered,Flipkart,PAY04033
O04034,C0986,2026-02-17 13:27:00,Delivered,Flipkart,PAY04034
O04035,C0075,2025-12-05 20:37:00,Delivered,Amazon,PAY04035
O04036,C0978,2025-04-30 01:28:00,Shipped,Flipkart,PAY04036
O04037,C0957,2026-04-24 03:58:00,Delivered,Amazon,PAY04037
O04038,C0609,2025-01-21 23:41:00,Delivered,Myntra,PAY04038
O04039,C0427,2025-08-30 17:49:00,Shipped,Amazon,PAY04039
O04040,C0349,2026-07-31 22:54:00,Cancelled,Myntra,PAY04040
O04041,C0746,2025-10-04 18:00:00,Delivered,Amazon,PAY04041
O04042,C0138,2025-03-09 10:50:00,Delivered,Amazon,PAY04042
O04043,C0245,2025-09-19 19:38:00,Shipped,Amazon,PAY04043
O04044,C0389,2026-08-27 09:41:00,Returned,Myntra,PAY04044
O04045,C0196,2026-05-24 12:50:00,Shipped,Myntra,PAY04045
O04046,C0207,2026-05-20 20:14:00,Cancelled,Amazon,PAY04046
O04047,C0157,2025-07-23 14:37:00,Delivered,Myntra,PAY04047
O04048,C0337,2025-05-04 13:24:00,Shipped,Myntra,PAY04048
O04049,C0717,2025-10-27 03:26:00,Delivered,Amazon,PAY04049
O04050,C0096,2025-06-02 06:31:00,Delivered,Amazon,PAY04050
O04051,C0876,2026-05-12 15:36:00,Delivered,Amazon,PAY04051
O04052,C0455,2025-08-27 05:48:00,Delivered,Flipkart,PAY04052
O04053,C0665,2025-07-07 06:47:00,Cancelled,Myntra,PAY04053
O04054,C0329,2026-08-29 19:18:00,Shipped,Myntra,PAY04054
O04055,C0582,2025-04-27 19:28:00,Returned,Amazon,PAY04055
O04056,C0008,2025-03-10 22:52:00,Delivered,Amazon,PAY04056
O04057,C0655,2026-03-18 21:08:00,Delivered,Amazon,PAY04057
O04058,C0020,2026-04-24 01:32:00,Delivered,Myntra,PAY04058
O04059,C0791,2025-06-25 03:05:00,Delivered,Amazon,PAY04059
O04060,C0985,2025-06-12 21:42:00,Cancelled,Amazon,PAY04060
O04061,C0140,2025-09-23 03:54:00,Shipped,Amazon,PAY04061
O04062,C0100,2025-08-29 11:43:00,Cancelled,Myntra,PAY04062
O04063,C0555,2026-08-09 16:38:00,Shipped,Myntra,PAY04063
O04064,C0121,2026-04-05 04:57:00,Delivered,Amazon,PAY04064
O04065,C0745,2026-04-01 00:46:00,Returned,Myntra,PAY04065
O04066,C0049,2026-05-31 20:37:00,Delivered,Myntra,PAY04066
O04067,C0060,2026-06-05 00:52:00,Returned,Amazon,PAY04067
O04068,C0961,2026-07-14 12:57:00,Delivered,Flipkart,PAY04068
O04069,C0441,2026-07-02 04:10:00,Returned,Amazon,PAY04069
O04070,C0710,2026-04-08 11:33:00,Shipped,Myntra,PAY04070
O04071,C0155,2025-08-27 18:28:00,Shipped,Flipkart,PAY04071
O04072,C0443,2026-03-25 00:34:00,Delivered,Amazon,PAY04072
O04073,C0365,2025-01-27 08:34:00,Delivered,Flipkart,PAY04073
O04074,C0373,2026-05-01 10:30:00,Cancelled,Amazon,PAY04074
O04075,C0449,2025-07-04 06:24:00,Shipped,Amazon,PAY04075
O04076,C0347,2025-11-03 19:25:00,Delivered,Myntra,PAY04076
O04077,C0208,2025-03-28 05:32:00,Delivered,Myntra,PAY04077
O04078,C0132,2026-08-28 08:50:00,Delivered,Myntra,PAY04078
O04079,C0561,2026-03-10 17:57:00,Shipped,Amazon,PAY04079
O04080,C0108,2026-04-20 23:48:00,Delivered,Myntra,PAY04080
O04081,C0458,2026-05-04 21:40:00,Delivered,Flipkart,PAY04081
O04082,C0111,2025-02-14 18:22:00,Delivered,Myntra,PAY04082
O04083,C0395,2025-05-01 08:57:00,Returned,Amazon,PAY04083
O04084,C0520,2026-08-18 13:07:00,Delivered,Flipkart,PAY04084
O04085,C0104,2025-02-15 15:57:00,Shipped,Myntra,PAY04085
O04086,C0029,2025-09-12 05:31:00,Delivered,Myntra,PAY04086
O04087,C0063,2026-07-21 17:14:00,Delivered,Myntra,PAY04087
O04088,C0376,2026-01-22 11:06:00,Returned,Flipkart,PAY04088
O04089,C0714,2026-08-18 21:42:00,Cancelled,Flipkart,PAY04089
O04090,C0022,2025-07-06 09:40:00,Delivered,Myntra,PAY04090
O04091,C0498,2026-03-08 22:40:00,Delivered,Myntra,PAY04091
O04092,C0163,2026-01-21 12:34:00,Delivered,Myntra,PAY04092
O04093,C0255,2025-09-29 19:27:00,Delivered,Flipkart,PAY04093
O04094,C0865,2026-04-09 16:19:00,Delivered,Amazon,PAY04094
O04095,C0158,2026-03-31 00:09:00,Shipped,Flipkart,PAY04095
O04096,C0243,2025-04-15 12:09:00,Delivered,Flipkart,PAY04096
O04097,C0007,2026-08-17 07:52:00,Cancelled,Flipkart,PAY04097
O04098,C0039,2025-10-09 17:34:00,Delivered,Amazon,PAY04098
O04099,C0123,2026-05-30 18:50:00,Returned,Amazon,PAY04099
O04100,C0014,2025-09-30 17:25:00,Shipped,Myntra,PAY04100
O04101,C0400,2026-05-29 07:39:00,Delivered,Flipkart,PAY04101
O04102,C0206,2025-05-21 08:25:00,Delivered,Amazon,PAY04102
O04103,C0321,2026-06-24 14:38:00,Shipped,Amazon,PAY04103
O04104,C0083,2026-03-12 00:39:00,Returned,Amazon,PAY04104
O04105,C0141,2025-04-02 09:04:00,Delivered,Amazon,PAY04105
O04106,C0431,2026-08-24 23:15:00,Delivered,Myntra,PAY04106
O04107,C0935,2026-09-07 20:52:00,Delivered,Amazon,PAY04107
O04108,C0024,2026-02-22 03:14:00,Delivered,Flipkart,PAY04108
O04109,C0792,2026-02-22 00:21:00,Delivered,Amazon,PAY04109
O04110,C0349,2025-02-14 08:20:00,Shipped,Myntra,PAY04110
O04111,C0336,2025-04-07 12:21:00,Returned,Myntra,PAY04111
O04112,C0276,2025-01-23 05:23:00,Delivered,Flipkart,PAY04112
O04113,C0033,2026-05-23 04:16:00,Delivered,Myntra,PAY04113
O04114,C0043,2025-04-10 13:20:00,Cancelled,Amazon,PAY04114
O04115,C0371,2025-07-17 22:18:00,Delivered,Amazon,PAY04115
O04116,C0162,2026-08-04 13:25:00,Returned,Amazon,PAY04116
O04117,C0843,2026-04-27 23:30:00,Cancelled,Amazon,PAY04117
O04118,C0194,2026-06-13 04:44:00,Delivered,Myntra,PAY04118
O04119,C0069,2026-07-06 18:48:00,Shipped,Myntra,PAY04119
O04120,C0479,2025-02-12 17:34:00,Cancelled,Amazon,PAY04120
O04121,C0140,2026-02-15 14:53:00,Shipped,Amazon,PAY04121
O04122,C0300,2025-04-10 08:05:00,Delivered,Flipkart,PAY04122
O04123,C0463,2026-02-28 16:54:00,Delivered,Amazon,PAY04123
O04124,C0811,2025-12-01 19:11:00,Delivered,Myntra,PAY04124
O04125,C0606,2026-01-21 08:34:00,Delivered,Myntra,PAY04125
O04126,C0443,2026-07-06 19:51:00,Delivered,Myntra,PAY04126
O04127,C0446,2026-08-19 12:44:00,Shipped,Myntra,PAY04127
O04128,C0898,2026-03-27 09:59:00,Shipped,Flipkart,PAY04128
O04129,C0141,2026-08-04 09:44:00,Returned,Amazon,PAY04129
O04130,C0001,2025-12-02 10:37:00,Delivered,Flipkart,PAY04130
O04131,C0130,2025-02-20 03:07:00,Shipped,Amazon,PAY04131
O04132,C0104,2026-09-06 21:11:00,Delivered,Myntra,PAY04132
O04133,C0429,2026-05-05 11:15:00,Cancelled,Flipkart,PAY04133
O04134,C0403,2025-02-15 11:07:00,Delivered,Flipkart,PAY04134
O04135,C0364,2025-03-22 13:43:00,Cancelled,Amazon,PAY04135
O04136,C0008,2025-08-21 19:34:00,Returned,Myntra,PAY04136
O04137,C0493,2026-02-09 06:26:00,Delivered,Amazon,PAY04137
O04138,C0154,2026-02-25 22:41:00,Delivered,Amazon,PAY04138
O04139,C0432,2026-06-12 18:16:00,Delivered,Flipkart,PAY04139
O04140,C0329,2026-09-06 01:24:00,Delivered,Amazon,PAY04140
O04141,C0163,2025-02-20 00:38:00,Cancelled,Myntra,PAY04141
O04142,C0064,2026-08-10 09:51:00,Delivered,Flipkart,PAY04142
O04143,C0045,2026-06-28 18:16:00,Delivered,Amazon,PAY04143
O04144,C0680,2025-10-28 12:24:00,Cancelled,Flipkart,PAY04144
O04145,C0845,2026-07-25 19:27:00,Delivered,Flipkart,PAY04145
O04146,C0418,2026-02-25 01:20:00,Returned,Flipkart,PAY04146
O04147,C0050,2025-09-26 05:00:00,Returned,Flipkart,PAY04147
O04148,C0191,2025-11-19 13:55:00,Delivered,Flipkart,PAY04148
O04149,C0493,2026-03-30 10:34:00,Delivered,Myntra,PAY04149
O04150,C0582,2026-04-07 09:49:00,Delivered,Amazon,PAY04150
O04151,C0057,2025-07-16 16:51:00,Shipped,Amazon,PAY04151
O04152,C0001,2026-03-12 04:15:00,Returned,Flipkart,PAY04152
O04153,C0477,2025-09-22 12:56:00,Delivered,Amazon,PAY04153
O04154,C0170,2025-07-08 13:21:00,Cancelled,Flipkart,PAY04154
O04155,C0121,2025-02-25 03:25:00,Cancelled,Flipkart,PAY04155
O04156,C0007,2026-09-11 19:22:00,Delivered,Amazon,PAY04156
O04157,C0314,2025-01-10 22:59:00,Cancelled,Flipkart,PAY04157
O04158,C0718,2025-06-14 05:07:00,Delivered,Amazon,PAY04158
O04159,C0920,2025-10-29 05:48:00,Returned,Flipkart,PAY04159
O04160,C0338,2026-03-15 15:44:00,Cancelled,Flipkart,PAY04160
O04161,C0289,2025-11-15 12:08:00,Returned,Flipkart,PAY04161
O04162,C0041,2026-09-20 02:24:00,Delivered,Amazon,PAY04162
O04163,C0322,2025-03-22 05:17:00,Cancelled,Amazon,PAY04163
O04164,C0181,2025-04-05 11:58:00,Returned,Myntra,PAY04164
O04165,C0377,2025-09-15 17:51:00,Shipped,Myntra,PAY04165
O04166,C0185,2026-02-02 01:00:00,Returned,Myntra,PAY04166
O04167,C0115,2025-01-16 03:30:00,Shipped,Myntra,PAY04167
O04168,C0046,2026-02-10 15:45:00,Delivered,Myntra,PAY04168
O04169,C0150,2025-05-11 06:55:00,Delivered,Amazon,PAY04169
O04170,C0046,2026-08-15 19:56:00,Delivered,Flipkart,PAY04170
O04171,C0085,2025-01-14 08:28:00,Delivered,Myntra,PAY04171
O04172,C0976,2026-02-23 08:54:00,Delivered,Myntra,PAY04172
O04173,C0222,2026-03-12 02:09:00,Cancelled,Amazon,PAY04173
O04174,C0306,2025-06-18 01:13:00,Shipped,Flipkart,PAY04174
O04175,C0760,2025-08-23 23:48:00,Delivered,Flipkart,PAY04175
O04176,C0992,2025-08-22 13:22:00,Cancelled,Myntra,PAY04176
O04177,C0354,2026-01-31 17:03:00,Delivered,Myntra,PAY04177
O04178,C0644,2025-12-25 20:10:00,Delivered,Flipkart,PAY04178
O04179,C0156,2026-06-11 05:19:00,Delivered,Amazon,PAY04179
O04180,C0146,2026-07-25 22:48:00,Delivered,Myntra,PAY04180
O04181,C0192,2025-11-29 08:23:00,Returned,Flipkart,PAY04181
O04182,C0439,2025-02-18 01:43:00,Delivered,Flipkart,PAY04182
O04183,C0449,2025-11-09 20:23:00,Delivered,Myntra,PAY04183
O04184,C0150,2026-04-24 10:47:00,Delivered,Amazon,PAY04184
O04185,C0064,2025-03-20 03:08:00,Delivered,Amazon,PAY04185
O04186,C0401,2026-04-04 09:49:00,Shipped,Myntra,PAY04186
O04187,C0061,2026-05-19 21:39:00,Cancelled,Amazon,PAY04187
O04188,C0350,2026-04-07 14:57:00,Returned,Flipkart,PAY04188
O04189,C0459,2025-07-31 07:42:00,Delivered,Myntra,PAY04189
O04190,C0466,2025-06-20 15:10:00,Delivered,Amazon,PAY04190
O04191,C0532,2026-07-23 17:24:00,Cancelled,Amazon,PAY04191
O04192,C0759,2025-03-16 15:22:00,Cancelled,Amazon,PAY04192
O04193,C0275,2026-07-10 01:51:00,Returned,Amazon,PAY04193
O04194,C0494,2026-09-14 12:15:00,Returned,Amazon,PAY04194
O04195,C0389,2025-09-19 10:45:00,Cancelled,Amazon,PAY04195
O04196,C0089,2025-02-03 12:38:00,Returned,Amazon,PAY04196
O04197,C0013,2025-11-29 23:34:00,Shipped,Amazon,PAY04197
O04198,C0136,2025-10-01 19:57:00,Delivered,Flipkart,PAY04198
O04199,C0221,2025-08-24 09:00:00,Delivered,Myntra,PAY04199
O04200,C0387,2025-04-17 16:04:00,Cancelled,Flipkart,PAY04200
O04201,C0715,2026-03-28 15:32:00,Delivered,Myntra,PAY04201
O04202,C0094,2025-03-10 13:22:00,Delivered,Flipkart,PAY04202
O04203,C0060,2025-09-18 08:58:00,Cancelled,Flipkart,PAY04203
O04204,C0931,2025-09-25 08:27:00,Delivered,Myntra,PAY04204
O04205,C0052,2025-08-04 17:56:00,Delivered,Myntra,PAY04205
O04206,C0255,2025-03-09 15:38:00,Shipped,Amazon,PAY04206
O04207,C0357,2026-04-07 22:50:00,Shipped,Amazon,PAY04207
O04208,C0315,2025-01-16 20:43:00,Cancelled,Myntra,PAY04208
O04209,C0041,2025-11-25 07:41:00,Shipped,Amazon,PAY04209
O04210,C0028,2025-05-31 17:29:00,Shipped,Myntra,PAY04210
O04211,C0051,2025-09-19 17:47:00,Delivered,Myntra,PAY04211
O04212,C0357,2026-08-05 18:27:00,Shipped,Myntra,PAY04212
O04213,C0318,2026-06-11 04:56:00,Returned,Myntra,PAY04213
O04214,C0112,2026-09-06 01:19:00,Delivered,Flipkart,PAY04214
O04215,C0406,2026-08-16 22:08:00,Returned,Flipkart,PAY04215
O04216,C0659,2025-04-18 08:53:00,Delivered,Myntra,PAY04216
O04217,C0020,2025-05-21 08:24:00,Delivered,Amazon,PAY04217
O04218,C0274,2025-04-02 23:38:00,Shipped,Myntra,PAY04218
O04219,C0455,2026-01-26 22:16:00,Delivered,Flipkart,PAY04219
O04220,C0120,2025-05-16 06:53:00,Shipped,Myntra,PAY04220
O04221,C0147,2025-08-20 18:28:00,Delivered,Myntra,PAY04221
O04222,C0383,2025-08-30 07:36:00,Returned,Amazon,PAY04222
O04223,C0807,2025-06-04 03:41:00,Cancelled,Myntra,PAY04223
O04224,C0639,2026-05-27 00:25:00,Returned,Amazon,PAY04224
O04225,C0354,2026-08-04 06:11:00,Shipped,Myntra,PAY04225
O04226,C0494,2025-02-20 22:36:00,Shipped,Amazon,PAY04226
O04227,C0174,2025-06-21 04:07:00,Delivered,Amazon,PAY04227
O04228,C0409,2025-01-16 05:14:00,Delivered,Amazon,PAY04228
O04229,C0243,2025-01-17 02:44:00,Shipped,Flipkart,PAY04229
O04230,C0091,2026-04-18 13:24:00,Delivered,Amazon,PAY04230
O04231,C0467,2025-01-31 16:53:00,Cancelled,Myntra,PAY04231
O04232,C0329,2026-07-26 21:30:00,Cancelled,Flipkart,PAY04232
O04233,C0171,2025-05-05 00:35:00,Delivered,Flipkart,PAY04233
O04234,C0832,2025-07-13 11:24:00,Returned,Amazon,PAY04234
O04235,C0010,2025-10-23 01:58:00,Cancelled,Amazon,PAY04235
O04236,C0150,2026-07-21 09:59:00,Delivered,Myntra,PAY04236
O04237,C0028,2025-09-07 20:05:00,Shipped,Myntra,PAY04237
O04238,C0557,2025-02-18 15:17:00,Delivered,Myntra,PAY04238
O04239,C0468,2025-05-22 06:20:00,Delivered,Flipkart,PAY04239
O04240,C0158,2026-08-26 10:53:00,Cancelled,Amazon,PAY04240
O04241,C0442,2025-02-05 00:12:00,Cancelled,Amazon,PAY04241
O04242,C0189,2026-04-14 12:58:00,Delivered,Amazon,PAY04242
O04243,C0537,2026-01-14 08:21:00,Cancelled,Myntra,PAY04243
O04244,C0232,2026-01-24 14:53:00,Delivered,Flipkart,PAY04244
O04245,C0196,2025-01-21 22:02:00,Delivered,Flipkart,PAY04245
O04246,C0876,2026-02-04 13:17:00,Delivered,Amazon,PAY04246
O04247,C0120,2025-01-14 20:25:00,Delivered,Flipkart,PAY04247
O04248,C0058,2025-03-30 22:05:00,Cancelled,Amazon,PAY04248
O04249,C0356,2025-10-16 00:51:00,Delivered,Myntra,PAY04249
O04250,C0942,2025-11-28 03:25:00,Shipped,Myntra,PAY04250
O04251,C0180,2025-10-03 19:30:00,Delivered,Myntra,PAY04251
O04252,C0030,2026-09-22 00:23:00,Returned,Myntra,PAY04252
O04253,C0162,2025-07-19 13:26:00,Shipped,Amazon,PAY04253
O04254,C0281,2025-10-29 17:09:00,Delivered,Myntra,PAY04254
O04255,C0077,2026-08-05 18:39:00,Delivered,Amazon,PAY04255
O04256,C0426,2026-02-02 19:29:00,Returned,Amazon,PAY04256
O04257,C0996,2026-06-25 07:34:00,Delivered,Myntra,PAY04257
O04258,C0230,2026-07-23 16:57:00,Cancelled,Myntra,PAY04258
O04259,C0169,2025-05-02 15:33:00,Cancelled,Myntra,PAY04259
O04260,C0191,2026-05-12 19:04:00,Delivered,Amazon,PAY04260
O04261,C0055,2026-01-15 18:27:00,Delivered,Flipkart,PAY04261
O04262,C0779,2026-04-10 02:36:00,Delivered,Flipkart,PAY04262
O04263,C0198,2025-01-24 22:38:00,Delivered,Amazon,PAY04263
O04264,C0184,2025-01-23 02:08:00,Delivered,Myntra,PAY04264
O04265,C0427,2026-01-03 14:54:00,Cancelled,Myntra,PAY04265
O04266,C0220,2026-08-15 17:53:00,Returned,Amazon,PAY04266
O04267,C0416,2026-01-25 00:19:00,Delivered,Myntra,PAY04267
O04268,C0030,2025-01-06 18:23:00,Delivered,Amazon,PAY04268
O04269,C0647,2026-04-18 11:21:00,Shipped,Flipkart,PAY04269
O04270,C0887,2025-05-01 14:31:00,Delivered,Flipkart,PAY04270
O04271,C0417,2025-04-03 21:47:00,Delivered,Flipkart,PAY04271
O04272,C0914,2025-10-31 12:38:00,Delivered,Amazon,PAY04272
O04273,C0072,2025-04-09 17:43:00,Returned,Myntra,PAY04273
O04274,C0254,2026-07-19 04:17:00,Delivered,Myntra,PAY04274
O04275,C0372,2026-08-30 12:08:00,Delivered,Flipkart,PAY04275
O04276,C0353,2025-07-01 05:09:00,Shipped,Flipkart,PAY04276
O04277,C0191,2025-12-09 16:37:00,Delivered,Flipkart,PAY04277
O04278,C0161,2025-02-24 22:56:00,Delivered,Myntra,PAY04278
O04279,C0061,2026-01-11 08:58:00,Delivered,Amazon,PAY04279
O04280,C0187,2026-07-21 11:43:00,Delivered,Flipkart,PAY04280
O04281,C0078,2026-05-13 01:20:00,Delivered,Myntra,PAY04281
O04282,C0498,2025-05-10 00:54:00,Shipped,Amazon,PAY04282
O04283,C0100,2025-05-10 11:31:00,Returned,Amazon,PAY04283
O04284,C0028,2026-08-12 00:46:00,Delivered,Amazon,PAY04284
O04285,C0325,2026-02-13 07:59:00,Cancelled,Flipkart,PAY04285
O04286,C0366,2026-02-24 08:03:00,Delivered,Amazon,PAY04286
O04287,C0757,2025-08-05 04:17:00,Returned,Flipkart,PAY04287
O04288,C0349,2025-07-01 16:10:00,Shipped,Myntra,PAY04288
O04289,C0165,2025-12-02 23:56:00,Returned,Flipkart,PAY04289
O04290,C0626,2025-01-06 01:05:00,Delivered,Myntra,PAY04290
O04291,C0314,2026-06-14 05:10:00,Cancelled,Flipkart,PAY04291
O04292,C0038,2026-04-09 07:05:00,Delivered,Flipkart,PAY04292
O04293,C0338,2025-03-16 12:59:00,Shipped,Flipkart,PAY04293
O04294,C0826,2025-01-07 15:04:00,Delivered,Flipkart,PAY04294
O04295,C0189,2026-07-30 20:44:00,Returned,Amazon,PAY04295
O04296,C0141,2025-04-04 03:36:00,Delivered,Amazon,PAY04296
O04297,C0069,2026-09-18 05:54:00,Delivered,Amazon,PAY04297
O04298,C0072,2025-03-30 10:11:00,Delivered,Amazon,PAY04298
O04299,C0212,2025-02-14 23:23:00,Delivered,Flipkart,PAY04299
O04300,C0366,2025-02-24 18:08:00,Delivered,Amazon,PAY04300
O04301,C0039,2025-02-03 14:04:00,Returned,Flipkart,PAY04301
O04302,C0886,2026-08-31 10:43:00,Delivered,Amazon,PAY04302
O04303,C0535,2026-05-11 08:57:00,Cancelled,Myntra,PAY04303
O04304,C0358,2025-03-30 16:36:00,Returned,Flipkart,PAY04304
O04305,C0675,2026-07-30 22:20:00,Cancelled,Flipkart,PAY04305
O04306,C0039,2025-08-21 20:09:00,Returned,Myntra,PAY04306
O04307,C0253,2026-06-19 14:26:00,Shipped,Myntra,PAY04307
O04308,C0399,2026-08-10 06:55:00,Returned,Flipkart,PAY04308
O04309,C0675,2025-12-19 04:38:00,Delivered,Flipkart,PAY04309
O04310,C0589,2026-04-29 03:26:00,Returned,Myntra,PAY04310
O04311,C0132,2025-04-01 19:50:00,Cancelled,Myntra,PAY04311
O04312,C0888,2025-05-25 15:12:00,Returned,Flipkart,PAY04312
O04313,C0060,2026-07-06 02:13:00,Returned,Myntra,PAY04313
O04314,C0763,2025-03-14 01:16:00,Delivered,Amazon,PAY04314
O04315,C0945,2025-06-07 11:49:00,Shipped,Myntra,PAY04315
O04316,C0085,2026-09-18 12:14:00,Cancelled,Amazon,PAY04316
O04317,C0486,2025-03-12 14:57:00,Delivered,Amazon,PAY04317
O04318,C0020,2026-01-04 14:16:00,Shipped,Amazon,PAY04318
O04319,C0193,2025-12-12 04:26:00,Shipped,Amazon,PAY04319
O04320,C0291,2026-02-20 08:34:00,Delivered,Amazon,PAY04320
O04321,C0352,2026-03-16 14:12:00,Shipped,Myntra,PAY04321
O04322,C0879,2025-08-13 22:16:00,Delivered,Myntra,PAY04322
O04323,C0439,2026-05-31 06:35:00,Delivered,Amazon,PAY04323
O04324,C0258,2025-11-22 07:24:00,Returned,Myntra,PAY04324
O04325,C0639,2025-11-02 12:58:00,Delivered,Myntra,PAY04325
O04326,C0907,2025-02-18 10:21:00,Delivered,Flipkart,PAY04326
O04327,C0011,2026-03-31 08:45:00,Delivered,Flipkart,PAY04327
O04328,C0967,2026-01-04 14:39:00,Delivered,Flipkart,PAY04328
O04329,C0041,2025-03-23 11:25:00,Delivered,Amazon,PAY04329
O04330,C0648,2026-08-02 05:46:00,Returned,Amazon,PAY04330
O04331,C0134,2026-09-01 01:34:00,Delivered,Flipkart,PAY04331
O04332,C0063,2025-04-20 01:31:00,Cancelled,Myntra,PAY04332
O04333,C0218,2025-11-13 23:01:00,Cancelled,Myntra,PAY04333
O04334,C0412,2025-04-15 07:06:00,Delivered,Amazon,PAY04334
O04335,C0181,2026-04-19 16:24:00,Delivered,Myntra,PAY04335
O04336,C0026,2025-01-20 04:21:00,Returned,Flipkart,PAY04336
O04337,C0370,2026-04-01 21:24:00,Delivered,Myntra,PAY04337
O04338,C0815,2025-07-01 05:40:00,Delivered,Flipkart,PAY04338
O04339,C0183,2026-09-28 11:58:00,Delivered,Flipkart,PAY04339
O04340,C0103,2025-10-02 22:05:00,Cancelled,Amazon,PAY04340
O04341,C0221,2025-01-01 02:42:00,Delivered,Amazon,PAY04341
O04342,C0023,2026-03-25 10:50:00,Returned,Myntra,PAY04342
O04343,C0659,2026-01-01 01:00:00,Delivered,Flipkart,PAY04343
O04344,C0671,2025-02-21 02:20:00,Delivered,Flipkart,PAY04344
O04345,C0359,2025-08-08 23:59:00,Delivered,Flipkart,PAY04345
O04346,C0168,2026-08-26 08:28:00,Cancelled,Myntra,PAY04346
O04347,C0620,2025-12-14 01:28:00,Delivered,Amazon,PAY04347
O04348,C0327,2026-05-20 03:48:00,Delivered,Myntra,PAY04348
O04349,C0670,2025-07-15 04:29:00,Shipped,Myntra,PAY04349
O04350,C0400,2025-02-20 11:45:00,Cancelled,Myntra,PAY04350
O04351,C0591,2026-01-10 20:01:00,Delivered,Myntra,PAY04351
O04352,C0369,2025-03-09 01:00:00,Delivered,Flipkart,PAY04352
O04353,C0197,2026-09-29 06:19:00,Returned,Myntra,PAY04353
O04354,C0921,2025-01-13 06:44:00,Shipped,Amazon,PAY04354
O04355,C0315,2025-01-04 08:22:00,Delivered,Amazon,PAY04355
O04356,C0375,2025-08-08 13:02:00,Shipped,Myntra,PAY04356
O04357,C0105,2025-10-19 02:04:00,Shipped,Flipkart,PAY04357
O04358,C0395,2026-09-21 03:14:00,Cancelled,Flipkart,PAY04358
O04359,C0344,2026-09-23 19:57:00,Delivered,Myntra,PAY04359
O04360,C0088,2026-01-03 11:48:00,Returned,Amazon,PAY04360
O04361,C0029,2026-01-18 21:36:00,Delivered,Amazon,PAY04361
O04362,C0375,2025-02-16 11:24:00,Delivered,Amazon,PAY04362
O04363,C0552,2025-03-02 13:31:00,Shipped,Myntra,PAY04363
O04364,C0298,2025-01-14 20:01:00,Delivered,Myntra,PAY04364
O04365,C0108,2026-03-15 17:03:00,Delivered,Myntra,PAY04365
O04366,C0434,2026-02-01 22:28:00,Delivered,Flipkart,PAY04366
O04367,C0039,2025-02-15 22:57:00,Delivered,Flipkart,PAY04367
O04368,C0220,2026-05-28 08:44:00,Cancelled,Amazon,PAY04368
O04369,C0078,2025-08-12 21:12:00,Shipped,Flipkart,PAY04369
O04370,C0088,2025-11-11 18:44:00,Delivered,Amazon,PAY04370
O04371,C0097,2025-01-22 00:25:00,Delivered,Flipkart,PAY04371
O04372,C0184,2026-01-22 05:21:00,Delivered,Amazon,PAY04372
O04373,C0025,2025-08-12 05:40:00,Delivered,Amazon,PAY04373
O04374,C0189,2025-03-16 15:13:00,Delivered,Flipkart,PAY04374
O04375,C0287,2025-09-19 04:57:00,Delivered,Amazon,PAY04375
O04376,C0260,2025-10-20 03:29:00,Shipped,Flipkart,PAY04376
O04377,C0182,2025-07-08 18:03:00,Cancelled,Amazon,PAY04377
O04378,C0695,2026-08-10 22:49:00,Delivered,Amazon,PAY04378
O04379,C0070,2025-08-15 09:21:00,Returned,Amazon,PAY04379
O04380,C0281,2025-03-13 00:47:00,Returned,Amazon,PAY04380
O04381,C0030,2026-08-09 01:41:00,Delivered,Myntra,PAY04381
O04382,C0034,2025-02-17 11:15:00,Delivered,Myntra,PAY04382
O04383,C0346,2026-07-08 17:58:00,Delivered,Myntra,PAY04383
O04384,C0338,2025-09-17 07:00:00,Delivered,Amazon,PAY04384
O04385,C0769,2025-04-01 12:25:00,Delivered,Amazon,PAY04385
O04386,C0330,2025-05-20 19:59:00,Delivered,Flipkart,PAY04386
O04387,C0924,2025-12-09 14:21:00,Returned,Myntra,PAY04387
O04388,C0024,2026-07-24 17:28:00,Delivered,Myntra,PAY04388
O04389,C0047,2025-07-10 02:10:00,Shipped,Myntra,PAY04389
O04390,C0021,2026-08-31 13:19:00,Delivered,Flipkart,PAY04390
O04391,C0089,2025-02-17 07:53:00,Delivered,Flipkart,PAY04391
O04392,C0315,2025-07-03 00:56:00,Cancelled,Amazon,PAY04392
O04393,C0414,2026-04-14 11:22:00,Shipped,Amazon,PAY04393
O04394,C0022,2025-03-21 08:29:00,Delivered,Amazon,PAY04394
O04395,C0898,2026-09-03 04:00:00,Delivered,Amazon,PAY04395
O04396,C0701,2025-04-04 11:53:00,Delivered,Amazon,PAY04396
O04397,C0141,2026-07-18 00:11:00,Delivered,Flipkart,PAY04397
O04398,C0037,2025-06-22 03:41:00,Returned,Myntra,PAY04398
O04399,C0081,2025-06-25 02:22:00,Shipped,Amazon,PAY04399
O04400,C0061,2026-06-19 18:58:00,Delivered,Myntra,PAY04400
O04401,C0059,2025-01-05 21:23:00,Shipped,Amazon,PAY04401
O04402,C0293,2026-03-21 03:49:00,Delivered,Myntra,PAY04402
O04403,C0117,2026-03-24 06:34:00,Delivered,Flipkart,PAY04403
O04404,C0171,2026-07-18 17:05:00,Cancelled,Myntra,PAY04404
O04405,C0981,2025-11-17 18:47:00,Delivered,Myntra,PAY04405
O04406,C0451,2026-04-27 05:45:00,Cancelled,Amazon,PAY04406
O04407,C0904,2026-01-26 17:33:00,Delivered,Myntra,PAY04407
O04408,C0068,2025-02-21 10:58:00,Delivered,Flipkart,PAY04408
O04409,C0182,2026-07-02 22:38:00,Returned,Amazon,PAY04409
O04410,C0327,2025-03-10 17:24:00,Shipped,Amazon,PAY04410
O04411,C0037,2026-06-05 18:30:00,Delivered,Myntra,PAY04411
O04412,C0002,2025-10-10 10:56:00,Delivered,Amazon,PAY04412
O04413,C0437,2025-04-09 16:08:00,Delivered,Myntra,PAY04413
O04414,C0410,2026-05-04 05:00:00,Delivered,Amazon,PAY04414
O04415,C0196,2026-07-19 06:39:00,Delivered,Myntra,PAY04415
O04416,C0266,2025-05-11 20:59:00,Returned,Amazon,PAY04416
O04417,C0198,2025-05-19 21:09:00,Delivered,Flipkart,PAY04417
O04418,C0012,2025-04-01 08:17:00,Delivered,Flipkart,PAY04418
O04419,C0160,2025-08-05 23:08:00,Cancelled,Myntra,PAY04419
O04420,C0085,2025-04-23 02:26:00,Delivered,Myntra,PAY04420
O04421,C0047,2026-09-09 22:12:00,Cancelled,Amazon,PAY04421
O04422,C0918,2025-05-10 23:40:00,Cancelled,Amazon,PAY04422
O04423,C0370,2025-05-11 01:40:00,Delivered,Amazon,PAY04423
O04424,C0493,2025-10-11 22:44:00,Delivered,Amazon,PAY04424
O04425,C0150,2025-05-15 04:45:00,Delivered,Flipkart,PAY04425
O04426,C0187,2026-01-03 04:44:00,Delivered,Amazon,PAY04426
O04427,C0113,2026-01-17 22:12:00,Delivered,Amazon,PAY04427
O04428,C0047,2026-05-31 02:26:00,Delivered,Amazon,PAY04428
O04429,C0086,2026-02-21 08:25:00,Delivered,Amazon,PAY04429
O04430,C0616,2025-02-28 11:45:00,Returned,Myntra,PAY04430
O04431,C0444,2025-08-25 14:29:00,Delivered,Flipkart,PAY04431
O04432,C0320,2026-02-12 18:06:00,Shipped,Myntra,PAY04432
O04433,C0252,2025-08-18 04:49:00,Delivered,Myntra,PAY04433
O04434,C0853,2025-01-24 20:10:00,Shipped,Amazon,PAY04434
O04435,C0035,2026-03-02 21:56:00,Returned,Myntra,PAY04435
O04436,C0134,2025-03-17 15:19:00,Delivered,Myntra,PAY04436
O04437,C0167,2025-02-11 05:37:00,Cancelled,Myntra,PAY04437
O04438,C0587,2025-08-12 03:50:00,Delivered,Flipkart,PAY04438
O04439,C0986,2025-09-11 23:34:00,Returned,Flipkart,PAY04439
O04440,C0115,2025-03-10 19:24:00,Delivered,Amazon,PAY04440
O04441,C0762,2025-06-04 18:05:00,Returned,Amazon,PAY04441
O04442,C0679,2025-05-02 13:31:00,Delivered,Myntra,PAY04442
O04443,C0107,2025-02-27 11:25:00,Shipped,Flipkart,PAY04443
O04444,C0190,2026-03-04 12:29:00,Returned,Amazon,PAY04444
O04445,C0195,2026-01-28 07:44:00,Delivered,Amazon,PAY04445
O04446,C0959,2025-03-28 18:32:00,Returned,Flipkart,PAY04446
O04447,C0086,2026-01-06 11:03:00,Delivered,Myntra,PAY04447
O04448,C0619,2025-10-21 08:19:00,Cancelled,Amazon,PAY04448
O04449,C0159,2026-03-28 13:25:00,Delivered,Myntra,PAY04449
O04450,C0495,2025-11-10 19:49:00,Delivered,Myntra,PAY04450
O04451,C0200,2025-08-19 18:26:00,Delivered,Amazon,PAY04451
O04452,C0350,2025-11-06 20:38:00,Delivered,Amazon,PAY04452
O04453,C0682,2026-04-10 06:08:00,Returned,Amazon,PAY04453
O04454,C0628,2026-01-30 04:27:00,Returned,Amazon,PAY04454
O04455,C0747,2025-04-01 09:09:00,Delivered,Amazon,PAY04455
O04456,C0029,2026-02-25 21:08:00,Returned,Myntra,PAY04456
O04457,C0458,2025-12-18 20:35:00,Cancelled,Flipkart,PAY04457
O04458,C0067,2025-09-30 21:09:00,Delivered,Myntra,PAY04458
O04459,C0198,2026-06-12 16:40:00,Delivered,Myntra,PAY04459
O04460,C0322,2026-05-20 19:43:00,Shipped,Amazon,PAY04460
O04461,C0192,2026-09-30 13:09:00,Cancelled,Amazon,PAY04461
O04462,C0294,2025-11-15 22:05:00,Cancelled,Myntra,PAY04462
O04463,C0994,2026-08-08 21:24:00,Delivered,Amazon,PAY04463
O04464,C0065,2025-07-25 17:21:00,Returned,Amazon,PAY04464
O04465,C0442,2025-05-18 23:18:00,Delivered,Amazon,PAY04465
O04466,C0189,2026-01-10 21:03:00,Delivered,Myntra,PAY04466
O04467,C0064,2025-08-30 07:15:00,Delivered,Amazon,PAY04467
O04468,C0076,2025-02-05 22:15:00,Delivered,Amazon,PAY04468
O04469,C0904,2026-01-10 21:33:00,Delivered,Flipkart,PAY04469
O04470,C0772,2025-01-29 11:46:00,Delivered,Flipkart,PAY04470
O04471,C0824,2026-04-24 23:24:00,Cancelled,Myntra,PAY04471
O04472,C0984,2025-10-03 15:21:00,Returned,Flipkart,PAY04472
O04473,C0099,2026-02-16 18:45:00,Cancelled,Flipkart,PAY04473
O04474,C0169,2025-12-10 06:23:00,Delivered,Flipkart,PAY04474
O04475,C0436,2026-01-15 18:30:00,Returned,Flipkart,PAY04475
O04476,C0260,2026-02-07 12:59:00,Cancelled,Myntra,PAY04476
O04477,C0199,2026-05-30 12:51:00,Delivered,Flipkart,PAY04477
O04478,C0170,2025-08-02 08:08:00,Delivered,Amazon,PAY04478
O04479,C0365,2025-12-18 09:23:00,Delivered,Myntra,PAY04479
O04480,C0347,2025-01-09 18:21:00,Returned,Myntra,PAY04480
O04481,C0077,2025-11-10 16:05:00,Returned,Flipkart,PAY04481
O04482,C0249,2025-07-09 12:38:00,Delivered,Flipkart,PAY04482
O04483,C0326,2026-01-16 18:24:00,Delivered,Flipkart,PAY04483
O04484,C0342,2026-04-03 05:07:00,Returned,Amazon,PAY04484
O04485,C0100,2025-01-14 14:55:00,Delivered,Amazon,PAY04485
O04486,C0511,2025-09-03 11:49:00,Cancelled,Myntra,PAY04486
O04487,C0012,2025-05-02 08:11:00,Delivered,Amazon,PAY04487
O04488,C0169,2025-10-20 01:42:00,Delivered,Myntra,PAY04488
O04489,C0583,2026-07-12 18:12:00,Delivered,Amazon,PAY04489
O04490,C0336,2026-03-02 03:19:00,Returned,Flipkart,PAY04490
O04491,C0125,2025-11-13 06:45:00,Returned,Amazon,PAY04491
O04492,C0461,2026-04-09 18:26:00,Delivered,Myntra,PAY04492
O04493,C0340,2026-04-14 07:06:00,Cancelled,Amazon,PAY04493
O04494,C0613,2025-01-31 17:41:00,Cancelled,Myntra,PAY04494
O04495,C0499,2025-05-05 15:33:00,Returned,Flipkart,PAY04495
O04496,C0380,2025-06-21 04:59:00,Delivered,Amazon,PAY04496
O04497,C0264,2026-01-13 23:35:00,Delivered,Amazon,PAY04497
O04498,C0064,2026-07-25 08:20:00,Delivered,Amazon,PAY04498
O04499,C0125,2026-01-07 21:17:00,Cancelled,Amazon,PAY04499
O04500,C0200,2026-03-20 16:51:00,Delivered,Flipkart,PAY04500
O04501,C0370,2025-10-01 21:41:00,Cancelled,Flipkart,PAY04501
O04502,C0289,2025-02-19 03:31:00,Delivered,Myntra,PAY04502
O04503,C0137,2025-06-17 20:59:00,Returned,Myntra,PAY04503
O04504,C0004,2025-01-26 22:33:00,Delivered,Flipkart,PAY04504
O04505,C0272,2025-06-01 07:57:00,Delivered,Flipkart,PAY04505
O04506,C0136,2026-04-09 04:36:00,Delivered,Flipkart,PAY04506
O04507,C0498,2025-11-28 13:12:00,Delivered,Flipkart,PAY04507
O04508,C0012,2025-01-04 03:17:00,Delivered,Myntra,PAY04508
O04509,C0356,2025-02-17 20:44:00,Delivered,Amazon,PAY04509
O04510,C0889,2026-03-26 17:04:00,Delivered,Flipkart,PAY04510
O04511,C0083,2025-11-30 20:33:00,Cancelled,Amazon,PAY04511
O04512,C0249,2025-02-07 00:58:00,Delivered,Flipkart,PAY04512
O04513,C0044,2025-07-02 23:08:00,Delivered,Flipkart,PAY04513
O04514,C0395,2025-07-10 10:29:00,Cancelled,Amazon,PAY04514
O04515,C0324,2025-05-03 13:01:00,Shipped,Flipkart,PAY04515
O04516,C0194,2025-08-21 18:44:00,Returned,Amazon,PAY04516
O04517,C0296,2025-08-11 12:33:00,Returned,Myntra,PAY04517
O04518,C0804,2025-03-30 15:10:00,Delivered,Amazon,PAY04518
O04519,C0094,2025-05-05 06:24:00,Shipped,Flipkart,PAY04519
O04520,C0011,2025-12-26 22:09:00,Shipped,Flipkart,PAY04520
O04521,C0738,2025-06-30 23:01:00,Shipped,Myntra,PAY04521
O04522,C0349,2025-07-10 18:46:00,Cancelled,Flipkart,PAY04522
O04523,C0793,2025-09-10 11:08:00,Cancelled,Flipkart,PAY04523
O04524,C0368,2026-09-23 11:52:00,Returned,Myntra,PAY04524
O04525,C0640,2025-08-07 07:09:00,Delivered,Amazon,PAY04525
O04526,C0209,2026-03-30 07:44:00,Shipped,Amazon,PAY04526
O04527,C0525,2026-06-19 19:38:00,Delivered,Amazon,PAY04527
O04528,C0835,2025-10-22 11:54:00,Delivered,Myntra,PAY04528
O04529,C0344,2025-08-16 11:14:00,Delivered,Amazon,PAY04529
O04530,C0086,2026-03-10 13:05:00,Shipped,Flipkart,PAY04530
O04531,C0128,2025-02-05 15:25:00,Delivered,Amazon,PAY04531
O04532,C0095,2026-07-19 14:02:00,Shipped,Amazon,PAY04532
O04533,C0118,2026-02-03 19:31:00,Returned,Amazon,PAY04533
O04534,C0146,2026-06-02 05:53:00,Returned,Amazon,PAY04534
O04535,C0328,2026-01-26 01:06:00,Delivered,Flipkart,PAY04535
O04536,C0359,2025-05-08 04:25:00,Delivered,Flipkart,PAY04536
O04537,C0206,2026-07-21 07:57:00,Shipped,Myntra,PAY04537
O04538,C0385,2026-07-28 20:11:00,Cancelled,Amazon,PAY04538
O04539,C0039,2026-05-20 21:50:00,Returned,Myntra,PAY04539
O04540,C0042,2026-03-22 22:48:00,Delivered,Myntra,PAY04540
O04541,C0082,2025-09-22 12:30:00,Delivered,Flipkart,PAY04541
O04542,C0293,2026-03-30 08:08:00,Delivered,Amazon,PAY04542
O04543,C0102,2025-08-10 22:09:00,Delivered,Amazon,PAY04543
O04544,C0135,2026-06-05 00:40:00,Delivered,Myntra,PAY04544
O04545,C0191,2025-10-27 08:09:00,Delivered,Myntra,PAY04545
O04546,C0643,2026-08-03 04:45:00,Returned,Myntra,PAY04546
O04547,C0007,2025-07-08 05:46:00,Delivered,Flipkart,PAY04547
O04548,C0417,2025-02-28 12:11:00,Returned,Myntra,PAY04548
O04549,C0436,2025-12-12 06:23:00,Cancelled,Amazon,PAY04549
O04550,C0618,2026-02-03 07:53:00,Cancelled,Myntra,PAY04550
O04551,C0873,2026-05-06 07:04:00,Returned,Myntra,PAY04551
O04552,C0010,2025-04-28 17:03:00,Delivered,Flipkart,PAY04552
O04553,C0074,2026-05-19 08:06:00,Returned,Amazon,PAY04553
O04554,C0784,2025-01-07 15:42:00,Delivered,Amazon,PAY04554
O04555,C0236,2026-07-27 09:49:00,Delivered,Myntra,PAY04555
O04556,C0337,2026-07-30 10:09:00,Delivered,Myntra,PAY04556
O04557,C0430,2025-03-15 07:49:00,Delivered,Amazon,PAY04557
O04558,C0446,2026-02-15 21:03:00,Shipped,Flipkart,PAY04558
O04559,C0871,2026-02-13 07:36:00,Returned,Myntra,PAY04559
O04560,C0995,2026-04-30 21:23:00,Delivered,Amazon,PAY04560
O04561,C0485,2025-11-18 23:17:00,Returned,Flipkart,PAY04561
O04562,C0137,2025-02-16 11:20:00,Delivered,Myntra,PAY04562
O04563,C0772,2025-03-16 05:59:00,Cancelled,Myntra,PAY04563
O04564,C0024,2025-03-10 11:05:00,Delivered,Myntra,PAY04564
O04565,C0110,2025-10-02 02:04:00,Shipped,Myntra,PAY04565
O04566,C0806,2025-12-17 10:27:00,Delivered,Amazon,PAY04566
O04567,C0122,2026-08-07 21:05:00,Shipped,Myntra,PAY04567
O04568,C0105,2026-01-20 18:13:00,Shipped,Flipkart,PAY04568
O04569,C0066,2026-04-07 17:31:00,Delivered,Amazon,PAY04569
O04570,C0733,2025-03-03 15:51:00,Delivered,Amazon,PAY04570
O04571,C0276,2025-01-19 08:10:00,Delivered,Amazon,PAY04571
O04572,C0442,2025-01-16 02:39:00,Returned,Myntra,PAY04572
O04573,C0114,2026-05-24 03:08:00,Cancelled,Myntra,PAY04573
O04574,C0541,2025-04-02 04:19:00,Delivered,Amazon,PAY04574
O04575,C0545,2026-08-09 07:48:00,Cancelled,Flipkart,PAY04575
O04576,C0149,2026-09-28 12:29:00,Shipped,Myntra,PAY04576
O04577,C0196,2026-04-10 12:02:00,Shipped,Myntra,PAY04577
O04578,C0100,2026-05-01 06:04:00,Delivered,Flipkart,PAY04578
O04579,C0956,2026-05-18 15:14:00,Delivered,Myntra,PAY04579
O04580,C0414,2025-07-09 04:28:00,Cancelled,Flipkart,PAY04580
O04581,C0876,2025-01-29 14:21:00,Cancelled,Myntra,PAY04581
O04582,C0145,2026-06-28 17:39:00,Delivered,Myntra,PAY04582
O04583,C0586,2026-07-12 13:22:00,Delivered,Myntra,PAY04583
O04584,C0556,2025-08-01 20:43:00,Shipped,Myntra,PAY04584
O04585,C0458,2025-11-13 06:07:00,Shipped,Amazon,PAY04585
O04586,C0935,2026-01-27 10:19:00,Delivered,Amazon,PAY04586
O04587,C0187,2026-06-09 21:46:00,Returned,Myntra,PAY04587
O04588,C0063,2025-12-09 05:14:00,Delivered,Amazon,PAY04588
O04589,C0439,2025-02-16 05:07:00,Shipped,Amazon,PAY04589
O04590,C0493,2025-12-27 00:49:00,Delivered,Flipkart,PAY04590
O04591,C0347,2026-01-23 08:18:00,Shipped,Myntra,PAY04591
O04592,C0099,2026-04-13 09:30:00,Delivered,Myntra,PAY04592
O04593,C0280,2025-02-21 00:08:00,Delivered,Myntra,PAY04593
O04594,C0149,2026-04-21 12:19:00,Delivered,Myntra,PAY04594
O04595,C0207,2026-03-22 15:25:00,Delivered,Myntra,PAY04595
O04596,C0413,2026-04-04 18:28:00,Delivered,Amazon,PAY04596
O04597,C0516,2026-03-06 06:24:00,Delivered,Flipkart,PAY04597
O04598,C0111,2025-02-04 08:54:00,Delivered,Amazon,PAY04598
O04599,C0193,2025-01-24 13:15:00,Delivered,Flipkart,PAY04599
O04600,C0128,2025-08-14 15:12:00,Delivered,Myntra,PAY04600
O04601,C0095,2026-01-31 08:36:00,Delivered,Myntra,PAY04601
O04602,C0589,2025-07-10 14:28:00,Delivered,Amazon,PAY04602
O04603,C0828,2026-08-03 20:22:00,Delivered,Myntra,PAY04603
O04604,C0176,2026-01-25 07:20:00,Delivered,Amazon,PAY04604
O04605,C0528,2026-01-15 18:29:00,Cancelled,Amazon,PAY04605
O04606,C0805,2025-07-03 11:22:00,Delivered,Amazon,PAY04606
O04607,C0708,2026-06-26 05:29:00,Delivered,Myntra,PAY04607
O04608,C0087,2025-07-31 13:19:00,Delivered,Amazon,PAY04608
O04609,C0917,2025-11-18 19:18:00,Shipped,Myntra,PAY04609
O04610,C0179,2026-07-28 18:48:00,Delivered,Myntra,PAY04610
O04611,C0162,2026-02-07 11:59:00,Delivered,Flipkart,PAY04611
O04612,C0030,2026-03-22 07:19:00,Delivered,Flipkart,PAY04612
O04613,C0262,2025-10-27 23:14:00,Delivered,Myntra,PAY04613
O04614,C0052,2025-09-21 02:50:00,Delivered,Myntra,PAY04614
O04615,C0119,2025-05-05 12:36:00,Shipped,Myntra,PAY04615
O04616,C0151,2025-09-08 19:15:00,Returned,Myntra,PAY04616
O04617,C0637,2025-09-22 08:37:00,Delivered,Flipkart,PAY04617
O04618,C0764,2025-08-20 18:56:00,Delivered,Flipkart,PAY04618
O04619,C0144,2025-09-28 00:33:00,Returned,Myntra,PAY04619
O04620,C0732,2026-07-29 05:09:00,Delivered,Amazon,PAY04620
O04621,C0729,2026-08-31 10:32:00,Delivered,Amazon,PAY04621
O04622,C0553,2026-09-12 23:30:00,Cancelled,Amazon,PAY04622
O04623,C0070,2026-08-13 21:52:00,Shipped,Myntra,PAY04623
O04624,C0456,2026-06-19 18:54:00,Delivered,Amazon,PAY04624
O04625,C0896,2025-09-13 05:06:00,Delivered,Myntra,PAY04625
O04626,C0449,2026-04-02 04:03:00,Cancelled,Amazon,PAY04626
O04627,C0158,2025-04-28 15:48:00,Delivered,Flipkart,PAY04627
O04628,C0276,2025-12-01 09:57:00,Returned,Myntra,PAY04628
O04629,C0414,2025-12-23 06:18:00,Cancelled,Myntra,PAY04629
O04630,C0286,2026-02-27 11:21:00,Delivered,Myntra,PAY04630
O04631,C0057,2025-05-16 04:02:00,Delivered,Amazon,PAY04631
O04632,C0149,2025-02-13 09:17:00,Shipped,Flipkart,PAY04632
O04633,C0625,2025-11-08 12:59:00,Delivered,Amazon,PAY04633
O04634,C0737,2026-09-18 07:36:00,Delivered,Amazon,PAY04634
O04635,C0066,2025-05-25 23:55:00,Delivered,Amazon,PAY04635
O04636,C0910,2025-05-20 03:13:00,Cancelled,Flipkart,PAY04636
O04637,C0157,2025-12-08 12:55:00,Delivered,Myntra,PAY04637
O04638,C0430,2026-09-02 12:12:00,Delivered,Myntra,PAY04638
O04639,C0529,2025-12-12 20:43:00,Returned,Flipkart,PAY04639
O04640,C0643,2025-01-03 17:27:00,Returned,Amazon,PAY04640
O04641,C0897,2026-08-11 19:13:00,Delivered,Flipkart,PAY04641
O04642,C0149,2026-01-05 17:19:00,Delivered,Flipkart,PAY04642
O04643,C0732,2025-12-02 12:24:00,Delivered,Amazon,PAY04643
O04644,C0063,2025-03-16 07:59:00,Shipped,Myntra,PAY04644
O04645,C0470,2026-01-15 01:56:00,Delivered,Flipkart,PAY04645
O04646,C0510,2025-07-07 06:53:00,Delivered,Amazon,PAY04646
O04647,C0444,2025-05-19 01:54:00,Delivered,Amazon,PAY04647
O04648,C0120,2025-11-14 14:18:00,Delivered,Flipkart,PAY04648
O04649,C0759,2026-02-21 06:41:00,Delivered,Amazon,PAY04649
O04650,C0081,2025-11-05 07:42:00,Delivered,Myntra,PAY04650
O04651,C0026,2026-08-17 13:32:00,Cancelled,Myntra,PAY04651
O04652,C0482,2026-02-10 17:53:00,Delivered,Amazon,PAY04652
O04653,C0252,2026-07-20 20:20:00,Cancelled,Myntra,PAY04653
O04654,C0714,2025-05-25 18:55:00,Delivered,Flipkart,PAY04654
O04655,C0183,2026-08-20 01:09:00,Returned,Myntra,PAY04655
O04656,C0080,2025-04-02 20:42:00,Delivered,Flipkart,PAY04656
O04657,C0690,2025-10-20 02:29:00,Delivered,Amazon,PAY04657
O04658,C0322,2025-02-08 09:13:00,Returned,Flipkart,PAY04658
O04659,C0090,2025-03-01 04:14:00,Shipped,Flipkart,PAY04659
O04660,C0485,2025-02-18 05:10:00,Returned,Myntra,PAY04660
O04661,C0286,2026-09-17 08:27:00,Delivered,Flipkart,PAY04661
O04662,C0375,2025-07-05 14:48:00,Delivered,Myntra,PAY04662
O04663,C0238,2025-06-13 06:12:00,Delivered,Myntra,PAY04663
O04664,C0675,2025-06-06 19:50:00,Delivered,Amazon,PAY04664
O04665,C0677,2025-05-20 00:08:00,Delivered,Flipkart,PAY04665
O04666,C0474,2026-08-11 03:13:00,Delivered,Amazon,PAY04666
O04667,C0051,2025-08-24 00:14:00,Delivered,Flipkart,PAY04667
O04668,C0694,2026-02-23 14:28:00,Delivered,Myntra,PAY04668
O04669,C0438,2025-05-06 21:57:00,Delivered,Flipkart,PAY04669
O04670,C0463,2026-01-09 00:28:00,Returned,Flipkart,PAY04670
O04671,C0173,2025-05-26 15:39:00,Shipped,Flipkart,PAY04671
O04672,C0771,2025-11-19 07:57:00,Cancelled,Amazon,PAY04672
O04673,C0490,2025-06-27 08:41:00,Delivered,Amazon,PAY04673
O04674,C0054,2025-02-27 02:57:00,Delivered,Amazon,PAY04674
O04675,C0194,2026-08-19 17:49:00,Delivered,Flipkart,PAY04675
O04676,C0785,2025-06-24 07:01:00,Delivered,Flipkart,PAY04676
O04677,C0023,2025-05-15 01:08:00,Shipped,Flipkart,PAY04677
O04678,C0927,2026-04-15 02:51:00,Shipped,Myntra,PAY04678
O04679,C0446,2025-01-17 02:29:00,Cancelled,Amazon,PAY04679
O04680,C0400,2025-06-17 21:51:00,Delivered,Flipkart,PAY04680
O04681,C0129,2025-02-23 11:03:00,Delivered,Myntra,PAY04681
O04682,C0119,2026-02-28 08:42:00,Shipped,Flipkart,PAY04682
O04683,C0890,2025-04-15 15:41:00,Cancelled,Myntra,PAY04683
O04684,C0142,2026-05-23 10:52:00,Delivered,Flipkart,PAY04684
O04685,C0574,2025-04-19 19:50:00,Returned,Myntra,PAY04685
O04686,C0187,2025-07-07 08:03:00,Delivered,Flipkart,PAY04686
O04687,C0067,2026-07-09 07:34:00,Returned,Flipkart,PAY04687
O04688,C0006,2025-06-07 21:30:00,Cancelled,Amazon,PAY04688
O04689,C0318,2025-12-14 16:55:00,Delivered,Amazon,PAY04689
O04690,C0954,2025-06-09 10:38:00,Delivered,Myntra,PAY04690
O04691,C0176,2025-12-18 12:25:00,Returned,Myntra,PAY04691
O04692,C0170,2025-10-16 22:16:00,Shipped,Myntra,PAY04692
O04693,C0164,2025-05-31 07:31:00,Delivered,Myntra,PAY04693
O04694,C0295,2025-07-12 14:36:00,Returned,Amazon,PAY04694
O04695,C0219,2025-07-10 03:08:00,Delivered,Amazon,PAY04695
O04696,C0772,2025-02-18 03:33:00,Delivered,Myntra,PAY04696
O04697,C0281,2025-02-12 07:44:00,Delivered,Myntra,PAY04697
O04698,C0283,2026-07-21 13:51:00,Cancelled,Myntra,PAY04698
O04699,C0066,2025-02-21 21:58:00,Delivered,Flipkart,PAY04699
O04700,C0968,2025-02-20 15:18:00,Cancelled,Amazon,PAY04700
O04701,C0119,2025-08-19 19:09:00,Delivered,Amazon,PAY04701
O04702,C0035,2026-08-25 19:39:00,Delivered,Myntra,PAY04702
O04703,C0430,2025-12-30 05:38:00,Delivered,Myntra,PAY04703
O04704,C0366,2025-04-23 15:06:00,Delivered,Amazon,PAY04704
O04705,C0198,2025-05-26 15:24:00,Cancelled,Flipkart,PAY04705
O04706,C0202,2025-09-13 07:35:00,Delivered,Amazon,PAY04706
O04707,C0592,2025-06-17 00:23:00,Returned,Flipkart,PAY04707
O04708,C0093,2025-06-03 04:07:00,Delivered,Amazon,PAY04708
O04709,C0659,2026-01-21 21:20:00,Cancelled,Flipkart,PAY04709
O04710,C0417,2026-08-29 20:24:00,Returned,Amazon,PAY04710
O04711,C0200,2025-07-19 23:47:00,Delivered,Myntra,PAY04711
O04712,C0236,2026-07-07 06:12:00,Delivered,Flipkart,PAY04712
O04713,C0122,2025-11-06 14:56:00,Returned,Amazon,PAY04713
O04714,C0530,2025-11-09 16:53:00,Shipped,Flipkart,PAY04714
O04715,C0288,2026-06-05 19:37:00,Delivered,Amazon,PAY04715
O04716,C0153,2025-10-05 14:01:00,Returned,Amazon,PAY04716
O04717,C0367,2025-01-11 11:39:00,Cancelled,Flipkart,PAY04717
O04718,C0992,2026-06-04 21:22:00,Delivered,Myntra,PAY04718
O04719,C0214,2025-11-17 06:50:00,Cancelled,Flipkart,PAY04719
O04720,C0850,2026-05-24 08:39:00,Cancelled,Amazon,PAY04720
O04721,C0164,2026-02-11 13:40:00,Cancelled,Amazon,PAY04721
O04722,C0026,2025-06-13 19:47:00,Delivered,Flipkart,PAY04722
O04723,C0098,2025-08-27 08:11:00,Delivered,Flipkart,PAY04723
O04724,C0199,2026-05-01 10:50:00,Delivered,Amazon,PAY04724
O04725,C0105,2026-01-03 18:09:00,Delivered,Flipkart,PAY04725
O04726,C0001,2025-03-24 12:22:00,Shipped,Amazon,PAY04726
O04727,C0839,2025-05-26 19:08:00,Delivered,Myntra,PAY04727
O04728,C0704,2026-01-13 18:46:00,Delivered,Amazon,PAY04728
O04729,C0511,2026-08-30 09:07:00,Delivered,Flipkart,PAY04729
O04730,C0080,2026-02-25 06:02:00,Delivered,Myntra,PAY04730
O04731,C0058,2025-11-22 10:48:00,Cancelled,Myntra,PAY04731
O04732,C0033,2026-08-19 12:14:00,Delivered,Amazon,PAY04732
O04733,C0488,2026-04-20 21:46:00,Returned,Amazon,PAY04733
O04734,C0865,2026-02-23 05:52:00,Shipped,Myntra,PAY04734
O04735,C0210,2025-10-31 21:48:00,Delivered,Amazon,PAY04735
O04736,C0057,2026-03-18 12:04:00,Delivered,Myntra,PAY04736
O04737,C0287,2025-09-23 19:32:00,Delivered,Myntra,PAY04737
O04738,C0166,2026-07-19 10:06:00,Delivered,Amazon,PAY04738
O04739,C0179,2025-04-20 07:41:00,Shipped,Amazon,PAY04739
O04740,C0391,2025-02-14 08:36:00,Shipped,Amazon,PAY04740
O04741,C0483,2025-06-10 02:52:00,Cancelled,Amazon,PAY04741
O04742,C0053,2025-07-01 04:06:00,Returned,Amazon,PAY04742
O04743,C0017,2025-03-20 11:47:00,Delivered,Myntra,PAY04743
O04744,C0990,2025-04-26 22:23:00,Shipped,Amazon,PAY04744
O04745,C0111,2026-03-22 17:26:00,Shipped,Flipkart,PAY04745
O04746,C0026,2026-02-16 09:57:00,Delivered,Amazon,PAY04746
O04747,C0091,2026-08-20 03:33:00,Delivered,Flipkart,PAY04747
O04748,C0019,2026-07-24 17:03:00,Delivered,Flipkart,PAY04748
O04749,C0187,2025-11-09 04:53:00,Returned,Myntra,PAY04749
O04750,C0625,2025-01-01 01:50:00,Delivered,Amazon,PAY04750
O04751,C0163,2026-08-07 16:58:00,Delivered,Flipkart,PAY04751
O04752,C0222,2026-06-22 15:15:00,Returned,Flipkart,PAY04752
O04753,C0442,2026-06-18 10:49:00,Cancelled,Flipkart,PAY04753
O04754,C0284,2026-02-16 09:55:00,Delivered,Myntra,PAY04754
O04755,C0737,2025-11-15 23:07:00,Shipped,Flipkart,PAY04755
O04756,C0746,2025-05-13 06:18:00,Cancelled,Amazon,PAY04756
O04757,C0005,2025-04-25 19:09:00,Cancelled,Flipkart,PAY04757
O04758,C0579,2025-05-29 05:04:00,Delivered,Amazon,PAY04758
O04759,C0238,2025-01-18 09:44:00,Delivered,Amazon,PAY04759
O04760,C0979,2025-10-19 05:39:00,Delivered,Myntra,PAY04760
O04761,C0260,2025-08-11 03:18:00,Cancelled,Flipkart,PAY04761
O04762,C0976,2026-06-08 18:49:00,Returned,Myntra,PAY04762
O04763,C0534,2025-04-25 02:30:00,Returned,Myntra,PAY04763
O04764,C0119,2026-04-03 04:52:00,Returned,Flipkart,PAY04764
O04765,C0312,2026-08-26 19:38:00,Shipped,Flipkart,PAY04765
O04766,C0986,2026-08-13 22:33:00,Delivered,Myntra,PAY04766
O04767,C0730,2025-06-14 16:44:00,Delivered,Amazon,PAY04767
O04768,C0047,2026-07-17 00:03:00,Delivered,Flipkart,PAY04768
O04769,C0472,2026-03-09 13:01:00,Cancelled,Myntra,PAY04769
O04770,C0165,2025-06-22 22:00:00,Delivered,Amazon,PAY04770
O04771,C0004,2025-12-23 06:47:00,Delivered,Myntra,PAY04771
O04772,C0192,2025-12-11 06:34:00,Delivered,Amazon,PAY04772
O04773,C0112,2025-04-09 00:20:00,Cancelled,Amazon,PAY04773
O04774,C0656,2025-12-01 05:17:00,Delivered,Myntra,PAY04774
O04775,C0161,2025-08-29 17:45:00,Delivered,Flipkart,PAY04775
O04776,C0673,2026-07-21 22:10:00,Delivered,Myntra,PAY04776
O04777,C0001,2025-06-25 21:49:00,Shipped,Myntra,PAY04777
O04778,C0147,2025-03-05 01:28:00,Delivered,Myntra,PAY04778
O04779,C0115,2026-03-19 05:52:00,Delivered,Flipkart,PAY04779
O04780,C0111,2025-09-07 07:11:00,Returned,Myntra,PAY04780
O04781,C0033,2025-07-31 16:39:00,Delivered,Myntra,PAY04781
O04782,C0089,2025-07-28 06:52:00,Delivered,Flipkart,PAY04782
O04783,C0328,2025-03-27 16:21:00,Cancelled,Amazon,PAY04783
O04784,C0139,2026-07-10 12:11:00,Delivered,Flipkart,PAY04784
O04785,C0199,2025-04-18 07:27:00,Shipped,Flipkart,PAY04785
O04786,C0180,2025-04-22 00:04:00,Delivered,Amazon,PAY04786
O04787,C0765,2026-06-02 05:12:00,Delivered,Myntra,PAY04787
O04788,C0821,2026-09-16 04:06:00,Cancelled,Myntra,PAY04788
O04789,C0269,2026-06-05 23:14:00,Delivered,Amazon,PAY04789
O04790,C0157,2026-04-18 23:38:00,Cancelled,Amazon,PAY04790
O04791,C0051,2026-06-26 15:20:00,Cancelled,Myntra,PAY04791
O04792,C0912,2025-01-21 12:57:00,Delivered,Flipkart,PAY04792
O04793,C0029,2026-01-30 03:41:00,Delivered,Flipkart,PAY04793
O04794,C0142,2026-01-15 18:10:00,Delivered,Myntra,PAY04794
O04795,C0142,2026-07-06 16:06:00,Returned,Myntra,PAY04795
O04796,C0153,2025-09-30 07:49:00,Delivered,Myntra,PAY04796
O04797,C0079,2025-05-11 14:38:00,Delivered,Flipkart,PAY04797
O04798,C0589,2025-04-30 14:58:00,Shipped,Myntra,PAY04798
O04799,C0059,2025-04-24 11:37:00,Delivered,Myntra,PAY04799
O04800,C0404,2026-07-01 20:15:00,Shipped,Myntra,PAY04800
O04801,C0059,2025-11-03 11:42:00,Delivered,Amazon,PAY04801
O04802,C0034,2025-01-18 22:52:00,Cancelled,Amazon,PAY04802
O04803,C0828,2026-02-05 12:23:00,Cancelled,Flipkart,PAY04803
O04804,C0091,2026-07-01 12:48:00,Delivered,Myntra,PAY04804
O04805,C0661,2025-12-29 18:53:00,Delivered,Amazon,PAY04805
O04806,C0318,2025-11-28 14:13:00,Delivered,Myntra,PAY04806
O04807,C0037,2026-06-04 18:36:00,Delivered,Flipkart,PAY04807
O04808,C0916,2025-11-30 07:38:00,Delivered,Myntra,PAY04808
O04809,C0118,2026-03-22 20:40:00,Delivered,Flipkart,PAY04809
O04810,C0734,2025-11-02 04:37:00,Returned,Myntra,PAY04810
O04811,C0081,2025-01-24 14:17:00,Cancelled,Flipkart,PAY04811
O04812,C0723,2025-05-27 19:26:00,Delivered,Myntra,PAY04812
O04813,C0007,2025-11-08 02:48:00,Delivered,Myntra,PAY04813
O04814,C0287,2026-09-26 12:31:00,Delivered,Myntra,PAY04814
O04815,C0562,2025-01-04 17:50:00,Shipped,Flipkart,PAY04815
O04816,C0877,2025-11-11 21:43:00,Delivered,Flipkart,PAY04816
O04817,C0828,2026-07-27 11:43:00,Shipped,Myntra,PAY04817
O04818,C0658,2025-10-19 12:17:00,Delivered,Myntra,PAY04818
O04819,C0788,2025-07-18 19:51:00,Shipped,Flipkart,PAY04819
O04820,C0095,2025-04-26 13:29:00,Delivered,Flipkart,PAY04820
O04821,C0135,2026-04-15 16:40:00,Delivered,Amazon,PAY04821
O04822,C0138,2026-02-13 23:37:00,Shipped,Myntra,PAY04822
O04823,C0180,2025-04-20 12:18:00,Returned,Myntra,PAY04823
O04824,C0187,2026-07-01 00:16:00,Delivered,Flipkart,PAY04824
O04825,C0318,2025-01-11 19:10:00,Cancelled,Myntra,PAY04825
O04826,C0076,2026-06-12 12:56:00,Delivered,Flipkart,PAY04826
O04827,C0457,2025-06-25 03:53:00,Delivered,Amazon,PAY04827
O04828,C0080,2026-02-13 04:29:00,Delivered,Flipkart,PAY04828
O04829,C0148,2026-02-14 09:35:00,Shipped,Amazon,PAY04829
O04830,C0279,2025-01-19 17:11:00,Delivered,Myntra,PAY04830
O04831,C0614,2025-09-16 11:33:00,Delivered,Amazon,PAY04831
O04832,C0505,2025-01-01 17:56:00,Shipped,Myntra,PAY04832
O04833,C0414,2026-07-23 06:55:00,Cancelled,Amazon,PAY04833
O04834,C0074,2025-12-04 15:19:00,Cancelled,Myntra,PAY04834
O04835,C0320,2026-07-19 07:39:00,Shipped,Myntra,PAY04835
O04836,C0042,2026-05-01 08:53:00,Returned,Myntra,PAY04836
O04837,C0180,2025-04-19 17:22:00,Delivered,Amazon,PAY04837
O04838,C0197,2025-01-15 04:59:00,Delivered,Flipkart,PAY04838
O04839,C0019,2025-01-14 01:00:00,Delivered,Amazon,PAY04839
O04840,C0131,2025-12-20 23:24:00,Returned,Myntra,PAY04840
O04841,C0916,2026-02-17 03:37:00,Returned,Myntra,PAY04841
O04842,C0912,2025-12-31 20:13:00,Delivered,Flipkart,PAY04842
O04843,C0168,2026-02-01 09:06:00,Shipped,Flipkart,PAY04843
O04844,C0021,2026-08-02 06:52:00,Delivered,Myntra,PAY04844
O04845,C0086,2025-10-29 13:28:00,Shipped,Amazon,PAY04845
O04846,C0187,2026-05-30 15:58:00,Cancelled,Amazon,PAY04846
O04847,C0901,2025-05-02 16:30:00,Delivered,Flipkart,PAY04847
O04848,C0068,2025-02-05 00:07:00,Cancelled,Amazon,PAY04848
O04849,C0551,2026-03-14 11:56:00,Cancelled,Amazon,PAY04849
O04850,C0052,2025-02-18 07:17:00,Delivered,Flipkart,PAY04850
O04851,C0965,2025-09-16 04:38:00,Shipped,Amazon,PAY04851
O04852,C0182,2026-02-07 15:17:00,Cancelled,Flipkart,PAY04852
O04853,C0573,2026-03-09 17:57:00,Delivered,Flipkart,PAY04853
O04854,C0163,2025-06-18 09:02:00,Delivered,Amazon,PAY04854
O04855,C0397,2025-05-10 03:20:00,Delivered,Myntra,PAY04855
O04856,C0092,2026-09-04 13:55:00,Delivered,Amazon,PAY04856
O04857,C0070,2025-11-19 13:49:00,Delivered,Amazon,PAY04857
O04858,C0883,2025-07-05 03:38:00,Delivered,Flipkart,PAY04858
O04859,C0844,2025-08-30 06:59:00,Cancelled,Myntra,PAY04859
O04860,C0787,2025-10-29 14:50:00,Delivered,Flipkart,PAY04860
O04861,C0395,2026-05-26 09:30:00,Delivered,Flipkart,PAY04861
O04862,C0636,2026-07-09 09:43:00,Returned,Flipkart,PAY04862
O04863,C0033,2026-01-17 19:14:00,Shipped,Flipkart,PAY04863
O04864,C0160,2025-12-01 05:06:00,Returned,Amazon,PAY04864
O04865,C0150,2026-07-02 07:20:00,Delivered,Flipkart,PAY04865
O04866,C0404,2025-03-25 04:18:00,Delivered,Myntra,PAY04866
O04867,C0170,2025-12-23 06:06:00,Delivered,Myntra,PAY04867
O04868,C0071,2026-09-03 01:00:00,Cancelled,Amazon,PAY04868
O04869,C0367,2026-02-08 04:42:00,Delivered,Amazon,PAY04869
O04870,C0648,2025-03-11 22:49:00,Delivered,Amazon,PAY04870
O04871,C0182,2025-05-27 20:29:00,Delivered,Amazon,PAY04871
O04872,C0063,2026-03-12 08:34:00,Cancelled,Myntra,PAY04872
O04873,C0094,2025-09-10 19:22:00,Shipped,Flipkart,PAY04873
O04874,C0113,2025-11-25 17:20:00,Delivered,Amazon,PAY04874
O04875,C0143,2026-08-22 21:19:00,Delivered,Myntra,PAY04875
O04876,C0411,2025-12-21 04:45:00,Returned,Flipkart,PAY04876
O04877,C0371,2025-04-14 12:07:00,Shipped,Flipkart,PAY04877
O04878,C0462,2026-05-16 11:39:00,Delivered,Flipkart,PAY04878
O04879,C0173,2025-03-10 01:21:00,Delivered,Myntra,PAY04879
O04880,C0666,2025-02-18 11:19:00,Shipped,Amazon,PAY04880
O04881,C0097,2025-09-22 14:29:00,Delivered,Flipkart,PAY04881
O04882,C0246,2026-04-28 07:48:00,Delivered,Myntra,PAY04882
O04883,C0622,2025-08-08 11:49:00,Delivered,Flipkart,PAY04883
O04884,C0086,2026-03-25 16:46:00,Cancelled,Myntra,PAY04884
O04885,C0053,2025-10-30 03:53:00,Returned,Flipkart,PAY04885
O04886,C0779,2025-05-02 11:37:00,Delivered,Myntra,PAY04886
O04887,C0163,2026-08-08 14:12:00,Delivered,Flipkart,PAY04887
O04888,C0450,2026-09-10 06:02:00,Delivered,Amazon,PAY04888
O04889,C0013,2026-05-16 16:34:00,Delivered,Amazon,PAY04889
O04890,C0456,2025-07-19 03:33:00,Delivered,Flipkart,PAY04890
O04891,C0151,2025-03-27 02:44:00,Delivered,Amazon,PAY04891
O04892,C0027,2026-06-18 19:11:00,Delivered,Amazon,PAY04892
O04893,C0380,2026-06-10 15:32:00,Shipped,Amazon,PAY04893
O04894,C0115,2026-07-25 02:22:00,Returned,Amazon,PAY04894
O04895,C0184,2026-05-07 17:30:00,Delivered,Amazon,PAY04895
O04896,C0039,2025-10-20 17:27:00,Delivered,Flipkart,PAY04896
O04897,C0070,2025-03-06 10:11:00,Delivered,Flipkart,PAY04897
O04898,C0142,2025-11-10 13:20:00,Returned,Myntra,PAY04898
O04899,C0043,2025-08-06 10:46:00,Delivered,Flipkart,PAY04899
O04900,C0831,2026-06-09 01:06:00,Shipped,Myntra,PAY04900
O04901,C0003,2025-04-20 11:27:00,Cancelled,Flipkart,PAY04901
O04902,C0260,2025-07-12 09:17:00,Returned,Flipkart,PAY04902
O04903,C0059,2026-05-24 02:47:00,Delivered,Flipkart,PAY04903
O04904,C0147,2026-01-23 05:37:00,Returned,Flipkart,PAY04904
O04905,C0860,2026-08-26 02:19:00,Delivered,Amazon,PAY04905
O04906,C0077,2026-02-10 04:37:00,Shipped,Myntra,PAY04906
O04907,C0936,2025-09-21 12:40:00,Returned,Flipkart,PAY04907
O04908,C0098,2025-09-26 10:03:00,Shipped,Myntra,PAY04908
O04909,C0509,2026-08-12 18:50:00,Delivered,Myntra,PAY04909
O04910,C0320,2025-02-07 03:03:00,Shipped,Myntra,PAY04910
O04911,C0781,2026-07-22 10:30:00,Delivered,Myntra,PAY04911
O04912,C0327,2025-01-18 17:57:00,Delivered,Myntra,PAY04912
O04913,C0308,2025-12-15 05:06:00,Cancelled,Amazon,PAY04913
O04914,C0093,2026-07-08 19:26:00,Cancelled,Myntra,PAY04914
O04915,C0079,2025-10-25 09:10:00,Cancelled,Flipkart,PAY04915
O04916,C0842,2026-02-04 08:47:00,Shipped,Myntra,PAY04916
O04917,C0156,2025-11-01 19:48:00,Returned,Myntra,PAY04917
O04918,C0177,2026-09-22 23:29:00,Shipped,Flipkart,PAY04918
O04919,C0544,2026-03-25 05:35:00,Delivered,Flipkart,PAY04919
O04920,C0161,2025-12-03 20:45:00,Shipped,Flipkart,PAY04920
O04921,C0909,2026-06-17 04:33:00,Cancelled,Amazon,PAY04921
O04922,C0503,2026-08-30 01:11:00,Delivered,Amazon,PAY04922
O04923,C0368,2026-03-28 23:37:00,Delivered,Myntra,PAY04923
O04924,C0774,2026-07-06 19:42:00,Cancelled,Myntra,PAY04924
O04925,C0024,2025-03-17 04:19:00,Shipped,Myntra,PAY04925
O04926,C0123,2025-07-12 20:38:00,Returned,Flipkart,PAY04926
O04927,C0242,2025-03-25 14:00:00,Delivered,Myntra,PAY04927
O04928,C0108,2026-06-26 09:58:00,Delivered,Flipkart,PAY04928
O04929,C0514,2025-04-12 08:50:00,Delivered,Flipkart,PAY04929
O04930,C0847,2026-05-24 05:33:00,Delivered,Myntra,PAY04930
O04931,C0203,2025-04-18 02:11:00,Cancelled,Amazon,PAY04931
O04932,C0163,2025-01-31 06:33:00,Shipped,Flipkart,PAY04932
O04933,C0927,2026-03-21 17:07:00,Returned,Amazon,PAY04933
O04934,C0223,2026-08-15 07:39:00,Delivered,Myntra,PAY04934
O04935,C0265,2025-03-23 08:58:00,Delivered,Myntra,PAY04935
O04936,C0168,2025-01-12 00:47:00,Returned,Myntra,PAY04936
O04937,C0829,2026-08-10 20:54:00,Delivered,Amazon,PAY04937
O04938,C0341,2026-04-01 14:36:00,Delivered,Flipkart,PAY04938
O04939,C0549,2025-11-20 04:35:00,Returned,Flipkart,PAY04939
O04940,C0643,2026-03-10 18:13:00,Delivered,Flipkart,PAY04940
O04941,C0163,2025-04-02 20:53:00,Cancelled,Flipkart,PAY04941
O04942,C0213,2026-06-01 17:48:00,Delivered,Myntra,PAY04942
O04943,C0713,2026-04-21 23:00:00,Returned,Myntra,PAY04943
O04944,C0173,2025-11-23 06:08:00,Cancelled,Flipkart,PAY04944
O04945,C0609,2025-01-21 23:47:00,Delivered,Amazon,PAY04945
O04946,C0888,2026-08-13 07:50:00,Shipped,Amazon,PAY04946
O04947,C0393,2025-01-11 07:54:00,Shipped,Amazon,PAY04947
O04948,C0510,2026-08-11 15:19:00,Delivered,Myntra,PAY04948
O04949,C0630,2025-11-19 11:07:00,Delivered,Myntra,PAY04949
O04950,C0706,2026-03-13 01:36:00,Delivered,Myntra,PAY04950
O04951,C0188,2026-06-28 10:52:00,Shipped,Amazon,PAY04951
O04952,C0025,2026-05-30 22:07:00,Delivered,Flipkart,PAY04952
O04953,C0191,2025-12-02 01:56:00,Delivered,Flipkart,PAY04953
O04954,C0441,2025-08-06 22:29:00,Delivered,Flipkart,PAY04954
O04955,C0228,2025-03-13 10:59:00,Cancelled,Myntra,PAY04955
O04956,C0524,2026-05-24 06:24:00,Returned,Flipkart,PAY04956
O04957,C0170,2025-05-24 14:05:00,Delivered,Myntra,PAY04957
O04958,C0404,2025-12-24 16:46:00,Shipped,Flipkart,PAY04958
O04959,C0089,2026-08-05 07:13:00,Delivered,Amazon,PAY04959
O04960,C0524,2026-09-26 01:45:00,Delivered,Myntra,PAY04960
O04961,C0319,2025-12-08 17:20:00,Returned,Flipkart,PAY04961
O04962,C0097,2025-04-03 11:40:00,Delivered,Flipkart,PAY04962
O04963,C0139,2025-09-10 02:41:00,Delivered,Flipkart,PAY04963
O04964,C0523,2026-01-20 07:37:00,Delivered,Myntra,PAY04964
O04965,C0259,2025-07-10 11:22:00,Returned,Amazon,PAY04965
O04966,C0103,2025-04-14 12:18:00,Delivered,Flipkart,PAY04966
O04967,C0938,2026-09-21 01:42:00,Delivered,Myntra,PAY04967
O04968,C0480,2025-09-03 15:31:00,Delivered,Flipkart,PAY04968
O04969,C0919,2025-01-29 05:34:00,Shipped,Flipkart,PAY04969
O04970,C0206,2026-01-23 13:00:00,Delivered,Amazon,PAY04970
O04971,C0252,2025-10-30 05:33:00,Delivered,Flipkart,PAY04971
O04972,C0807,2025-09-19 08:04:00,Returned,Myntra,PAY04972
O04973,C0299,2026-02-27 02:02:00,Delivered,Myntra,PAY04973
O04974,C0472,2026-04-18 10:40:00,Delivered,Flipkart,PAY04974
O04975,C0120,2026-07-03 20:58:00,Delivered,Flipkart,PAY04975
O04976,C0225,2025-09-29 01:23:00,Delivered,Amazon,PAY04976
O04977,C0059,2025-07-13 21:35:00,Shipped,Amazon,PAY04977
O04978,C0098,2025-05-19 15:13:00,Delivered,Flipkart,PAY04978
O04979,C0001,2025-05-27 15:26:00,Delivered,Flipkart,PAY04979
O04980,C0019,2025-05-18 16:55:00,Delivered,Flipkart,PAY04980
O04981,C0957,2025-09-23 21:17:00,Delivered,Amazon,PAY04981
O04982,C0116,2026-06-26 18:14:00,Shipped,Flipkart,PAY04982
O04983,C0431,2025-08-05 00:36:00,Delivered,Myntra,PAY04983
O04984,C0695,2025-02-15 13:31:00,Delivered,Flipkart,PAY04984
O04985,C0324,2026-09-14 20:44:00,Delivered,Myntra,PAY04985
O04986,C0073,2025-06-27 05:32:00,Shipped,Flipkart,PAY04986
O04987,C0492,2026-09-21 16:29:00,Returned,Flipkart,PAY04987
O04988,C0371,2025-11-24 11:07:00,Returned,Myntra,PAY04988
O04989,C0495,2025-08-31 10:34:00,Cancelled,Flipkart,PAY04989
O04990,C0563,2025-05-20 15:07:00,Delivered,Flipkart,PAY04990
O04991,C0954,2025-07-21 00:41:00,Delivered,Myntra,PAY04991
O04992,C0345,2026-07-28 03:50:00,Delivered,Flipkart,PAY04992
O04993,C0163,2025-10-05 23:49:00,Returned,Amazon,PAY04993
O04994,C0417,2025-07-27 09:13:00,Shipped,Myntra,PAY04994
O04995,C0033,2026-06-20 02:32:00,Delivered,Amazon,PAY04995
O04996,C0806,2026-07-16 15:28:00,Cancelled,Myntra,PAY04996
O04997,C0057,2026-01-03 16:14:00,Cancelled,Amazon,PAY04997
O04998,C0156,2025-08-08 12:18:00,Returned,Flipkart,PAY04998
O04999,C0650,2026-04-06 00:53:00,Delivered,Amazon,PAY04999
O05000,C0368,2025-08-27 22:00:00,Shipped,Amazon,PAY05000
O05001,C0187,2026-09-30 03:22:00,Delivered,Myntra,PAY05001
O05002,C0250,2026-03-06 00:11:00,Shipped,Amazon,PAY05002
O05003,C0724,2026-02-10 04:22:00,Delivered,Amazon,PAY05003
O05004,C0162,2025-02-10 08:04:00,Cancelled,Amazon,PAY05004
O05005,C0753,2025-08-27 02:39:00,Delivered,Myntra,PAY05005
O05006,C0042,2025-12-31 14:29:00,Delivered,Amazon,PAY05006
O05007,C0576,2025-10-02 08:04:00,Delivered,Amazon,PAY05007
O05008,C0711,2026-05-22 22:37:00,Returned,Myntra,PAY05008
O05009,C0087,2025-10-06 03:36:00,Delivered,Amazon,PAY05009
O05010,C0209,2025-10-05 11:49:00,Delivered,Myntra,PAY05010
O05011,C0079,2025-03-19 01:39:00,Delivered,Myntra,PAY05011
O05012,C0472,2026-09-23 09:06:00,Cancelled,Amazon,PAY05012
O05013,C0309,2025-05-28 08:34:00,Delivered,Amazon,PAY05013
O05014,C0404,2026-08-25 23:47:00,Shipped,Flipkart,PAY05014
O05015,C0094,2025-06-04 23:24:00,Delivered,Myntra,PAY05015
O05016,C0101,2026-02-21 06:11:00,Delivered,Flipkart,PAY05016
O05017,C0020,2025-03-22 15:53:00,Delivered,Amazon,PAY05017
O05018,C0153,2025-07-09 09:00:00,Delivered,Myntra,PAY05018
O05019,C0332,2025-08-08 05:26:00,Delivered,Amazon,PAY05019
O05020,C0731,2026-07-01 19:03:00,Delivered,Amazon,PAY05020
O05021,C0434,2025-11-09 12:33:00,Delivered,Amazon,PAY05021
O05022,C0214,2026-01-26 06:03:00,Delivered,Amazon,PAY05022
O05023,C0911,2025-06-02 17:25:00,Delivered,Myntra,PAY05023
O05024,C0484,2025-06-23 01:59:00,Delivered,Amazon,PAY05024
O05025,C0868,2025-02-02 19:21:00,Returned,Amazon,PAY05025
O05026,C0302,2026-02-05 13:46:00,Delivered,Amazon,PAY05026
O05027,C0123,2026-08-08 11:12:00,Delivered,Myntra,PAY05027
O05028,C0026,2026-08-21 00:00:00,Delivered,Flipkart,PAY05028
O05029,C0490,2026-05-03 19:20:00,Delivered,Amazon,PAY05029
O05030,C0058,2025-04-09 15:15:00,Delivered,Flipkart,PAY05030
O05031,C0144,2026-07-31 00:01:00,Returned,Flipkart,PAY05031
O05032,C0306,2025-08-10 19:29:00,Delivered,Amazon,PAY05032
O05033,C0337,2025-02-05 20:28:00,Delivered,Amazon,PAY05033
O05034,C0371,2025-04-06 03:13:00,Shipped,Flipkart,PAY05034
O05035,C0079,2026-08-03 01:47:00,Shipped,Flipkart,PAY05035
O05036,C0181,2025-03-19 20:24:00,Delivered,Amazon,PAY05036
O05037,C0387,2025-07-10 03:01:00,Returned,Flipkart,PAY05037
O05038,C0943,2025-11-20 22:49:00,Delivered,Myntra,PAY05038
O05039,C0492,2026-02-22 03:31:00,Delivered,Myntra,PAY05039
O05040,C0853,2025-06-21 17:51:00,Delivered,Flipkart,PAY05040
O05041,C0549,2025-01-07 14:16:00,Delivered,Amazon,PAY05041
O05042,C0363,2026-02-21 01:09:00,Returned,Amazon,PAY05042
O05043,C0092,2025-11-05 09:54:00,Returned,Amazon,PAY05043
O05044,C0434,2025-07-08 11:09:00,Delivered,Myntra,PAY05044
O05045,C0393,2026-02-11 00:09:00,Delivered,Amazon,PAY05045
O05046,C0373,2025-08-08 18:17:00,Returned,Amazon,PAY05046
O05047,C0266,2025-05-26 23:58:00,Cancelled,Myntra,PAY05047
O05048,C0303,2025-01-18 18:17:00,Delivered,Myntra,PAY05048
O05049,C0159,2026-04-02 15:56:00,Delivered,Flipkart,PAY05049
O05050,C0294,2026-09-24 00:13:00,Cancelled,Amazon,PAY05050
O05051,C0094,2026-03-07 20:40:00,Delivered,Flipkart,PAY05051
O05052,C0630,2025-04-07 07:59:00,Delivered,Flipkart,PAY05052
O05053,C0089,2026-02-23 02:41:00,Delivered,Myntra,PAY05053
O05054,C0041,2025-11-04 23:35:00,Delivered,Myntra,PAY05054
O05055,C0215,2025-05-18 08:22:00,Returned,Myntra,PAY05055
O05056,C0426,2026-01-03 18:34:00,Delivered,Amazon,PAY05056
O05057,C0216,2026-01-27 01:08:00,Delivered,Amazon,PAY05057
O05058,C0132,2026-08-12 21:07:00,Delivered,Myntra,PAY05058
O05059,C0331,2026-08-19 02:10:00,Returned,Flipkart,PAY05059
O05060,C0165,2026-07-08 12:48:00,Cancelled,Flipkart,PAY05060
O05061,C0873,2026-09-14 17:56:00,Delivered,Flipkart,PAY05061
O05062,C0854,2026-05-06 17:27:00,Returned,Myntra,PAY05062
O05063,C0278,2026-03-08 04:13:00,Delivered,Flipkart,PAY05063
O05064,C0156,2025-03-02 00:32:00,Shipped,Flipkart,PAY05064
O05065,C0501,2025-11-16 14:16:00,Delivered,Myntra,PAY05065
O05066,C0018,2025-08-25 14:52:00,Cancelled,Myntra,PAY05066
O05067,C0252,2025-04-01 18:07:00,Shipped,Amazon,PAY05067
O05068,C0160,2026-05-18 09:39:00,Returned,Myntra,PAY05068
O05069,C0850,2025-05-14 02:27:00,Delivered,Amazon,PAY05069
O05070,C0006,2025-02-21 12:36:00,Cancelled,Myntra,PAY05070
O05071,C0326,2026-06-26 06:25:00,Shipped,Myntra,PAY05071
O05072,C0508,2025-05-11 06:50:00,Delivered,Amazon,PAY05072
O05073,C0261,2025-10-13 17:17:00,Shipped,Flipkart,PAY05073
O05074,C0041,2025-10-04 14:02:00,Shipped,Amazon,PAY05074
O05075,C0948,2025-05-01 07:36:00,Shipped,Flipkart,PAY05075
O05076,C0293,2025-11-23 08:27:00,Delivered,Amazon,PAY05076
O05077,C0384,2025-01-10 05:04:00,Delivered,Amazon,PAY05077
O05078,C0113,2026-05-19 21:47:00,Delivered,Amazon,PAY05078
O05079,C0260,2026-01-03 10:00:00,Delivered,Amazon,PAY05079
O05080,C0208,2025-01-03 01:01:00,Delivered,Myntra,PAY05080
O05081,C0036,2026-06-16 12:15:00,Returned,Flipkart,PAY05081
O05082,C0051,2026-02-17 14:15:00,Shipped,Amazon,PAY05082
O05083,C0692,2026-09-19 00:00:00,Shipped,Myntra,PAY05083
O05084,C0114,2026-08-09 18:05:00,Delivered,Flipkart,PAY05084
O05085,C0093,2025-05-02 12:51:00,Delivered,Amazon,PAY05085
O05086,C0280,2026-08-17 02:24:00,Shipped,Myntra,PAY05086
O05087,C0561,2025-06-05 07:08:00,Cancelled,Flipkart,PAY05087
O05088,C0030,2025-07-26 14:47:00,Returned,Myntra,PAY05088
O05089,C0348,2026-06-29 18:46:00,Delivered,Myntra,PAY05089
O05090,C0057,2026-09-25 01:24:00,Delivered,Myntra,PAY05090
O05091,C0018,2025-12-11 09:34:00,Returned,Amazon,PAY05091
O05092,C0026,2026-07-15 13:30:00,Delivered,Flipkart,PAY05092
O05093,C0685,2025-09-08 01:03:00,Delivered,Myntra,PAY05093
O05094,C0057,2026-08-27 16:17:00,Cancelled,Amazon,PAY05094
O05095,C0022,2025-09-13 13:07:00,Delivered,Myntra,PAY05095
O05096,C0217,2025-09-08 14:05:00,Delivered,Myntra,PAY05096
O05097,C0704,2025-03-29 10:05:00,Cancelled,Myntra,PAY05097
O05098,C0125,2026-07-23 20:23:00,Cancelled,Flipkart,PAY05098
O05099,C0201,2025-12-04 16:09:00,Returned,Myntra,PAY05099
O05100,C0019,2025-11-13 04:01:00,Delivered,Myntra,PAY05100
O05101,C0227,2025-09-24 21:00:00,Delivered,Flipkart,PAY05101
O05102,C0349,2025-07-28 10:48:00,Delivered,Flipkart,PAY05102
O05103,C0343,2026-02-27 13:01:00,Delivered,Flipkart,PAY05103
O05104,C0158,2026-01-20 18:38:00,Shipped,Flipkart,PAY05104
O05105,C0150,2025-10-18 18:56:00,Cancelled,Flipkart,PAY05105
O05106,C0051,2026-02-19 13:28:00,Delivered,Myntra,PAY05106
O05107,C0175,2025-02-24 03:03:00,Shipped,Amazon,PAY05107
O05108,C0048,2025-10-01 20:46:00,Delivered,Amazon,PAY05108
O05109,C0557,2026-07-07 02:44:00,Shipped,Amazon,PAY05109
O05110,C0936,2025-05-22 20:14:00,Shipped,Flipkart,PAY05110
O05111,C0944,2026-09-03 09:00:00,Delivered,Flipkart,PAY05111
O05112,C0744,2025-05-25 01:33:00,Delivered,Myntra,PAY05112
O05113,C0371,2025-03-13 15:16:00,Cancelled,Flipkart,PAY05113
O05114,C0466,2025-05-20 14:14:00,Returned,Flipkart,PAY05114
O05115,C0136,2025-07-17 13:19:00,Delivered,Amazon,PAY05115
O05116,C0400,2025-12-19 14:01:00,Delivered,Flipkart,PAY05116
O05117,C0233,2025-03-31 05:39:00,Delivered,Myntra,PAY05117
O05118,C0258,2025-05-23 17:44:00,Delivered,Amazon,PAY05118
O05119,C0540,2026-07-17 03:43:00,Delivered,Amazon,PAY05119
O05120,C0134,2025-06-30 20:20:00,Delivered,Myntra,PAY05120
O05121,C0152,2025-01-19 09:42:00,Returned,Flipkart,PAY05121
O05122,C0857,2025-04-28 01:03:00,Delivered,Myntra,PAY05122
O05123,C0027,2025-06-27 07:03:00,Delivered,Flipkart,PAY05123
O05124,C0262,2026-02-23 00:03:00,Delivered,Amazon,PAY05124
O05125,C0835,2026-07-30 07:33:00,Delivered,Flipkart,PAY05125
O05126,C0380,2025-03-30 00:05:00,Cancelled,Myntra,PAY05126
O05127,C0320,2025-06-29 06:57:00,Delivered,Myntra,PAY05127
O05128,C0119,2026-03-14 02:22:00,Delivered,Amazon,PAY05128
O05129,C0164,2025-01-31 20:57:00,Delivered,Myntra,PAY05129
O05130,C0719,2026-01-19 00:31:00,Cancelled,Flipkart,PAY05130
O05131,C0332,2026-03-22 10:14:00,Returned,Myntra,PAY05131
O05132,C0290,2025-09-22 09:24:00,Cancelled,Amazon,PAY05132
O05133,C0048,2025-11-09 20:11:00,Delivered,Flipkart,PAY05133
O05134,C0008,2026-03-06 07:54:00,Cancelled,Flipkart,PAY05134
O05135,C0932,2026-01-28 00:06:00,Shipped,Amazon,PAY05135
O05136,C0180,2025-12-07 07:00:00,Delivered,Flipkart,PAY05136
O05137,C0374,2025-07-29 23:19:00,Delivered,Amazon,PAY05137
O05138,C0038,2025-09-23 07:22:00,Shipped,Flipkart,PAY05138
O05139,C0449,2025-03-27 15:26:00,Shipped,Amazon,PAY05139
O05140,C0872,2025-06-17 10:48:00,Delivered,Myntra,PAY05140
O05141,C0347,2025-05-10 14:42:00,Delivered,Flipkart,PAY05141
O05142,C0060,2026-04-09 00:32:00,Delivered,Flipkart,PAY05142
O05143,C0353,2026-02-01 11:59:00,Cancelled,Flipkart,PAY05143
O05144,C0557,2025-06-06 04:17:00,Delivered,Myntra,PAY05144
O05145,C0194,2026-03-29 13:54:00,Shipped,Flipkart,PAY05145
O05146,C0772,2026-06-07 08:50:00,Shipped,Flipkart,PAY05146
O05147,C0417,2026-04-30 14:53:00,Delivered,Myntra,PAY05147
O05148,C0809,2025-06-13 18:03:00,Cancelled,Amazon,PAY05148
O05149,C0393,2026-01-06 00:02:00,Delivered,Amazon,PAY05149
O05150,C0063,2026-06-07 09:32:00,Shipped,Flipkart,PAY05150
O05151,C0148,2025-11-05 04:08:00,Delivered,Flipkart,PAY05151
O05152,C0096,2025-10-06 06:19:00,Delivered,Flipkart,PAY05152
O05153,C0827,2026-03-06 23:48:00,Delivered,Myntra,PAY05153
O05154,C0545,2025-06-06 03:09:00,Delivered,Flipkart,PAY05154
O05155,C0443,2026-03-20 08:38:00,Cancelled,Flipkart,PAY05155
O05156,C0143,2025-06-17 11:16:00,Shipped,Amazon,PAY05156
O05157,C0088,2025-01-18 12:42:00,Cancelled,Flipkart,PAY05157
O05158,C0538,2025-10-17 20:52:00,Delivered,Amazon,PAY05158
O05159,C0251,2025-04-14 21:45:00,Shipped,Flipkart,PAY05159
O05160,C0108,2025-07-20 17:35:00,Delivered,Myntra,PAY05160
O05161,C0386,2025-05-31 14:15:00,Delivered,Myntra,PAY05161
O05162,C0020,2026-03-16 07:19:00,Delivered,Flipkart,PAY05162
O05163,C0155,2026-08-24 09:32:00,Returned,Myntra,PAY05163
O05164,C0246,2025-07-03 23:04:00,Shipped,Myntra,PAY05164
O05165,C0071,2025-10-11 18:51:00,Delivered,Myntra,PAY05165
O05166,C0971,2025-01-24 12:25:00,Delivered,Amazon,PAY05166
O05167,C0100,2025-12-22 03:52:00,Delivered,Amazon,PAY05167
O05168,C0062,2025-07-06 02:10:00,Returned,Flipkart,PAY05168
O05169,C0097,2025-11-15 06:42:00,Cancelled,Flipkart,PAY05169
O05170,C0562,2025-03-26 23:11:00,Delivered,Amazon,PAY05170
O05171,C0205,2025-05-02 22:25:00,Delivered,Flipkart,PAY05171
O05172,C0338,2026-09-18 23:33:00,Delivered,Amazon,PAY05172
O05173,C0010,2025-09-03 15:09:00,Delivered,Myntra,PAY05173
O05174,C0017,2026-06-02 12:03:00,Delivered,Amazon,PAY05174
O05175,C0224,2025-06-17 01:44:00,Delivered,Amazon,PAY05175
O05176,C0652,2026-09-01 14:35:00,Returned,Myntra,PAY05176
O05177,C0782,2026-09-30 19:58:00,Delivered,Amazon,PAY05177
O05178,C0042,2025-04-02 08:02:00,Delivered,Amazon,PAY05178
O05179,C0312,2025-11-01 15:52:00,Delivered,Amazon,PAY05179
O05180,C0836,2025-04-20 22:31:00,Cancelled,Amazon,PAY05180
O05181,C0185,2026-08-27 14:48:00,Cancelled,Myntra,PAY05181
O05182,C0677,2026-03-01 01:49:00,Cancelled,Amazon,PAY05182
O05183,C0064,2026-02-02 04:48:00,Delivered,Myntra,PAY05183
O05184,C0878,2026-09-24 01:46:00,Shipped,Flipkart,PAY05184
O05185,C0528,2025-04-11 18:41:00,Delivered,Myntra,PAY05185
O05186,C0889,2026-04-23 16:21:00,Returned,Flipkart,PAY05186
O05187,C0443,2025-01-10 20:07:00,Delivered,Amazon,PAY05187
O05188,C0173,2026-03-25 10:14:00,Delivered,Myntra,PAY05188
O05189,C0883,2025-06-19 22:07:00,Delivered,Flipkart,PAY05189
O05190,C0131,2025-06-20 17:33:00,Cancelled,Flipkart,PAY05190
O05191,C0158,2026-06-20 23:00:00,Delivered,Amazon,PAY05191
O05192,C0466,2026-04-25 19:48:00,Delivered,Myntra,PAY05192
O05193,C0555,2025-08-21 14:07:00,Delivered,Amazon,PAY05193
O05194,C0866,2026-03-13 00:35:00,Cancelled,Myntra,PAY05194
O05195,C0098,2025-04-24 19:30:00,Returned,Amazon,PAY05195
O05196,C0617,2025-05-13 06:43:00,Shipped,Myntra,PAY05196
O05197,C0504,2026-01-29 08:30:00,Delivered,Amazon,PAY05197
O05198,C0031,2026-07-03 06:31:00,Delivered,Amazon,PAY05198
O05199,C0184,2025-02-11 14:56:00,Delivered,Myntra,PAY05199
O05200,C0135,2025-04-19 00:11:00,Returned,Flipkart,PAY05200
O05201,C0145,2026-07-15 00:43:00,Cancelled,Myntra,PAY05201
O05202,C0968,2026-07-17 11:50:00,Delivered,Flipkart,PAY05202
O05203,C0411,2026-05-28 01:00:00,Delivered,Myntra,PAY05203
O05204,C0482,2025-09-21 21:55:00,Delivered,Amazon,PAY05204
O05205,C0956,2025-05-19 06:56:00,Delivered,Amazon,PAY05205
O05206,C0180,2025-06-16 03:25:00,Shipped,Amazon,PAY05206
O05207,C0624,2026-01-29 19:42:00,Returned,Flipkart,PAY05207
O05208,C0213,2026-07-19 11:54:00,Delivered,Flipkart,PAY05208
O05209,C0753,2026-02-12 21:30:00,Delivered,Flipkart,PAY05209
O05210,C0086,2026-03-30 21:43:00,Delivered,Amazon,PAY05210
O05211,C0901,2026-03-24 19:44:00,Delivered,Amazon,PAY05211
O05212,C0104,2026-08-15 11:44:00,Cancelled,Amazon,PAY05212
O05213,C0155,2025-04-02 10:03:00,Cancelled,Amazon,PAY05213
O05214,C0537,2026-02-21 09:52:00,Delivered,Flipkart,PAY05214
O05215,C0188,2025-03-16 00:30:00,Delivered,Amazon,PAY05215
O05216,C0378,2025-07-22 11:02:00,Returned,Myntra,PAY05216
O05217,C0223,2026-06-20 08:57:00,Returned,Amazon,PAY05217
O05218,C0511,2025-10-16 06:44:00,Cancelled,Myntra,PAY05218
O05219,C0109,2025-04-26 19:34:00,Returned,Amazon,PAY05219
O05220,C0028,2026-08-15 04:18:00,Shipped,Flipkart,PAY05220
O05221,C0143,2026-05-31 02:14:00,Delivered,Amazon,PAY05221
O05222,C0251,2025-11-05 03:47:00,Delivered,Myntra,PAY05222
O05223,C0080,2025-03-18 00:20:00,Returned,Amazon,PAY05223
O05224,C0169,2025-02-17 04:06:00,Delivered,Amazon,PAY05224
O05225,C0190,2026-01-22 15:46:00,Delivered,Myntra,PAY05225
O05226,C0028,2026-07-18 12:44:00,Delivered,Flipkart,PAY05226
O05227,C0355,2025-09-08 07:42:00,Returned,Myntra,PAY05227
O05228,C0781,2025-12-04 07:19:00,Shipped,Amazon,PAY05228
O05229,C0073,2025-04-06 00:20:00,Delivered,Amazon,PAY05229
O05230,C0368,2025-10-10 15:26:00,Delivered,Amazon,PAY05230
O05231,C0432,2026-05-18 16:52:00,Returned,Myntra,PAY05231
O05232,C0200,2026-03-11 03:20:00,Delivered,Amazon,PAY05232
O05233,C0467,2026-07-20 10:20:00,Cancelled,Amazon,PAY05233
O05234,C0196,2025-05-21 17:49:00,Delivered,Flipkart,PAY05234
O05235,C0280,2026-05-20 10:51:00,Delivered,Amazon,PAY05235
O05236,C0004,2025-08-28 18:23:00,Returned,Myntra,PAY05236
O05237,C0458,2026-05-25 16:06:00,Delivered,Flipkart,PAY05237
O05238,C0429,2025-09-23 04:24:00,Returned,Myntra,PAY05238
O05239,C0019,2025-02-16 21:51:00,Shipped,Flipkart,PAY05239
O05240,C0175,2025-06-14 07:46:00,Delivered,Amazon,PAY05240
O05241,C0961,2025-06-07 09:50:00,Delivered,Flipkart,PAY05241
O05242,C0200,2026-01-14 08:27:00,Returned,Flipkart,PAY05242
O05243,C0277,2026-04-25 04:02:00,Delivered,Amazon,PAY05243
O05244,C0829,2026-03-29 03:01:00,Delivered,Amazon,PAY05244
O05245,C0482,2025-03-04 16:29:00,Delivered,Flipkart,PAY05245
O05246,C0353,2026-01-29 08:48:00,Cancelled,Flipkart,PAY05246
O05247,C0616,2026-06-29 20:48:00,Delivered,Flipkart,PAY05247
O05248,C0743,2025-03-04 06:06:00,Delivered,Flipkart,PAY05248
O05249,C0235,2025-11-11 07:33:00,Delivered,Amazon,PAY05249
O05250,C0252,2026-03-29 09:52:00,Delivered,Flipkart,PAY05250
O05251,C0184,2026-05-31 10:45:00,Delivered,Myntra,PAY05251
O05252,C0937,2025-07-05 12:03:00,Delivered,Myntra,PAY05252
O05253,C0463,2025-06-26 10:16:00,Returned,Flipkart,PAY05253
O05254,C0040,2026-06-25 12:09:00,Delivered,Amazon,PAY05254
O05255,C0740,2026-07-23 16:53:00,Delivered,Amazon,PAY05255
O05256,C0257,2026-04-05 13:27:00,Delivered,Amazon,PAY05256
O05257,C0033,2025-01-11 14:41:00,Delivered,Myntra,PAY05257
O05258,C0323,2025-07-31 04:30:00,Delivered,Myntra,PAY05258
O05259,C0199,2025-07-31 10:13:00,Cancelled,Myntra,PAY05259
O05260,C0768,2026-02-15 15:26:00,Cancelled,Amazon,PAY05260
O05261,C0097,2026-01-02 19:08:00,Delivered,Myntra,PAY05261
O05262,C0671,2026-03-18 23:32:00,Returned,Flipkart,PAY05262
O05263,C0330,2026-09-14 01:26:00,Cancelled,Myntra,PAY05263
O05264,C0026,2025-01-31 08:33:00,Shipped,Flipkart,PAY05264
O05265,C0947,2026-08-29 21:14:00,Delivered,Amazon,PAY05265
O05266,C0287,2025-12-09 11:49:00,Delivered,Flipkart,PAY05266
O05267,C0139,2025-01-07 11:50:00,Delivered,Myntra,PAY05267
O05268,C0246,2026-06-22 19:49:00,Delivered,Flipkart,PAY05268
O05269,C0730,2025-07-24 18:26:00,Cancelled,Amazon,PAY05269
O05270,C0145,2025-12-02 19:54:00,Delivered,Flipkart,PAY05270
O05271,C0092,2025-09-21 00:20:00,Delivered,Myntra,PAY05271
O05272,C0062,2025-11-26 13:28:00,Delivered,Myntra,PAY05272
O05273,C0142,2026-05-01 16:38:00,Delivered,Flipkart,PAY05273
O05274,C0583,2025-12-14 11:16:00,Delivered,Flipkart,PAY05274
O05275,C0249,2025-03-20 18:45:00,Returned,Amazon,PAY05275
O05276,C0109,2025-09-05 16:16:00,Delivered,Amazon,PAY05276
O05277,C0079,2026-05-04 06:55:00,Delivered,Myntra,PAY05277
O05278,C0159,2025-05-14 14:46:00,Delivered,Amazon,PAY05278
O05279,C0886,2025-03-03 22:11:00,Delivered,Myntra,PAY05279
O05280,C0163,2025-05-31 15:06:00,Delivered,Amazon,PAY05280
O05281,C0978,2026-04-21 11:41:00,Delivered,Flipkart,PAY05281
O05282,C0261,2026-09-14 03:31:00,Delivered,Flipkart,PAY05282
O05283,C0086,2025-06-18 01:49:00,Delivered,Amazon,PAY05283
O05284,C0794,2026-09-24 17:23:00,Delivered,Flipkart,PAY05284
O05285,C0238,2025-10-02 17:25:00,Shipped,Myntra,PAY05285
O05286,C0475,2025-08-27 01:23:00,Delivered,Amazon,PAY05286
O05287,C0970,2026-03-12 18:00:00,Delivered,Myntra,PAY05287
O05288,C0024,2025-07-03 05:01:00,Delivered,Myntra,PAY05288
O05289,C0046,2026-02-28 18:50:00,Shipped,Amazon,PAY05289
O05290,C0485,2025-04-08 08:11:00,Cancelled,Flipkart,PAY05290
O05291,C0134,2025-10-03 15:53:00,Delivered,Amazon,PAY05291
O05292,C0088,2026-03-09 17:01:00,Returned,Amazon,PAY05292
O05293,C0019,2026-04-07 14:56:00,Returned,Amazon,PAY05293
O05294,C0011,2025-08-10 02:25:00,Delivered,Flipkart,PAY05294
O05295,C0572,2025-02-10 10:43:00,Delivered,Amazon,PAY05295
O05296,C0064,2025-10-26 18:12:00,Delivered,Amazon,PAY05296
O05297,C0245,2026-02-28 14:11:00,Delivered,Flipkart,PAY05297
O05298,C0376,2026-01-21 18:14:00,Returned,Amazon,PAY05298
O05299,C0207,2026-03-28 05:36:00,Delivered,Flipkart,PAY05299
O05300,C0013,2026-03-20 07:58:00,Shipped,Amazon,PAY05300
O05301,C0589,2026-07-07 07:36:00,Delivered,Myntra,PAY05301
O05302,C0005,2026-02-12 10:16:00,Delivered,Amazon,PAY05302
O05303,C0548,2025-12-25 19:46:00,Shipped,Myntra,PAY05303
O05304,C0798,2025-11-29 03:44:00,Shipped,Amazon,PAY05304
O05305,C0212,2026-09-12 07:08:00,Delivered,Myntra,PAY05305
O05306,C0309,2025-06-11 15:11:00,Shipped,Amazon,PAY05306
O05307,C0254,2025-06-13 18:07:00,Returned,Flipkart,PAY05307
O05308,C0185,2025-08-16 11:41:00,Delivered,Flipkart,PAY05308
O05309,C0787,2026-07-31 13:03:00,Delivered,Flipkart,PAY05309
O05310,C0799,2026-03-06 14:25:00,Cancelled,Flipkart,PAY05310
O05311,C0160,2025-06-25 14:55:00,Delivered,Myntra,PAY05311
O05312,C0385,2025-11-08 11:13:00,Shipped,Flipkart,PAY05312
O05313,C0862,2025-09-29 19:47:00,Cancelled,Myntra,PAY05313
O05314,C0928,2026-01-18 00:28:00,Cancelled,Amazon,PAY05314
O05315,C0284,2026-06-02 17:27:00,Delivered,Amazon,PAY05315
O05316,C0231,2026-03-05 23:31:00,Delivered,Flipkart,PAY05316
O05317,C0133,2025-01-23 05:02:00,Shipped,Amazon,PAY05317
O05318,C0922,2025-04-16 18:53:00,Returned,Amazon,PAY05318
O05319,C0068,2026-09-02 01:10:00,Delivered,Amazon,PAY05319
O05320,C0351,2026-01-16 09:56:00,Returned,Amazon,PAY05320
O05321,C0135,2026-09-27 01:17:00,Delivered,Myntra,PAY05321
O05322,C0133,2026-08-10 01:37:00,Delivered,Amazon,PAY05322
O05323,C0193,2025-06-10 11:12:00,Delivered,Amazon,PAY05323
O05324,C0998,2025-06-27 00:10:00,Delivered,Flipkart,PAY05324
O05325,C0027,2025-03-10 01:09:00,Returned,Flipkart,PAY05325
O05326,C0350,2025-12-06 11:54:00,Delivered,Amazon,PAY05326
O05327,C0040,2026-09-26 23:14:00,Delivered,Flipkart,PAY05327
O05328,C0074,2025-12-03 22:43:00,Delivered,Amazon,PAY05328
O05329,C0218,2026-02-19 18:32:00,Returned,Myntra,PAY05329
O05330,C0285,2026-07-28 09:44:00,Returned,Amazon,PAY05330
O05331,C0123,2026-10-01 06:48:00,Returned,Amazon,PAY05331
O05332,C0151,2025-07-17 05:18:00,Returned,Amazon,PAY05332
O05333,C0042,2026-02-08 05:37:00,Delivered,Amazon,PAY05333
O05334,C0145,2025-01-08 17:01:00,Delivered,Myntra,PAY05334
O05335,C0937,2026-07-06 20:14:00,Delivered,Amazon,PAY05335
O05336,C0895,2025-10-03 08:05:00,Delivered,Myntra,PAY05336
O05337,C0160,2025-02-28 14:49:00,Delivered,Myntra,PAY05337
O05338,C0343,2026-02-07 10:58:00,Returned,Myntra,PAY05338
O05339,C0829,2026-09-08 19:08:00,Delivered,Amazon,PAY05339
O05340,C0003,2025-05-27 07:31:00,Delivered,Amazon,PAY05340
O05341,C0641,2025-03-19 15:29:00,Delivered,Myntra,PAY05341
O05342,C0902,2026-01-16 08:10:00,Delivered,Amazon,PAY05342
O05343,C0044,2026-01-29 05:38:00,Returned,Flipkart,PAY05343
O05344,C0077,2025-04-06 18:13:00,Delivered,Flipkart,PAY05344
O05345,C0926,2026-09-30 03:37:00,Delivered,Amazon,PAY05345
O05346,C0311,2026-02-10 14:04:00,Cancelled,Amazon,PAY05346
O05347,C0007,2025-04-13 15:23:00,Delivered,Myntra,PAY05347
O05348,C0123,2026-02-15 04:27:00,Returned,Flipkart,PAY05348
O05349,C0228,2026-04-30 10:09:00,Cancelled,Myntra,PAY05349
O05350,C0459,2026-02-13 08:24:00,Delivered,Amazon,PAY05350
O05351,C0497,2025-01-27 19:27:00,Delivered,Flipkart,PAY05351
O05352,C0992,2025-08-23 00:00:00,Shipped,Myntra,PAY05352
O05353,C0137,2025-06-12 21:47:00,Shipped,Flipkart,PAY05353
O05354,C0312,2025-11-19 04:17:00,Delivered,Amazon,PAY05354
O05355,C0307,2025-06-20 22:06:00,Delivered,Flipkart,PAY05355
O05356,C0193,2025-08-24 10:22:00,Delivered,Flipkart,PAY05356
O05357,C0081,2025-04-07 08:13:00,Cancelled,Amazon,PAY05357
O05358,C0958,2025-04-13 18:40:00,Delivered,Flipkart,PAY05358
O05359,C0722,2025-09-01 21:53:00,Delivered,Myntra,PAY05359
O05360,C0274,2026-03-29 15:58:00,Shipped,Flipkart,PAY05360
O05361,C0374,2025-05-24 08:29:00,Shipped,Amazon,PAY05361
O05362,C0108,2026-01-19 22:47:00,Delivered,Amazon,PAY05362
O05363,C0317,2025-06-07 02:32:00,Shipped,Amazon,PAY05363
O05364,C0461,2025-09-18 20:51:00,Cancelled,Flipkart,PAY05364
O05365,C0290,2026-07-07 03:37:00,Delivered,Myntra,PAY05365
O05366,C0982,2025-01-08 09:49:00,Shipped,Flipkart,PAY05366
O05367,C0381,2026-05-20 01:27:00,Delivered,Myntra,PAY05367
O05368,C0177,2026-01-27 18:12:00,Delivered,Amazon,PAY05368
O05369,C0568,2025-06-24 18:37:00,Shipped,Flipkart,PAY05369
O05370,C0081,2025-12-29 03:22:00,Returned,Myntra,PAY05370
O05371,C0183,2025-02-28 05:21:00,Delivered,Myntra,PAY05371
O05372,C0165,2026-07-10 21:18:00,Delivered,Flipkart,PAY05372
O05373,C0211,2025-02-28 16:21:00,Cancelled,Myntra,PAY05373
O05374,C0586,2026-01-03 23:33:00,Shipped,Amazon,PAY05374
O05375,C0260,2026-07-09 05:49:00,Delivered,Myntra,PAY05375
O05376,C0609,2026-03-24 22:50:00,Delivered,Amazon,PAY05376
O05377,C0348,2026-02-19 05:01:00,Cancelled,Myntra,PAY05377
O05378,C0163,2025-09-30 12:30:00,Delivered,Myntra,PAY05378
O05379,C0639,2026-08-22 05:23:00,Delivered,Amazon,PAY05379
O05380,C0114,2025-11-23 23:23:00,Delivered,Myntra,PAY05380
O05381,C0107,2026-02-06 05:35:00,Delivered,Amazon,PAY05381
O05382,C0280,2025-07-07 11:00:00,Returned,Amazon,PAY05382
O05383,C0124,2026-07-01 05:22:00,Cancelled,Myntra,PAY05383
O05384,C0005,2026-02-20 05:48:00,Delivered,Flipkart,PAY05384
O05385,C0416,2025-06-26 17:26:00,Delivered,Myntra,PAY05385
O05386,C0286,2025-09-15 05:41:00,Delivered,Amazon,PAY05386
O05387,C0224,2025-06-23 05:15:00,Delivered,Amazon,PAY05387
O05388,C0938,2025-10-22 18:36:00,Delivered,Myntra,PAY05388
O05389,C0343,2025-01-12 00:38:00,Cancelled,Myntra,PAY05389
O05390,C0741,2026-03-04 12:10:00,Returned,Myntra,PAY05390
O05391,C0067,2026-03-31 01:08:00,Delivered,Flipkart,PAY05391
O05392,C0341,2025-01-01 08:58:00,Returned,Flipkart,PAY05392
O05393,C0750,2025-02-23 18:23:00,Delivered,Amazon,PAY05393
O05394,C0354,2025-07-09 02:30:00,Returned,Flipkart,PAY05394
O05395,C0483,2025-02-10 00:45:00,Delivered,Myntra,PAY05395
O05396,C0177,2025-03-18 01:47:00,Returned,Amazon,PAY05396
O05397,C0044,2026-08-12 07:15:00,Delivered,Amazon,PAY05397
O05398,C0236,2026-07-06 19:11:00,Delivered,Amazon,PAY05398
O05399,C0188,2025-11-02 14:05:00,Delivered,Myntra,PAY05399
O05400,C0748,2025-08-16 12:54:00,Delivered,Myntra,PAY05400
O05401,C0116,2025-02-17 13:01:00,Shipped,Amazon,PAY05401
O05402,C0937,2026-04-18 15:42:00,Delivered,Flipkart,PAY05402
O05403,C0921,2026-02-14 08:25:00,Delivered,Myntra,PAY05403
O05404,C0118,2026-03-05 01:30:00,Delivered,Amazon,PAY05404
O05405,C0166,2026-02-05 09:13:00,Cancelled,Myntra,PAY05405
O05406,C0802,2025-12-29 00:00:00,Shipped,Flipkart,PAY05406
O05407,C0937,2025-08-22 14:11:00,Delivered,Flipkart,PAY05407
O05408,C0222,2026-03-10 02:28:00,Returned,Flipkart,PAY05408
O05409,C0153,2025-05-31 07:43:00,Delivered,Amazon,PAY05409
O05410,C0300,2025-07-22 13:07:00,Delivered,Myntra,PAY05410
O05411,C0454,2026-09-25 08:18:00,Cancelled,Amazon,PAY05411
O05412,C0130,2026-03-22 09:08:00,Delivered,Myntra,PAY05412
O05413,C0500,2025-04-12 12:22:00,Delivered,Flipkart,PAY05413
O05414,C0025,2025-04-30 23:12:00,Delivered,Amazon,PAY05414
O05415,C0024,2026-04-21 15:42:00,Delivered,Myntra,PAY05415
O05416,C0184,2026-01-06 15:26:00,Returned,Amazon,PAY05416
O05417,C0168,2026-03-09 22:13:00,Returned,Flipkart,PAY05417
O05418,C0150,2026-09-11 09:11:00,Shipped,Amazon,PAY05418
O05419,C0267,2025-10-12 13:51:00,Delivered,Flipkart,PAY05419
O05420,C0153,2025-12-02 10:06:00,Shipped,Myntra,PAY05420
O05421,C0092,2026-03-28 00:05:00,Returned,Flipkart,PAY05421
O05422,C0147,2026-09-27 19:36:00,Delivered,Amazon,PAY05422
O05423,C0953,2025-11-03 22:11:00,Delivered,Amazon,PAY05423
O05424,C0196,2025-10-21 17:14:00,Delivered,Flipkart,PAY05424
O05425,C0223,2025-10-01 08:04:00,Returned,Flipkart,PAY05425
O05426,C0348,2025-06-22 07:17:00,Delivered,Flipkart,PAY05426
O05427,C0969,2025-12-10 06:32:00,Returned,Flipkart,PAY05427
O05428,C0115,2026-08-10 08:28:00,Shipped,Amazon,PAY05428
O05429,C0448,2025-06-19 11:55:00,Delivered,Myntra,PAY05429
O05430,C0481,2026-01-14 23:14:00,Delivered,Amazon,PAY05430
O05431,C0377,2026-03-05 17:36:00,Delivered,Flipkart,PAY05431
O05432,C0043,2026-04-24 05:12:00,Shipped,Flipkart,PAY05432
O05433,C0444,2025-09-30 02:41:00,Delivered,Amazon,PAY05433
O05434,C0031,2026-09-02 10:14:00,Shipped,Flipkart,PAY05434
O05435,C0367,2025-11-17 15:47:00,Delivered,Amazon,PAY05435
O05436,C0506,2025-04-04 12:46:00,Delivered,Amazon,PAY05436
O05437,C0101,2025-11-25 18:38:00,Delivered,Amazon,PAY05437
O05438,C0700,2026-08-19 07:30:00,Shipped,Amazon,PAY05438
O05439,C0015,2025-09-26 21:27:00,Delivered,Flipkart,PAY05439
O05440,C0704,2026-05-16 20:40:00,Delivered,Myntra,PAY05440
O05441,C0238,2025-04-07 09:14:00,Delivered,Myntra,PAY05441
O05442,C0104,2026-06-20 08:17:00,Delivered,Flipkart,PAY05442
O05443,C0064,2025-02-22 12:46:00,Delivered,Amazon,PAY05443
O05444,C0912,2026-07-10 14:53:00,Cancelled,Flipkart,PAY05444
O05445,C0035,2026-03-02 08:57:00,Delivered,Flipkart,PAY05445
O05446,C0095,2025-05-15 21:56:00,Delivered,Amazon,PAY05446
O05447,C0166,2026-02-18 17:59:00,Returned,Amazon,PAY05447
O05448,C0390,2026-01-12 21:19:00,Cancelled,Amazon,PAY05448
O05449,C0318,2026-06-16 11:52:00,Shipped,Myntra,PAY05449
O05450,C0060,2026-09-16 18:02:00,Delivered,Amazon,PAY05450
O05451,C0138,2026-04-09 15:59:00,Cancelled,Amazon,PAY05451
O05452,C0114,2026-08-14 03:00:00,Returned,Myntra,PAY05452
O05453,C0102,2025-11-12 10:02:00,Cancelled,Flipkart,PAY05453
O05454,C0196,2026-07-30 12:01:00,Delivered,Amazon,PAY05454
O05455,C0469,2026-01-08 13:48:00,Delivered,Amazon,PAY05455
O05456,C0104,2025-12-12 01:14:00,Cancelled,Amazon,PAY05456
O05457,C0175,2026-03-31 08:58:00,Delivered,Myntra,PAY05457
O05458,C0186,2026-06-06 07:13:00,Delivered,Flipkart,PAY05458
O05459,C0956,2026-05-10 20:28:00,Cancelled,Amazon,PAY05459
O05460,C0914,2025-01-23 12:30:00,Cancelled,Amazon,PAY05460
O05461,C0621,2026-07-16 04:11:00,Cancelled,Amazon,PAY05461
O05462,C0115,2026-03-07 13:56:00,Returned,Flipkart,PAY05462
O05463,C0033,2026-08-12 20:17:00,Returned,Amazon,PAY05463
O05464,C0151,2026-09-22 00:49:00,Shipped,Flipkart,PAY05464
O05465,C0127,2026-06-05 20:32:00,Delivered,Flipkart,PAY05465
O05466,C0281,2025-08-12 16:48:00,Delivered,Myntra,PAY05466
O05467,C0578,2026-09-05 01:24:00,Delivered,Amazon,PAY05467
O05468,C0731,2026-08-10 13:13:00,Delivered,Myntra,PAY05468
O05469,C0706,2025-06-23 22:32:00,Cancelled,Myntra,PAY05469
O05470,C0171,2026-05-31 15:25:00,Delivered,Myntra,PAY05470
O05471,C0453,2025-11-19 20:20:00,Returned,Amazon,PAY05471
O05472,C0149,2025-11-06 18:08:00,Delivered,Amazon,PAY05472
O05473,C0029,2026-04-12 01:16:00,Cancelled,Myntra,PAY05473
O05474,C0467,2026-03-09 22:48:00,Delivered,Myntra,PAY05474
O05475,C0005,2026-02-16 21:46:00,Delivered,Amazon,PAY05475
O05476,C0195,2026-02-21 12:13:00,Delivered,Amazon,PAY05476
O05477,C0157,2025-03-13 12:48:00,Delivered,Myntra,PAY05477
O05478,C0459,2025-01-16 15:12:00,Returned,Myntra,PAY05478
O05479,C0556,2026-08-19 05:49:00,Returned,Myntra,PAY05479
O05480,C0145,2026-09-23 02:43:00,Shipped,Myntra,PAY05480
O05481,C0643,2025-06-13 15:07:00,Shipped,Amazon,PAY05481
O05482,C0140,2026-03-05 22:20:00,Returned,Amazon,PAY05482
O05483,C0225,2025-08-27 14:05:00,Delivered,Myntra,PAY05483
O05484,C0491,2025-01-07 17:27:00,Returned,Flipkart,PAY05484
O05485,C0459,2026-09-18 08:10:00,Delivered,Myntra,PAY05485
O05486,C0977,2025-10-26 05:01:00,Delivered,Myntra,PAY05486
O05487,C0107,2026-08-29 17:43:00,Cancelled,Amazon,PAY05487
O05488,C0430,2025-03-31 21:49:00,Delivered,Flipkart,PAY05488
O05489,C0380,2025-11-06 21:40:00,Shipped,Myntra,PAY05489
O05490,C0839,2025-01-20 03:18:00,Delivered,Myntra,PAY05490
O05491,C0075,2026-09-18 13:28:00,Delivered,Flipkart,PAY05491
O05492,C0529,2026-09-06 05:04:00,Shipped,Flipkart,PAY05492
O05493,C0340,2026-07-06 14:12:00,Delivered,Flipkart,PAY05493
O05494,C0131,2025-09-22 19:33:00,Delivered,Flipkart,PAY05494
O05495,C0251,2025-08-26 17:58:00,Shipped,Myntra,PAY05495
O05496,C0159,2025-10-12 21:50:00,Delivered,Amazon,PAY05496
O05497,C0351,2025-05-31 22:43:00,Returned,Myntra,PAY05497
O05498,C0790,2025-03-19 14:46:00,Shipped,Amazon,PAY05498
O05499,C0341,2026-03-01 15:32:00,Returned,Amazon,PAY05499
O05500,C0401,2026-01-31 20:24:00,Cancelled,Flipkart,PAY05500
O05501,C0293,2025-08-16 21:07:00,Delivered,Myntra,PAY05501
O05502,C0025,2026-06-25 18:55:00,Returned,Amazon,PAY05502
O05503,C0111,2025-04-16 12:41:00,Returned,Flipkart,PAY05503
O05504,C0268,2026-08-18 23:42:00,Delivered,Myntra,PAY05504
O05505,C0148,2026-06-08 02:21:00,Delivered,Amazon,PAY05505
O05506,C0087,2026-04-05 01:07:00,Delivered,Amazon,PAY05506
O05507,C0279,2026-09-06 04:26:00,Cancelled,Flipkart,PAY05507
O05508,C0154,2025-02-13 14:56:00,Delivered,Amazon,PAY05508
O05509,C0123,2025-02-01 16:40:00,Shipped,Amazon,PAY05509
O05510,C0241,2026-06-15 20:57:00,Returned,Amazon,PAY05510
O05511,C0064,2026-04-11 05:25:00,Delivered,Myntra,PAY05511
O05512,C0863,2025-06-19 19:26:00,Shipped,Amazon,PAY05512
O05513,C0749,2025-10-31 09:53:00,Shipped,Flipkart,PAY05513
O05514,C0473,2025-01-31 21:54:00,Delivered,Flipkart,PAY05514
O05515,C0051,2025-05-31 16:32:00,Cancelled,Myntra,PAY05515
O05516,C0575,2025-12-14 18:11:00,Cancelled,Myntra,PAY05516
O05517,C0636,2026-04-24 20:17:00,Delivered,Amazon,PAY05517
O05518,C0559,2026-03-06 17:00:00,Delivered,Myntra,PAY05518
O05519,C0055,2025-04-26 23:38:00,Delivered,Amazon,PAY05519
O05520,C0412,2025-06-25 15:25:00,Delivered,Amazon,PAY05520
O05521,C0686,2025-01-16 17:02:00,Shipped,Amazon,PAY05521
O05522,C0349,2025-01-18 07:39:00,Delivered,Flipkart,PAY05522
O05523,C0415,2025-02-28 20:48:00,Returned,Amazon,PAY05523
O05524,C0236,2026-03-08 06:43:00,Delivered,Flipkart,PAY05524
O05525,C0303,2025-10-03 06:20:00,Returned,Myntra,PAY05525
O05526,C0017,2026-01-26 20:41:00,Delivered,Myntra,PAY05526
O05527,C0408,2025-09-17 10:33:00,Cancelled,Flipkart,PAY05527
O05528,C0039,2025-01-07 02:11:00,Delivered,Myntra,PAY05528
O05529,C0214,2025-10-30 21:59:00,Cancelled,Amazon,PAY05529
O05530,C0140,2025-11-02 05:42:00,Delivered,Amazon,PAY05530
O05531,C0319,2026-02-22 19:01:00,Shipped,Amazon,PAY05531
O05532,C0064,2025-06-09 07:29:00,Delivered,Amazon,PAY05532
O05533,C0458,2025-01-10 05:35:00,Delivered,Myntra,PAY05533
O05534,C0611,2026-04-08 12:52:00,Returned,Myntra,PAY05534
O05535,C0078,2025-03-02 07:39:00,Delivered,Myntra,PAY05535
O05536,C0050,2026-04-05 00:08:00,Returned,Flipkart,PAY05536
O05537,C0070,2025-09-06 12:20:00,Delivered,Myntra,PAY05537
O05538,C0767,2025-11-12 01:22:00,Delivered,Amazon,PAY05538
O05539,C0302,2026-03-12 08:32:00,Returned,Amazon,PAY05539
O05540,C0244,2026-06-30 14:50:00,Delivered,Flipkart,PAY05540
O05541,C0051,2025-01-17 07:55:00,Delivered,Myntra,PAY05541
O05542,C0418,2025-10-06 16:34:00,Delivered,Amazon,PAY05542
O05543,C0750,2025-12-27 22:36:00,Delivered,Flipkart,PAY05543
O05544,C0674,2025-09-12 16:23:00,Delivered,Myntra,PAY05544
O05545,C0395,2026-02-14 13:09:00,Delivered,Amazon,PAY05545
O05546,C0036,2025-08-25 13:02:00,Delivered,Flipkart,PAY05546
O05547,C0054,2026-04-20 19:49:00,Shipped,Myntra,PAY05547
O05548,C0024,2026-02-22 09:37:00,Delivered,Amazon,PAY05548
O05549,C0123,2026-01-17 18:19:00,Shipped,Flipkart,PAY05549
O05550,C0065,2025-06-28 04:47:00,Delivered,Flipkart,PAY05550
O05551,C0124,2025-07-10 19:33:00,Delivered,Amazon,PAY05551
O05552,C0183,2025-06-19 13:36:00,Shipped,Amazon,PAY05552
O05553,C0892,2025-01-12 12:26:00,Delivered,Amazon,PAY05553
O05554,C0380,2026-04-10 18:37:00,Delivered,Amazon,PAY05554
O05555,C0687,2025-07-13 11:24:00,Shipped,Myntra,PAY05555
O05556,C0475,2026-09-08 21:52:00,Delivered,Myntra,PAY05556
O05557,C0054,2026-09-10 23:35:00,Delivered,Amazon,PAY05557
O05558,C0500,2025-11-25 17:47:00,Delivered,Flipkart,PAY05558
O05559,C0131,2026-07-24 16:29:00,Cancelled,Flipkart,PAY05559
O05560,C0408,2026-04-07 19:11:00,Delivered,Flipkart,PAY05560
O05561,C0162,2025-01-13 09:07:00,Delivered,Flipkart,PAY05561
O05562,C0996,2026-06-22 05:03:00,Shipped,Flipkart,PAY05562
O05563,C0126,2026-09-15 07:06:00,Delivered,Amazon,PAY05563
O05564,C0133,2026-09-10 16:47:00,Delivered,Myntra,PAY05564
O05565,C0869,2025-03-28 04:08:00,Delivered,Amazon,PAY05565
O05566,C0012,2025-01-31 00:57:00,Delivered,Flipkart,PAY05566
O05567,C0462,2025-11-01 01:41:00,Cancelled,Myntra,PAY05567
O05568,C0490,2026-04-23 12:09:00,Returned,Myntra,PAY05568
O05569,C0690,2025-03-10 09:47:00,Cancelled,Myntra,PAY05569
O05570,C0952,2025-08-21 01:55:00,Delivered,Myntra,PAY05570
O05571,C0954,2026-08-01 02:13:00,Delivered,Amazon,PAY05571
O05572,C0032,2025-01-18 06:33:00,Returned,Myntra,PAY05572
O05573,C0662,2026-05-23 10:09:00,Cancelled,Myntra,PAY05573
O05574,C0414,2026-04-27 04:02:00,Shipped,Myntra,PAY05574
O05575,C0415,2026-07-08 13:41:00,Delivered,Myntra,PAY05575
O05576,C0061,2026-01-28 09:10:00,Cancelled,Myntra,PAY05576
O05577,C0418,2025-05-19 09:58:00,Delivered,Flipkart,PAY05577
O05578,C0967,2026-09-28 22:41:00,Delivered,Amazon,PAY05578
O05579,C0833,2026-06-16 05:14:00,Delivered,Amazon,PAY05579
O05580,C0218,2025-02-01 18:59:00,Delivered,Flipkart,PAY05580
O05581,C0019,2026-03-15 19:51:00,Delivered,Myntra,PAY05581
O05582,C0173,2025-09-25 17:57:00,Shipped,Flipkart,PAY05582
O05583,C0671,2025-05-09 18:52:00,Returned,Myntra,PAY05583
O05584,C0467,2025-02-04 20:54:00,Delivered,Flipkart,PAY05584
O05585,C0237,2026-07-01 04:56:00,Delivered,Amazon,PAY05585
O05586,C0027,2026-05-01 21:23:00,Delivered,Myntra,PAY05586
O05587,C0206,2025-01-03 14:39:00,Delivered,Flipkart,PAY05587
O05588,C0246,2025-04-13 16:27:00,Shipped,Flipkart,PAY05588
O05589,C0865,2026-05-07 04:48:00,Returned,Myntra,PAY05589
O05590,C0410,2025-10-25 00:19:00,Delivered,Flipkart,PAY05590
O05591,C0149,2026-05-18 08:07:00,Cancelled,Amazon,PAY05591
O05592,C0300,2025-11-22 07:04:00,Cancelled,Amazon,PAY05592
O05593,C0032,2026-05-09 21:39:00,Delivered,Flipkart,PAY05593
O05594,C0948,2025-04-10 00:03:00,Delivered,Flipkart,PAY05594
O05595,C0172,2026-05-23 06:41:00,Delivered,Amazon,PAY05595
O05596,C0254,2026-05-24 11:03:00,Delivered,Flipkart,PAY05596
O05597,C0169,2025-03-30 18:48:00,Cancelled,Amazon,PAY05597
O05598,C0449,2025-02-16 04:44:00,Delivered,Myntra,PAY05598
O05599,C0430,2026-08-21 19:46:00,Delivered,Myntra,PAY05599
O05600,C0480,2025-07-23 16:30:00,Delivered,Amazon,PAY05600
O05601,C0128,2026-04-16 01:12:00,Delivered,Myntra,PAY05601
O05602,C0150,2025-07-08 09:54:00,Delivered,Flipkart,PAY05602
O05603,C0060,2026-04-05 09:35:00,Shipped,Amazon,PAY05603
O05604,C0423,2025-10-05 15:27:00,Delivered,Flipkart,PAY05604
O05605,C0019,2026-07-02 13:55:00,Delivered,Amazon,PAY05605
O05606,C0368,2025-11-19 02:59:00,Delivered,Myntra,PAY05606
O05607,C0753,2026-04-27 13:20:00,Delivered,Myntra,PAY05607
O05608,C0793,2025-03-15 15:40:00,Delivered,Myntra,PAY05608
O05609,C0227,2026-07-25 11:05:00,Delivered,Myntra,PAY05609
O05610,C0237,2025-09-02 21:10:00,Returned,Myntra,PAY05610
O05611,C0037,2026-08-31 11:05:00,Delivered,Flipkart,PAY05611
O05612,C0438,2026-01-28 06:16:00,Delivered,Myntra,PAY05612
O05613,C0661,2025-03-17 17:50:00,Delivered,Myntra,PAY05613
O05614,C0117,2025-01-02 11:22:00,Shipped,Myntra,PAY05614
O05615,C0201,2025-03-22 23:47:00,Returned,Amazon,PAY05615
O05616,C0694,2025-11-25 14:16:00,Delivered,Myntra,PAY05616
O05617,C0767,2026-09-27 12:42:00,Delivered,Amazon,PAY05617
O05618,C0116,2026-09-09 21:07:00,Delivered,Amazon,PAY05618
O05619,C0324,2026-05-19 15:00:00,Delivered,Flipkart,PAY05619
O05620,C0092,2025-01-12 18:15:00,Returned,Amazon,PAY05620
O05621,C0049,2025-11-15 10:57:00,Delivered,Amazon,PAY05621
O05622,C0832,2026-07-07 08:01:00,Returned,Amazon,PAY05622
O05623,C0659,2026-09-11 22:34:00,Delivered,Amazon,PAY05623
O05624,C0545,2025-03-25 17:01:00,Cancelled,Amazon,PAY05624
O05625,C0024,2026-08-26 12:25:00,Returned,Amazon,PAY05625
O05626,C0704,2025-02-10 07:32:00,Delivered,Myntra,PAY05626
O05627,C0217,2026-07-22 12:43:00,Delivered,Myntra,PAY05627
O05628,C0163,2025-01-22 21:28:00,Shipped,Myntra,PAY05628
O05629,C0320,2025-01-13 04:25:00,Delivered,Amazon,PAY05629
O05630,C0044,2026-09-15 22:21:00,Delivered,Flipkart,PAY05630
O05631,C0538,2025-10-17 22:27:00,Cancelled,Myntra,PAY05631
O05632,C0354,2025-07-31 06:46:00,Delivered,Flipkart,PAY05632
O05633,C0089,2026-03-04 04:12:00,Delivered,Amazon,PAY05633
O05634,C0090,2026-09-12 14:19:00,Delivered,Amazon,PAY05634
O05635,C0088,2026-05-31 16:57:00,Delivered,Flipkart,PAY05635
O05636,C0028,2026-05-15 01:32:00,Cancelled,Myntra,PAY05636
O05637,C0359,2026-07-26 15:02:00,Shipped,Amazon,PAY05637
O05638,C0697,2025-02-12 21:45:00,Delivered,Myntra,PAY05638
O05639,C0009,2026-09-22 02:34:00,Returned,Myntra,PAY05639
O05640,C0024,2025-10-16 07:05:00,Delivered,Amazon,PAY05640
O05641,C0345,2025-05-29 12:24:00,Delivered,Amazon,PAY05641
O05642,C0658,2025-12-10 17:17:00,Shipped,Flipkart,PAY05642
O05643,C0156,2026-07-29 01:21:00,Delivered,Flipkart,PAY05643
O05644,C0167,2025-09-04 05:42:00,Delivered,Amazon,PAY05644
O05645,C0367,2026-09-01 20:25:00,Delivered,Flipkart,PAY05645
O05646,C0131,2026-04-11 21:43:00,Delivered,Amazon,PAY05646
O05647,C0013,2025-01-19 10:14:00,Shipped,Flipkart,PAY05647
O05648,C0499,2025-01-08 15:30:00,Delivered,Flipkart,PAY05648
O05649,C0395,2025-10-13 09:30:00,Cancelled,Myntra,PAY05649
O05650,C0352,2025-02-28 17:43:00,Cancelled,Amazon,PAY05650
O05651,C0510,2025-07-21 02:28:00,Returned,Amazon,PAY05651
O05652,C0442,2025-10-24 12:47:00,Delivered,Myntra,PAY05652
O05653,C0098,2026-08-10 10:46:00,Delivered,Myntra,PAY05653
O05654,C0168,2025-10-06 13:56:00,Returned,Flipkart,PAY05654
O05655,C0060,2026-02-01 13:08:00,Returned,Flipkart,PAY05655
O05656,C0062,2025-07-04 07:20:00,Cancelled,Myntra,PAY05656
O05657,C0443,2026-01-20 00:23:00,Delivered,Amazon,PAY05657
O05658,C0732,2025-05-22 23:24:00,Delivered,Myntra,PAY05658
O05659,C0930,2026-07-02 09:01:00,Delivered,Flipkart,PAY05659
O05660,C0397,2026-05-13 17:58:00,Delivered,Amazon,PAY05660
O05661,C0088,2025-08-10 12:33:00,Delivered,Amazon,PAY05661
O05662,C0051,2025-12-05 01:25:00,Delivered,Amazon,PAY05662
O05663,C0645,2026-02-10 12:15:00,Delivered,Amazon,PAY05663
O05664,C0350,2026-01-15 01:08:00,Cancelled,Myntra,PAY05664
O05665,C0388,2025-03-31 20:40:00,Delivered,Flipkart,PAY05665
O05666,C0585,2025-01-09 19:34:00,Shipped,Amazon,PAY05666
O05667,C0469,2025-01-12 06:37:00,Delivered,Myntra,PAY05667
O05668,C0686,2025-05-02 05:03:00,Returned,Myntra,PAY05668
O05669,C0027,2025-08-31 20:01:00,Delivered,Flipkart,PAY05669
O05670,C0521,2025-05-19 00:38:00,Delivered,Flipkart,PAY05670
O05671,C0717,2025-06-11 22:12:00,Returned,Flipkart,PAY05671
O05672,C0136,2026-01-15 18:29:00,Cancelled,Myntra,PAY05672
O05673,C0409,2026-01-11 07:54:00,Delivered,Myntra,PAY05673
O05674,C0150,2025-07-11 12:02:00,Delivered,Myntra,PAY05674
O05675,C0921,2026-07-01 13:02:00,Delivered,Flipkart,PAY05675
O05676,C0016,2025-12-24 15:59:00,Delivered,Myntra,PAY05676
O05677,C0351,2025-11-26 08:51:00,Delivered,Myntra,PAY05677
O05678,C0080,2026-08-28 04:02:00,Delivered,Flipkart,PAY05678
O05679,C0477,2026-07-25 19:18:00,Cancelled,Flipkart,PAY05679
O05680,C0084,2025-12-04 07:32:00,Delivered,Amazon,PAY05680
O05681,C0112,2026-07-25 00:40:00,Shipped,Amazon,PAY05681
O05682,C0270,2026-07-16 19:24:00,Delivered,Myntra,PAY05682
O05683,C0839,2025-12-25 16:13:00,Delivered,Flipkart,PAY05683
O05684,C0101,2025-12-05 12:25:00,Delivered,Amazon,PAY05684
O05685,C0069,2026-09-04 21:23:00,Delivered,Amazon,PAY05685
O05686,C0543,2026-05-21 19:31:00,Delivered,Flipkart,PAY05686
O05687,C0276,2026-02-22 12:00:00,Delivered,Flipkart,PAY05687
O05688,C0833,2025-04-16 13:53:00,Delivered,Flipkart,PAY05688
O05689,C0070,2026-07-09 13:01:00,Delivered,Amazon,PAY05689
O05690,C0414,2025-10-31 14:55:00,Cancelled,Amazon,PAY05690
O05691,C0111,2026-03-08 12:01:00,Delivered,Amazon,PAY05691
O05692,C0075,2025-12-28 02:23:00,Shipped,Flipkart,PAY05692
O05693,C0450,2025-01-28 02:23:00,Delivered,Myntra,PAY05693
O05694,C0365,2025-01-05 02:28:00,Delivered,Myntra,PAY05694
O05695,C0535,2025-04-03 13:31:00,Returned,Amazon,PAY05695
O05696,C0147,2025-11-20 13:03:00,Delivered,Myntra,PAY05696
O05697,C0226,2026-03-27 18:03:00,Delivered,Amazon,PAY05697
O05698,C0193,2025-07-03 08:19:00,Delivered,Amazon,PAY05698
O05699,C0970,2025-09-09 18:20:00,Delivered,Flipkart,PAY05699
O05700,C0139,2026-08-04 08:03:00,Cancelled,Flipkart,PAY05700
O05701,C0141,2025-09-28 23:47:00,Delivered,Amazon,PAY05701
O05702,C0169,2025-04-10 21:51:00,Delivered,Myntra,PAY05702
O05703,C0337,2026-04-24 18:03:00,Delivered,Myntra,PAY05703
O05704,C0120,2026-04-17 03:36:00,Cancelled,Amazon,PAY05704
O05705,C0840,2026-06-22 20:36:00,Shipped,Flipkart,PAY05705
O05706,C0127,2026-03-22 23:59:00,Delivered,Myntra,PAY05706
O05707,C0803,2026-02-19 18:13:00,Delivered,Flipkart,PAY05707
O05708,C0050,2026-02-02 03:35:00,Delivered,Amazon,PAY05708
O05709,C0424,2025-11-27 22:38:00,Delivered,Flipkart,PAY05709
O05710,C0824,2026-07-27 14:25:00,Shipped,Amazon,PAY05710
O05711,C0081,2026-01-19 21:29:00,Delivered,Amazon,PAY05711
O05712,C0940,2025-09-06 23:44:00,Delivered,Flipkart,PAY05712
O05713,C0231,2025-04-01 17:16:00,Delivered,Amazon,PAY05713
O05714,C0897,2025-04-13 18:11:00,Delivered,Amazon,PAY05714
O05715,C0443,2026-09-10 11:27:00,Delivered,Amazon,PAY05715
O05716,C0144,2025-08-11 06:54:00,Returned,Amazon,PAY05716
O05717,C0090,2026-09-11 22:30:00,Delivered,Myntra,PAY05717
O05718,C0145,2025-05-17 06:36:00,Returned,Flipkart,PAY05718
O05719,C0045,2025-10-24 08:02:00,Delivered,Myntra,PAY05719
O05720,C0069,2025-05-17 10:15:00,Returned,Amazon,PAY05720
O05721,C0050,2026-02-09 14:24:00,Shipped,Myntra,PAY05721
O05722,C0202,2025-07-11 08:10:00,Delivered,Flipkart,PAY05722
O05723,C0612,2025-08-31 19:59:00,Cancelled,Amazon,PAY05723
O05724,C0068,2025-08-18 23:34:00,Returned,Flipkart,PAY05724
O05725,C0062,2025-05-25 01:08:00,Delivered,Myntra,PAY05725
O05726,C0412,2025-07-06 00:36:00,Delivered,Flipkart,PAY05726
O05727,C0094,2025-01-01 02:27:00,Shipped,Amazon,PAY05727
O05728,C0047,2025-08-22 05:33:00,Delivered,Flipkart,PAY05728
O05729,C0080,2025-05-22 06:19:00,Delivered,Myntra,PAY05729
O05730,C0856,2025-03-14 19:37:00,Shipped,Amazon,PAY05730
O05731,C0661,2026-09-15 00:51:00,Cancelled,Flipkart,PAY05731
O05732,C0169,2025-12-06 10:55:00,Delivered,Flipkart,PAY05732
O05733,C0424,2025-10-03 22:21:00,Delivered,Flipkart,PAY05733
O05734,C0311,2025-02-28 14:20:00,Delivered,Myntra,PAY05734
O05735,C0444,2026-09-16 19:04:00,Delivered,Myntra,PAY05735
O05736,C0449,2025-08-15 03:01:00,Delivered,Myntra,PAY05736
O05737,C0398,2026-02-07 09:15:00,Delivered,Myntra,PAY05737
O05738,C0127,2025-06-08 05:49:00,Returned,Flipkart,PAY05738
O05739,C0019,2025-06-04 04:31:00,Delivered,Flipkart,PAY05739
O05740,C0233,2026-04-24 06:13:00,Delivered,Flipkart,PAY05740
O05741,C0793,2026-06-03 22:02:00,Delivered,Flipkart,PAY05741
O05742,C0342,2025-11-02 23:30:00,Delivered,Flipkart,PAY05742
O05743,C0682,2025-01-04 06:35:00,Delivered,Amazon,PAY05743
O05744,C0985,2025-09-01 12:51:00,Delivered,Flipkart,PAY05744
O05745,C0078,2026-09-22 10:10:00,Shipped,Myntra,PAY05745
O05746,C0458,2025-11-08 04:40:00,Delivered,Amazon,PAY05746
O05747,C0441,2025-02-08 20:30:00,Returned,Myntra,PAY05747
O05748,C0962,2025-11-01 23:03:00,Delivered,Flipkart,PAY05748
O05749,C0973,2025-10-04 00:43:00,Cancelled,Flipkart,PAY05749
O05750,C0453,2026-04-30 11:32:00,Delivered,Flipkart,PAY05750
O05751,C0116,2026-04-10 13:08:00,Delivered,Myntra,PAY05751
O05752,C0618,2025-01-03 13:53:00,Delivered,Amazon,PAY05752
O05753,C0051,2025-02-10 07:45:00,Delivered,Amazon,PAY05753
O05754,C0584,2026-06-05 21:22:00,Cancelled,Flipkart,PAY05754
O05755,C0830,2025-09-26 13:46:00,Delivered,Flipkart,PAY05755
O05756,C0182,2026-08-11 14:17:00,Delivered,Myntra,PAY05756
O05757,C0400,2026-05-13 20:37:00,Delivered,Amazon,PAY05757
O05758,C0209,2026-06-20 06:37:00,Cancelled,Myntra,PAY05758
O05759,C0216,2026-05-12 23:36:00,Returned,Myntra,PAY05759
O05760,C0148,2025-10-12 19:50:00,Delivered,Flipkart,PAY05760
O05761,C0549,2026-09-06 22:32:00,Delivered,Amazon,PAY05761
O05762,C0879,2026-08-27 23:39:00,Delivered,Flipkart,PAY05762
O05763,C0888,2025-01-15 09:38:00,Cancelled,Myntra,PAY05763
O05764,C0084,2025-08-01 04:52:00,Delivered,Flipkart,PAY05764
O05765,C0763,2025-10-31 06:08:00,Delivered,Myntra,PAY05765
O05766,C0502,2025-08-16 18:16:00,Delivered,Amazon,PAY05766
O05767,C0121,2025-05-14 03:10:00,Cancelled,Myntra,PAY05767
O05768,C0032,2026-08-23 22:59:00,Shipped,Myntra,PAY05768
O05769,C0128,2025-03-18 21:55:00,Delivered,Flipkart,PAY05769
O05770,C0834,2026-09-23 09:35:00,Delivered,Amazon,PAY05770
O05771,C0402,2025-09-15 00:00:00,Cancelled,Amazon,PAY05771
O05772,C0486,2025-07-06 21:28:00,Delivered,Myntra,PAY05772
O05773,C0123,2025-06-17 04:58:00,Delivered,Myntra,PAY05773
O05774,C0484,2026-06-28 22:58:00,Delivered,Flipkart,PAY05774
O05775,C0014,2025-11-04 05:52:00,Cancelled,Amazon,PAY05775
O05776,C0179,2025-12-16 12:45:00,Delivered,Myntra,PAY05776
O05777,C0396,2026-06-01 22:31:00,Delivered,Myntra,PAY05777
O05778,C0070,2026-05-29 16:09:00,Delivered,Amazon,PAY05778
O05779,C0664,2026-04-07 16:41:00,Shipped,Myntra,PAY05779
O05780,C0112,2026-05-10 01:21:00,Cancelled,Myntra,PAY05780
O05781,C0420,2025-10-25 02:24:00,Shipped,Amazon,PAY05781
O05782,C0193,2026-01-29 22:04:00,Cancelled,Amazon,PAY05782
O05783,C0367,2025-09-19 18:41:00,Delivered,Flipkart,PAY05783
O05784,C0052,2025-11-10 14:47:00,Shipped,Myntra,PAY05784
O05785,C0009,2026-07-04 08:25:00,Delivered,Myntra,PAY05785
O05786,C0829,2025-11-29 16:27:00,Cancelled,Flipkart,PAY05786
O05787,C0129,2026-10-01 08:36:00,Returned,Flipkart,PAY05787
O05788,C0658,2025-07-17 21:34:00,Delivered,Amazon,PAY05788
O05789,C0999,2026-09-28 14:09:00,Delivered,Flipkart,PAY05789
O05790,C0101,2025-05-03 01:53:00,Shipped,Amazon,PAY05790
O05791,C0126,2026-08-11 04:26:00,Delivered,Flipkart,PAY05791
O05792,C0430,2026-02-15 04:00:00,Delivered,Flipkart,PAY05792
O05793,C0935,2025-11-27 11:57:00,Delivered,Myntra,PAY05793
O05794,C0841,2026-04-06 21:32:00,Delivered,Flipkart,PAY05794
O05795,C0278,2025-12-05 15:42:00,Shipped,Flipkart,PAY05795
O05796,C0611,2025-11-27 10:48:00,Returned,Flipkart,PAY05796
O05797,C0065,2026-05-21 11:06:00,Delivered,Flipkart,PAY05797
O05798,C0958,2026-04-27 13:17:00,Delivered,Amazon,PAY05798
O05799,C0933,2025-02-23 12:33:00,Delivered,Flipkart,PAY05799
O05800,C0078,2026-06-18 13:51:00,Shipped,Amazon,PAY05800
O05801,C0143,2025-10-26 21:03:00,Delivered,Amazon,PAY05801
O05802,C0048,2026-03-01 12:22:00,Delivered,Flipkart,PAY05802
O05803,C0130,2025-04-20 04:11:00,Delivered,Flipkart,PAY05803
O05804,C0651,2025-09-24 02:49:00,Shipped,Myntra,PAY05804
O05805,C0180,2026-09-19 15:59:00,Delivered,Amazon,PAY05805
O05806,C0042,2025-05-28 06:12:00,Shipped,Flipkart,PAY05806
O05807,C0163,2026-07-02 13:01:00,Shipped,Amazon,PAY05807
O05808,C0965,2025-11-22 15:55:00,Delivered,Myntra,PAY05808
O05809,C0399,2025-03-07 14:01:00,Delivered,Flipkart,PAY05809
O05810,C0198,2025-07-18 01:56:00,Shipped,Flipkart,PAY05810
O05811,C0080,2025-10-02 04:58:00,Delivered,Myntra,PAY05811
O05812,C0974,2026-02-26 01:11:00,Delivered,Myntra,PAY05812
O05813,C0660,2025-12-07 23:03:00,Shipped,Myntra,PAY05813
O05814,C0134,2026-07-02 07:01:00,Shipped,Flipkart,PAY05814
O05815,C0034,2025-03-12 06:17:00,Cancelled,Myntra,PAY05815
O05816,C0027,2025-01-13 18:49:00,Delivered,Myntra,PAY05816
O05817,C0058,2025-03-09 19:30:00,Shipped,Flipkart,PAY05817
O05818,C0352,2026-08-13 15:08:00,Returned,Flipkart,PAY05818
O05819,C0865,2025-12-11 04:35:00,Delivered,Amazon,PAY05819
O05820,C0272,2025-08-03 11:24:00,Shipped,Flipkart,PAY05820
O05821,C0702,2026-06-24 00:19:00,Delivered,Amazon,PAY05821
O05822,C0224,2026-04-21 06:22:00,Returned,Flipkart,PAY05822
O05823,C0474,2026-05-19 09:32:00,Delivered,Myntra,PAY05823
O05824,C0496,2025-11-26 15:40:00,Cancelled,Amazon,PAY05824
O05825,C0083,2026-08-10 08:43:00,Delivered,Flipkart,PAY05825
O05826,C0172,2026-08-22 20:48:00,Shipped,Amazon,PAY05826
O05827,C0406,2025-05-24 21:27:00,Delivered,Amazon,PAY05827
O05828,C0034,2026-09-24 08:17:00,Delivered,Myntra,PAY05828
O05829,C0172,2025-02-15 07:05:00,Delivered,Myntra,PAY05829
O05830,C0309,2026-09-07 04:21:00,Shipped,Flipkart,PAY05830
O05831,C0993,2026-09-18 00:29:00,Delivered,Flipkart,PAY05831
O05832,C0251,2025-06-07 01:14:00,Delivered,Myntra,PAY05832
O05833,C0651,2026-03-27 21:29:00,Delivered,Flipkart,PAY05833
O05834,C0211,2026-06-30 13:29:00,Delivered,Myntra,PAY05834
O05835,C0614,2026-01-10 03:42:00,Delivered,Amazon,PAY05835
O05836,C0366,2026-06-10 13:47:00,Delivered,Myntra,PAY05836
O05837,C0785,2026-06-20 23:10:00,Delivered,Amazon,PAY05837
O05838,C0196,2026-05-28 16:48:00,Cancelled,Amazon,PAY05838
O05839,C0375,2026-09-13 10:50:00,Cancelled,Myntra,PAY05839
O05840,C0399,2026-02-10 22:32:00,Returned,Flipkart,PAY05840
O05841,C0199,2025-04-19 18:26:00,Delivered,Amazon,PAY05841
O05842,C0069,2025-08-14 05:57:00,Delivered,Amazon,PAY05842
O05843,C0045,2026-01-05 23:35:00,Delivered,Myntra,PAY05843
O05844,C0008,2026-09-30 08:10:00,Delivered,Flipkart,PAY05844
O05845,C0760,2026-05-08 09:59:00,Shipped,Amazon,PAY05845
O05846,C0113,2025-04-12 14:12:00,Cancelled,Amazon,PAY05846
O05847,C0101,2026-01-29 12:11:00,Returned,Myntra,PAY05847
O05848,C0500,2025-08-07 21:41:00,Cancelled,Amazon,PAY05848
O05849,C0153,2026-01-16 02:51:00,Shipped,Amazon,PAY05849
O05850,C0281,2026-04-25 17:32:00,Delivered,Flipkart,PAY05850
O05851,C0078,2025-05-31 12:52:00,Delivered,Flipkart,PAY05851
O05852,C0924,2026-07-31 09:26:00,Shipped,Myntra,PAY05852
O05853,C0719,2026-08-31 00:59:00,Delivered,Amazon,PAY05853
O05854,C0742,2025-08-30 04:29:00,Cancelled,Amazon,PAY05854
O05855,C0194,2025-08-14 20:30:00,Delivered,Flipkart,PAY05855
O05856,C0549,2026-05-30 18:01:00,Delivered,Amazon,PAY05856
O05857,C0069,2025-08-22 15:43:00,Returned,Myntra,PAY05857
O05858,C0005,2025-02-27 01:45:00,Returned,Flipkart,PAY05858
O05859,C0010,2025-11-20 08:55:00,Returned,Myntra,PAY05859
O05860,C0358,2026-07-10 20:40:00,Delivered,Amazon,PAY05860
O05861,C0233,2026-07-20 08:51:00,Delivered,Flipkart,PAY05861
O05862,C0293,2026-08-18 10:45:00,Delivered,Amazon,PAY05862
O05863,C0004,2026-04-01 13:31:00,Delivered,Flipkart,PAY05863
O05864,C0202,2025-07-27 18:33:00,Delivered,Myntra,PAY05864
O05865,C0483,2026-07-08 19:43:00,Delivered,Flipkart,PAY05865
O05866,C0221,2025-08-04 14:32:00,Delivered,Flipkart,PAY05866
O05867,C0496,2026-08-21 02:20:00,Delivered,Myntra,PAY05867
O05868,C0111,2025-03-01 17:37:00,Delivered,Flipkart,PAY05868
O05869,C0645,2026-06-07 19:48:00,Cancelled,Myntra,PAY05869
O05870,C0360,2026-02-04 05:25:00,Returned,Myntra,PAY05870
O05871,C0101,2025-08-04 16:16:00,Shipped,Myntra,PAY05871
O05872,C0113,2026-03-30 13:13:00,Shipped,Amazon,PAY05872
O05873,C0397,2025-06-09 00:43:00,Delivered,Flipkart,PAY05873
O05874,C0677,2025-03-23 04:15:00,Shipped,Flipkart,PAY05874
O05875,C0198,2025-04-22 05:07:00,Cancelled,Myntra,PAY05875
O05876,C0123,2026-09-10 00:40:00,Returned,Flipkart,PAY05876
O05877,C0748,2025-04-01 17:56:00,Returned,Myntra,PAY05877
O05878,C0436,2025-04-13 04:59:00,Shipped,Myntra,PAY05878
O05879,C0226,2026-07-07 16:41:00,Delivered,Myntra,PAY05879
O05880,C0264,2025-04-11 16:49:00,Delivered,Amazon,PAY05880
O05881,C0098,2026-05-16 00:58:00,Delivered,Flipkart,PAY05881
O05882,C0396,2026-09-03 01:55:00,Delivered,Amazon,PAY05882
O05883,C0171,2026-04-11 18:08:00,Delivered,Flipkart,PAY05883
O05884,C0992,2025-05-31 18:35:00,Delivered,Flipkart,PAY05884
O05885,C0257,2026-07-21 19:57:00,Delivered,Amazon,PAY05885
O05886,C0262,2025-10-09 22:32:00,Cancelled,Flipkart,PAY05886
O05887,C0338,2025-11-08 19:57:00,Delivered,Amazon,PAY05887
O05888,C0842,2025-09-06 22:20:00,Delivered,Flipkart,PAY05888
O05889,C0622,2026-05-18 10:29:00,Shipped,Myntra,PAY05889
O05890,C0229,2026-02-28 16:50:00,Cancelled,Amazon,PAY05890
O05891,C0483,2025-07-15 10:22:00,Cancelled,Flipkart,PAY05891
O05892,C0357,2025-01-14 15:28:00,Delivered,Myntra,PAY05892
O05893,C0268,2025-04-14 05:53:00,Returned,Myntra,PAY05893
O05894,C0092,2025-08-12 03:20:00,Delivered,Flipkart,PAY05894
O05895,C0241,2025-02-13 21:54:00,Returned,Flipkart,PAY05895
O05896,C0117,2026-03-27 21:57:00,Delivered,Flipkart,PAY05896
O05897,C0839,2025-05-11 20:05:00,Shipped,Flipkart,PAY05897
O05898,C0160,2026-09-25 19:43:00,Cancelled,Amazon,PAY05898
O05899,C0910,2026-06-13 08:45:00,Returned,Flipkart,PAY05899
O05900,C0307,2025-09-27 01:19:00,Delivered,Myntra,PAY05900
O05901,C0400,2026-07-05 06:06:00,Delivered,Flipkart,PAY05901
O05902,C0316,2025-03-07 09:56:00,Delivered,Amazon,PAY05902
O05903,C0062,2025-04-15 04:59:00,Delivered,Myntra,PAY05903
O05904,C0179,2025-11-27 01:12:00,Delivered,Myntra,PAY05904
O05905,C0048,2026-03-31 03:20:00,Cancelled,Flipkart,PAY05905
O05906,C0392,2026-07-01 19:04:00,Cancelled,Amazon,PAY05906
O05907,C0225,2026-08-20 20:28:00,Returned,Flipkart,PAY05907
O05908,C0579,2026-09-25 14:34:00,Delivered,Amazon,PAY05908
O05909,C0105,2025-08-26 20:19:00,Returned,Myntra,PAY05909
O05910,C0079,2025-10-01 11:27:00,Shipped,Flipkart,PAY05910
O05911,C0194,2025-09-27 13:30:00,Shipped,Flipkart,PAY05911
O05912,C0861,2025-01-26 07:52:00,Returned,Flipkart,PAY05912
O05913,C0475,2026-03-14 09:52:00,Delivered,Amazon,PAY05913
O05914,C0199,2026-03-19 06:08:00,Shipped,Flipkart,PAY05914
O05915,C0292,2026-05-07 06:48:00,Delivered,Myntra,PAY05915
O05916,C0041,2025-08-02 03:22:00,Shipped,Flipkart,PAY05916
O05917,C0971,2026-01-10 14:45:00,Delivered,Myntra,PAY05917
O05918,C0434,2025-05-31 21:28:00,Delivered,Amazon,PAY05918
O05919,C0136,2026-06-06 12:35:00,Returned,Myntra,PAY05919
O05920,C0357,2025-08-02 22:02:00,Delivered,Myntra,PAY05920
O05921,C0053,2025-04-01 10:35:00,Delivered,Myntra,PAY05921
O05922,C0936,2025-11-08 20:10:00,Returned,Amazon,PAY05922
O05923,C0084,2025-08-21 05:19:00,Delivered,Flipkart,PAY05923
O05924,C0416,2026-01-17 02:35:00,Delivered,Myntra,PAY05924
O05925,C0117,2025-09-18 17:15:00,Shipped,Flipkart,PAY05925
O05926,C0482,2026-02-03 00:29:00,Delivered,Flipkart,PAY05926
O05927,C0576,2025-10-26 12:54:00,Delivered,Myntra,PAY05927
O05928,C0440,2025-09-18 12:11:00,Cancelled,Amazon,PAY05928
O05929,C0384,2025-12-20 23:40:00,Shipped,Flipkart,PAY05929
O05930,C0796,2026-07-12 09:41:00,Delivered,Myntra,PAY05930
O05931,C0038,2026-05-14 08:47:00,Shipped,Amazon,PAY05931
O05932,C0158,2026-03-11 02:28:00,Delivered,Flipkart,PAY05932
O05933,C0118,2025-01-14 05:57:00,Delivered,Amazon,PAY05933
O05934,C0978,2026-06-10 21:06:00,Delivered,Myntra,PAY05934
O05935,C0185,2026-07-20 02:41:00,Returned,Flipkart,PAY05935
O05936,C0496,2025-04-12 07:50:00,Returned,Flipkart,PAY05936
O05937,C0451,2025-10-08 21:30:00,Delivered,Myntra,PAY05937
O05938,C0101,2025-03-01 22:37:00,Delivered,Myntra,PAY05938
O05939,C0114,2025-07-28 22:31:00,Returned,Flipkart,PAY05939
O05940,C0134,2025-10-22 00:47:00,Delivered,Myntra,PAY05940
O05941,C0196,2025-05-09 17:25:00,Delivered,Myntra,PAY05941
O05942,C0112,2025-09-05 06:49:00,Delivered,Amazon,PAY05942
O05943,C0010,2026-03-11 20:22:00,Cancelled,Amazon,PAY05943
O05944,C0771,2026-08-12 23:41:00,Shipped,Flipkart,PAY05944
O05945,C0935,2025-07-11 03:35:00,Delivered,Flipkart,PAY05945
O05946,C0163,2026-01-22 14:29:00,Delivered,Myntra,PAY05946
O05947,C0161,2026-01-22 13:26:00,Delivered,Amazon,PAY05947
O05948,C0004,2025-01-02 04:20:00,Cancelled,Flipkart,PAY05948
O05949,C0447,2025-09-04 08:11:00,Returned,Amazon,PAY05949
O05950,C0669,2025-05-18 04:08:00,Cancelled,Myntra,PAY05950
O05951,C0070,2025-08-14 08:39:00,Shipped,Myntra,PAY05951
O05952,C0076,2025-02-10 02:57:00,Delivered,Myntra,PAY05952
O05953,C0602,2026-03-25 13:35:00,Delivered,Flipkart,PAY05953
O05954,C0386,2026-05-15 11:39:00,Cancelled,Amazon,PAY05954
O05955,C0022,2025-04-07 15:55:00,Delivered,Myntra,PAY05955
O05956,C0392,2025-03-15 10:09:00,Cancelled,Flipkart,PAY05956
O05957,C0147,2025-10-10 12:07:00,Delivered,Flipkart,PAY05957
O05958,C0176,2025-01-28 19:10:00,Delivered,Amazon,PAY05958
O05959,C0563,2025-12-25 02:29:00,Delivered,Flipkart,PAY05959
O05960,C0641,2026-01-05 13:56:00,Delivered,Amazon,PAY05960
O05961,C0191,2026-01-21 01:07:00,Shipped,Flipkart,PAY05961
O05962,C0900,2025-09-10 15:48:00,Delivered,Flipkart,PAY05962
O05963,C0194,2025-08-12 02:36:00,Shipped,Flipkart,PAY05963
O05964,C0567,2026-01-26 19:40:00,Delivered,Flipkart,PAY05964
O05965,C0260,2026-08-20 05:40:00,Delivered,Flipkart,PAY05965
O05966,C0806,2026-03-26 12:54:00,Delivered,Amazon,PAY05966
O05967,C0825,2025-11-02 19:02:00,Delivered,Amazon,PAY05967
O05968,C0042,2026-07-15 10:00:00,Delivered,Myntra,PAY05968
O05969,C0880,2025-12-09 10:04:00,Cancelled,Myntra,PAY05969
O05970,C0669,2025-08-02 08:49:00,Delivered,Myntra,PAY05970
O05971,C0604,2025-09-19 17:25:00,Delivered,Amazon,PAY05971
O05972,C0096,2025-07-04 17:58:00,Shipped,Amazon,PAY05972
O05973,C0630,2026-08-10 00:19:00,Delivered,Amazon,PAY05973
O05974,C0716,2025-08-28 02:16:00,Delivered,Flipkart,PAY05974
O05975,C0138,2026-01-23 23:47:00,Cancelled,Amazon,PAY05975
O05976,C0910,2026-01-18 21:30:00,Delivered,Myntra,PAY05976
O05977,C0024,2025-07-22 04:22:00,Delivered,Amazon,PAY05977
O05978,C0072,2025-09-24 22:50:00,Shipped,Flipkart,PAY05978
O05979,C0311,2026-06-23 16:29:00,Shipped,Flipkart,PAY05979
O05980,C0348,2025-08-07 02:08:00,Returned,Myntra,PAY05980
O05981,C0413,2025-01-09 09:00:00,Shipped,Flipkart,PAY05981
O05982,C0009,2025-10-20 07:28:00,Delivered,Myntra,PAY05982
O05983,C0925,2026-03-22 13:06:00,Shipped,Amazon,PAY05983
O05984,C0022,2025-02-23 22:33:00,Returned,Flipkart,PAY05984
O05985,C0068,2026-05-30 01:03:00,Delivered,Myntra,PAY05985
O05986,C0007,2026-07-03 15:15:00,Delivered,Flipkart,PAY05986
O05987,C0339,2025-07-31 18:05:00,Delivered,Amazon,PAY05987
O05988,C0872,2025-03-08 08:14:00,Delivered,Flipkart,PAY05988
O05989,C0433,2026-07-02 13:10:00,Cancelled,Amazon,PAY05989
O05990,C0664,2025-01-16 15:51:00,Shipped,Amazon,PAY05990
O05991,C0007,2026-07-16 14:06:00,Delivered,Myntra,PAY05991
O05992,C0315,2026-02-20 20:33:00,Delivered,Flipkart,PAY05992
O05993,C0237,2025-11-05 04:21:00,Returned,Flipkart,PAY05993
O05994,C0275,2025-02-24 13:41:00,Shipped,Myntra,PAY05994
O05995,C0035,2025-01-03 04:55:00,Delivered,Myntra,PAY05995
O05996,C0451,2025-07-22 07:59:00,Returned,Myntra,PAY05996
O05997,C0279,2025-03-15 11:16:00,Delivered,Myntra,PAY05997
O05998,C0554,2025-07-20 00:25:00,Delivered,Amazon,PAY05998
O05999,C0262,2025-07-09 06:03:00,Delivered,Myntra,PAY05999
O06000,C0071,2026-03-19 10:41:00,Cancelled,Flipkart,PAY06000
