Payment_ID,Order_ID,Payment_Method,Amount,Payment_Status
PAY00001,O00001,Net Banking,76525.3,Successful
PAY00002,O00002,Credit Card,23242.0,Failed
PAY00003,O00003,UPI,2624.0,Paid
PAY00004,O00004,COD,1661.4,Refunded
PAY00005,O00005,UPI,114038.0,Paid
PAY00006,O00006,Credit Card,9146.0,Paid
PAY00007,O00007,COD,30969.0,Refunded
PAY00008,O00008,UPI,10029.6,Paid
PAY00009,O00009,Net Banking,156244.0,Paid
PAY00010,O00010,COD,224064.0,Paid
PAY00011,O00011,Wallet,5198.0,Paid
PAY00012,O00012,COD,71086.05,Paid
PAY00013,O00013,Credit Card,992.75,Refunded
PAY00014,O00014,Wallet,295.2,Successful
PAY00015,O00015,UPI,300316.0,Paid
PAY00016,O00016,Wallet,6135.5,Paid
PAY00017,O00017,Wallet,203188.2,Successful
PAY00018,O00018,Debit Card,6854.4,Paid
PAY00019,O00019,COD,42972.8,Paid
PAY00020,O00020,COD,174498.2,Paid
PAY00021,O00021,Debit Card,9496.0,Failed
PAY00022,O00022,COD,14904.8,Paid
PAY00023,O00023,COD,78287.45,Successful
PAY00024,O00024,Debit Card,237973.6,Paid
PAY00025,O00025,Net Banking,28368.9,Paid
PAY00026,O00026,COD,19829.6,Paid
PAY00027,O00027,Net Banking,37878.1,Paid
PAY00028,O00028,Wallet,95943.35,Refunded
PAY00029,O00029,Debit Card,5261.1,Refunded
PAY00030,O00030,COD,19278.0,Successful
PAY00031,O00031,Debit Card,8049.6,Successful
PAY00032,O00032,UPI,12209.1,Paid
PAY00033,O00033,Net Banking,59448.6,Successful
PAY00034,O00034,Credit Card,15821.9,Paid
PAY00035,O00035,UPI,4041.0,Paid
PAY00036,O00036,Debit Card,1832.0,Successful
PAY00037,O00037,UPI,10070.8,Paid
PAY00038,O00038,Debit Card,392833.2,Refunded
PAY00039,O00039,Wallet,290610.0,Successful
PAY00040,O00040,UPI,6937.2,Refunded
PAY00041,O00041,Debit Card,36275.75,Refunded
PAY00042,O00042,UPI,1156.5,Paid
PAY00043,O00043,Credit Card,74715.0,Failed
PAY00044,O00044,Debit Card,119284.8,Failed
PAY00045,O00045,Net Banking,10713.6,Successful
PAY00046,O00046,Wallet,1796.0,Paid
PAY00047,O00047,Net Banking,44590.25,Refunded
PAY00048,O00048,Net Banking,49405.5,Paid
PAY00049,O00049,Debit Card,152638.4,Paid
PAY00050,O00050,Debit Card,126635.2,Paid
PAY00051,O00051,COD,52043.7,Paid
PAY00052,O00052,Wallet,175475.0,Paid
PAY00053,O00053,Wallet,18589.5,Successful
PAY00054,O00054,Net Banking,224218.1,Paid
PAY00055,O00055,Net Banking,150864.05,Paid
PAY00056,O00056,Net Banking,68814.2,Paid
PAY00057,O00057,COD,9352.0,Paid
PAY00058,O00058,COD,16892.0,Paid
PAY00059,O00059,Net Banking,5108.0,Refunded
PAY00060,O00060,Credit Card,39382.2,Successful
PAY00061,O00061,Credit Card,58590.6,Paid
PAY00062,O00062,Wallet,205413.75,Refunded
PAY00063,O00063,Credit Card,12332.8,Paid
PAY00064,O00064,Credit Card,111941.1,Paid
PAY00065,O00065,Wallet,90855.0,Refunded
PAY00066,O00066,COD,22942.7,Successful
PAY00067,O00067,UPI,14116.5,Paid
PAY00068,O00068,UPI,234616.0,Failed
PAY00069,O00069,Net Banking,21791.0,Successful
PAY00070,O00070,Debit Card,11112.9,Successful
PAY00071,O00071,UPI,119544.0,Paid
PAY00072,O00072,Credit Card,4071.6,Paid
PAY00073,O00073,Wallet,205395.3,Paid
PAY00074,O00074,Credit Card,173405.0,Paid
PAY00075,O00075,UPI,845.5,Refunded
PAY00076,O00076,UPI,346535.1,Paid
PAY00077,O00077,Credit Card,32806.65,Successful
PAY00078,O00078,Wallet,26095.2,Successful
PAY00079,O00079,Wallet,50193.9,Paid
PAY00080,O00080,Credit Card,13467.6,Successful
PAY00081,O00081,Net Banking,656.0,Paid
PAY00082,O00082,Wallet,42173.5,Refunded
PAY00083,O00083,COD,43128.0,Paid
PAY00084,O00084,Credit Card,128308.0,Paid
PAY00085,O00085,UPI,130818.25,Paid
PAY00086,O00086,UPI,1780.0,Refunded
PAY00087,O00087,Debit Card,164.0,Refunded
PAY00088,O00088,Credit Card,18600.3,Failed
PAY00089,O00089,Net Banking,221856.0,Failed
PAY00090,O00090,Credit Card,13803.0,Paid
PAY00091,O00091,Net Banking,5140.8,Paid
PAY00092,O00092,Credit Card,14013.0,Failed
PAY00093,O00093,COD,21453.8,Refunded
PAY00094,O00094,Debit Card,149752.8,Refunded
PAY00095,O00095,Wallet,5566.4,Paid
PAY00096,O00096,Debit Card,162317.1,Refunded
PAY00097,O00097,Debit Card,4153.5,Successful
PAY00098,O00098,COD,11037.3,Successful
PAY00099,O00099,Net Banking,207417.0,Paid
PAY00100,O00100,Wallet,216189.6,Paid
PAY00101,O00101,COD,170388.0,Failed
PAY00102,O00102,UPI,164382.1,Paid
PAY00103,O00103,Wallet,11824.35,Refunded
PAY00104,O00104,COD,74340.15,Paid
PAY00105,O00105,Wallet,322083.0,Paid
PAY00106,O00106,COD,1130.0,Refunded
PAY00107,O00107,UPI,53689.0,Paid
PAY00108,O00108,Net Banking,339904.75,Paid
PAY00109,O00109,UPI,108813.7,Refunded
PAY00110,O00110,UPI,16657.0,Refunded
PAY00111,O00111,Debit Card,102646.0,Refunded
PAY00112,O00112,Credit Card,15466.0,Paid
PAY00113,O00113,Net Banking,8546.4,Failed
PAY00114,O00114,COD,11395.2,Refunded
PAY00115,O00115,Wallet,41487.0,Paid
PAY00116,O00116,Net Banking,492.0,Successful
PAY00117,O00117,COD,8969.0,Paid
PAY00118,O00118,COD,6472.9,Refunded
PAY00119,O00119,Wallet,6274.0,Failed
PAY00120,O00120,Debit Card,175025.4,Paid
PAY00121,O00121,Debit Card,206355.7,Paid
PAY00122,O00122,Debit Card,11085.6,Refunded
PAY00123,O00123,Debit Card,47899.2,Refunded
PAY00124,O00124,Net Banking,11958.0,Paid
PAY00125,O00125,COD,2844.0,Refunded
PAY00126,O00126,Debit Card,351183.45,Failed
PAY00127,O00127,Net Banking,12801.9,Paid
PAY00128,O00128,UPI,71571.2,Paid
PAY00129,O00129,Net Banking,1378.5,Paid
PAY00130,O00130,Net Banking,46287.75,Failed
PAY00131,O00131,Net Banking,20765.6,Refunded
PAY00132,O00132,Net Banking,214027.65,Paid
PAY00133,O00133,Debit Card,34091.0,Paid
PAY00134,O00134,Wallet,292824.0,Paid
PAY00135,O00135,Credit Card,174419.0,Successful
PAY00136,O00136,Credit Card,203568.0,Successful
PAY00137,O00137,Net Banking,97605.0,Refunded
PAY00138,O00138,Net Banking,28617.45,Paid
PAY00139,O00139,COD,34697.0,Paid
PAY00140,O00140,COD,5179.9,Failed
PAY00141,O00141,Credit Card,42347.2,Paid
PAY00142,O00142,Debit Card,1236.6,Refunded
PAY00143,O00143,Credit Card,4311.0,Paid
PAY00144,O00144,COD,16113.6,Paid
PAY00145,O00145,Net Banking,8698.9,Paid
PAY00146,O00146,Credit Card,3022.8,Successful
PAY00147,O00147,Net Banking,6726.75,Paid
PAY00148,O00148,COD,12719.4,Paid
PAY00149,O00149,COD,43270.2,Paid
PAY00150,O00150,COD,20432.0,Successful
PAY00151,O00151,UPI,21864.75,Refunded
PAY00152,O00152,Debit Card,7223.8,Refunded
PAY00153,O00153,Net Banking,98417.4,Failed
PAY00154,O00154,COD,113177.7,Paid
PAY00155,O00155,Net Banking,193350.3,Paid
PAY00156,O00156,Wallet,17444.0,Paid
PAY00157,O00157,COD,16939.8,Paid
PAY00158,O00158,Wallet,4227.05,Paid
PAY00159,O00159,Credit Card,245055.0,Refunded
PAY00160,O00160,Credit Card,161658.0,Failed
PAY00161,O00161,Wallet,4493.5,Paid
PAY00162,O00162,UPI,13323.3,Paid
PAY00163,O00163,UPI,162225.9,Paid
PAY00164,O00164,Debit Card,10277.0,Refunded
PAY00165,O00165,UPI,159220.0,Paid
PAY00166,O00166,Net Banking,135172.8,Paid
PAY00167,O00167,Credit Card,115249.55,Successful
PAY00168,O00168,COD,84954.15,Paid
PAY00169,O00169,Net Banking,206.4,Paid
PAY00170,O00170,Debit Card,85957.15,Paid
PAY00171,O00171,Net Banking,152351.9,Paid
PAY00172,O00172,Net Banking,1569.1,Paid
PAY00173,O00173,Wallet,56892.0,Paid
PAY00174,O00174,Credit Card,126893.4,Paid
PAY00175,O00175,Net Banking,34004.0,Successful
PAY00176,O00176,UPI,59264.0,Successful
PAY00177,O00177,COD,187346.8,Refunded
PAY00178,O00178,Credit Card,137906.55,Paid
PAY00179,O00179,Debit Card,33562.35,Refunded
PAY00180,O00180,Wallet,33131.5,Refunded
PAY00181,O00181,COD,27335.0,Paid
PAY00182,O00182,Wallet,174966.25,Paid
PAY00183,O00183,UPI,109091.2,Paid
PAY00184,O00184,Wallet,26432.1,Refunded
PAY00185,O00185,Wallet,24664.8,Successful
PAY00186,O00186,Debit Card,14531.8,Paid
PAY00187,O00187,COD,49786.1,Successful
PAY00188,O00188,Debit Card,283240.4,Successful
PAY00189,O00189,Debit Card,26835.0,Paid
PAY00190,O00190,Net Banking,58468.0,Paid
PAY00191,O00191,COD,20133.0,Successful
PAY00192,O00192,Credit Card,45968.85,Refunded
PAY00193,O00193,COD,80949.9,Successful
PAY00194,O00194,UPI,5332.9,Successful
PAY00195,O00195,Debit Card,15080.0,Successful
PAY00196,O00196,Debit Card,7602.4,Successful
PAY00197,O00197,Net Banking,258.0,Failed
PAY00198,O00198,Net Banking,20468.0,Failed
PAY00199,O00199,COD,12387.4,Paid
PAY00200,O00200,Wallet,165037.0,Paid
PAY00201,O00201,Debit Card,178746.0,Failed
PAY00202,O00202,Debit Card,170803.0,Failed
PAY00203,O00203,UPI,98940.15,Refunded
PAY00204,O00204,COD,4408.85,Paid
PAY00205,O00205,COD,288388.0,Refunded
PAY00206,O00206,Debit Card,35142.4,Paid
PAY00207,O00207,Debit Card,22681.6,Paid
PAY00208,O00208,UPI,8376.3,Refunded
PAY00209,O00209,COD,50042.0,Paid
PAY00210,O00210,Debit Card,11304.4,Paid
PAY00211,O00211,Debit Card,7601.4,Paid
PAY00212,O00212,COD,23833.6,Refunded
PAY00213,O00213,Credit Card,158365.8,Refunded
PAY00214,O00214,Debit Card,8361.8,Paid
PAY00215,O00215,UPI,229761.8,Failed
PAY00216,O00216,Net Banking,32520.0,Failed
PAY00217,O00217,Wallet,10265.4,Refunded
PAY00218,O00218,Net Banking,115365.4,Failed
PAY00219,O00219,Wallet,357471.7,Refunded
PAY00220,O00220,Debit Card,283267.8,Paid
PAY00221,O00221,Debit Card,5122.2,Paid
PAY00222,O00222,Debit Card,188585.0,Paid
PAY00223,O00223,Credit Card,328638.75,Successful
PAY00224,O00224,Wallet,80145.0,Paid
PAY00225,O00225,Credit Card,26354.4,Paid
PAY00226,O00226,UPI,174849.0,Refunded
PAY00227,O00227,Debit Card,218004.9,Successful
PAY00228,O00228,COD,80122.4,Failed
PAY00229,O00229,Debit Card,99505.9,Successful
PAY00230,O00230,Wallet,122459.5,Paid
PAY00231,O00231,Net Banking,27203.2,Paid
PAY00232,O00232,UPI,87516.0,Paid
PAY00233,O00233,Net Banking,142682.4,Paid
PAY00234,O00234,Credit Card,224276.2,Successful
PAY00235,O00235,Net Banking,113592.0,Paid
PAY00236,O00236,UPI,2103.0,Paid
PAY00237,O00237,Credit Card,27921.0,Paid
PAY00238,O00238,UPI,4025.25,Successful
PAY00239,O00239,COD,8454.1,Paid
PAY00240,O00240,UPI,245396.4,Paid
PAY00241,O00241,Net Banking,146127.15,Refunded
PAY00242,O00242,UPI,378666.85,Paid
PAY00243,O00243,Net Banking,357020.2,Refunded
PAY00244,O00244,Wallet,161315.35,Failed
PAY00245,O00245,Wallet,100253.25,Paid
PAY00246,O00246,Debit Card,4596.75,Failed
PAY00247,O00247,Debit Card,64313.3,Paid
PAY00248,O00248,UPI,55537.5,Paid
PAY00249,O00249,COD,74890.95,Paid
PAY00250,O00250,Debit Card,13857.0,Paid
PAY00251,O00251,COD,2721.15,Refunded
PAY00252,O00252,Credit Card,112804.0,Refunded
PAY00253,O00253,COD,84873.95,Paid
PAY00254,O00254,Net Banking,29153.0,Refunded
PAY00255,O00255,Credit Card,14419.15,Successful
PAY00256,O00256,Net Banking,210130.0,Failed
PAY00257,O00257,COD,228076.0,Paid
PAY00258,O00258,COD,7956.8,Refunded
PAY00259,O00259,Credit Card,24815.8,Refunded
PAY00260,O00260,COD,17701.4,Refunded
PAY00261,O00261,COD,99854.6,Paid
PAY00262,O00262,Net Banking,19889.2,Paid
PAY00263,O00263,COD,46959.2,Failed
PAY00264,O00264,Net Banking,100720.65,Failed
PAY00265,O00265,Credit Card,6052.5,Paid
PAY00266,O00266,COD,17074.8,Paid
PAY00267,O00267,Net Banking,11259.0,Refunded
PAY00268,O00268,UPI,6076.2,Paid
PAY00269,O00269,Wallet,39222.8,Successful
PAY00270,O00270,Debit Card,84062.45,Paid
PAY00271,O00271,Debit Card,119928.5,Paid
PAY00272,O00272,Credit Card,14173.05,Paid
PAY00273,O00273,Wallet,8944.0,Failed
PAY00274,O00274,Net Banking,10070.8,Paid
PAY00275,O00275,Debit Card,49686.0,Paid
PAY00276,O00276,Wallet,198463.0,Failed
PAY00277,O00277,Wallet,55484.1,Failed
PAY00278,O00278,COD,636577.3,Paid
PAY00279,O00279,COD,76109.4,Successful
PAY00280,O00280,Credit Card,80467.0,Paid
PAY00281,O00281,UPI,86196.0,Failed
PAY00282,O00282,Credit Card,38227.0,Successful
PAY00283,O00283,Wallet,458.0,Successful
PAY00284,O00284,Credit Card,7544.4,Paid
PAY00285,O00285,Net Banking,36855.5,Refunded
PAY00286,O00286,Credit Card,21656.0,Refunded
PAY00287,O00287,Credit Card,27844.0,Paid
PAY00288,O00288,Net Banking,143737.2,Paid
PAY00289,O00289,Net Banking,7681.6,Paid
PAY00290,O00290,UPI,90855.0,Paid
PAY00291,O00291,Credit Card,91068.6,Paid
PAY00292,O00292,Wallet,28785.0,Successful
PAY00293,O00293,UPI,281080.4,Paid
PAY00294,O00294,COD,75169.1,Paid
PAY00295,O00295,Debit Card,22336.8,Successful
PAY00296,O00296,Credit Card,8613.8,Paid
PAY00297,O00297,Credit Card,62137.0,Paid
PAY00298,O00298,Credit Card,62238.25,Paid
PAY00299,O00299,Net Banking,17284.3,Paid
PAY00300,O00300,Debit Card,10067.5,Paid
PAY00301,O00301,UPI,24323.4,Refunded
PAY00302,O00302,Debit Card,5819.8,Paid
PAY00303,O00303,COD,21495.8,Successful
PAY00304,O00304,Credit Card,188120.2,Paid
PAY00305,O00305,Debit Card,133949.25,Paid
PAY00306,O00306,Credit Card,43747.15,Paid
PAY00307,O00307,COD,18548.0,Successful
PAY00308,O00308,Debit Card,284014.2,Failed
PAY00309,O00309,Net Banking,202713.3,Paid
PAY00310,O00310,Wallet,10477.2,Refunded
PAY00311,O00311,UPI,82758.2,Paid
PAY00312,O00312,COD,67120.0,Successful
PAY00313,O00313,Credit Card,22275.4,Refunded
PAY00314,O00314,Debit Card,5536.9,Paid
PAY00315,O00315,Wallet,175012.15,Paid
PAY00316,O00316,UPI,47593.0,Paid
PAY00317,O00317,Wallet,1121.0,Paid
PAY00318,O00318,UPI,9815.0,Successful
PAY00319,O00319,Debit Card,13406.4,Paid
PAY00320,O00320,UPI,53494.6,Refunded
PAY00321,O00321,COD,154348.0,Paid
PAY00322,O00322,Wallet,13436.9,Paid
PAY00323,O00323,Net Banking,27627.55,Paid
PAY00324,O00324,Net Banking,145901.75,Refunded
PAY00325,O00325,Debit Card,17413.7,Paid
PAY00326,O00326,Wallet,92333.7,Refunded
PAY00327,O00327,Credit Card,103964.9,Refunded
PAY00328,O00328,Wallet,83421.55,Paid
PAY00329,O00329,Debit Card,1896.0,Refunded
PAY00330,O00330,Credit Card,124600.5,Successful
PAY00331,O00331,UPI,50155.5,Failed
PAY00332,O00332,Net Banking,201472.0,Paid
PAY00333,O00333,COD,2726.8,Paid
PAY00334,O00334,Credit Card,67005.75,Paid
PAY00335,O00335,COD,18404.0,Paid
PAY00336,O00336,Credit Card,50671.9,Paid
PAY00337,O00337,Net Banking,17132.9,Refunded
PAY00338,O00338,COD,162244.8,Paid
PAY00339,O00339,COD,13500.8,Paid
PAY00340,O00340,COD,56837.7,Paid
PAY00341,O00341,Debit Card,308732.4,Refunded
PAY00342,O00342,COD,7481.6,Paid
PAY00343,O00343,Credit Card,5331.6,Paid
PAY00344,O00344,UPI,141421.7,Refunded
PAY00345,O00345,Debit Card,21914.7,Refunded
PAY00346,O00346,Debit Card,30494.6,Paid
PAY00347,O00347,COD,6928.5,Paid
PAY00348,O00348,COD,2421.0,Refunded
PAY00349,O00349,Net Banking,6262.2,Paid
PAY00350,O00350,Net Banking,8528.0,Refunded
PAY00351,O00351,Debit Card,199502.0,Paid
PAY00352,O00352,UPI,272877.15,Paid
PAY00353,O00353,COD,26194.0,Paid
PAY00354,O00354,Net Banking,178746.0,Paid
PAY00355,O00355,COD,3837.6,Paid
PAY00356,O00356,Net Banking,7263.0,Successful
PAY00357,O00357,Net Banking,322168.0,Refunded
PAY00358,O00358,Debit Card,181679.0,Successful
PAY00359,O00359,UPI,9823.4,Paid
PAY00360,O00360,UPI,9931.6,Paid
PAY00361,O00361,UPI,1183.2,Paid
PAY00362,O00362,Credit Card,23452.0,Paid
PAY00363,O00363,Credit Card,99380.3,Refunded
PAY00364,O00364,Credit Card,6084.2,Refunded
PAY00365,O00365,Wallet,14176.0,Successful
PAY00366,O00366,Debit Card,16533.8,Paid
PAY00367,O00367,Wallet,117562.2,Paid
PAY00368,O00368,Credit Card,4942.8,Paid
PAY00369,O00369,Debit Card,29798.85,Paid
PAY00370,O00370,Wallet,169872.0,Paid
PAY00371,O00371,Debit Card,21415.2,Paid
PAY00372,O00372,Wallet,25561.65,Paid
PAY00373,O00373,Net Banking,1642.5,Paid
PAY00374,O00374,COD,170676.0,Paid
PAY00375,O00375,COD,49244.4,Successful
PAY00376,O00376,COD,240710.4,Refunded
PAY00377,O00377,Credit Card,308732.4,Refunded
PAY00378,O00378,COD,11878.0,Failed
PAY00379,O00379,Debit Card,6488.0,Refunded
PAY00380,O00380,Credit Card,217946.7,Paid
PAY00381,O00381,Debit Card,8049.6,Paid
PAY00382,O00382,UPI,46073.4,Paid
PAY00383,O00383,Debit Card,2997.0,Paid
PAY00384,O00384,Debit Card,13613.6,Paid
PAY00385,O00385,UPI,1387.8,Paid
PAY00386,O00386,UPI,49810.0,Successful
PAY00387,O00387,Credit Card,209687.8,Paid
PAY00388,O00388,Net Banking,166695.3,Successful
PAY00389,O00389,UPI,114939.8,Successful
PAY00390,O00390,COD,20554.0,Paid
PAY00391,O00391,Wallet,88107.0,Paid
PAY00392,O00392,Net Banking,23238.0,Paid
PAY00393,O00393,Debit Card,62137.0,Successful
PAY00394,O00394,Debit Card,26419.6,Successful
PAY00395,O00395,UPI,3411.0,Paid
PAY00396,O00396,COD,91179.0,Paid
PAY00397,O00397,Wallet,19216.8,Paid
PAY00398,O00398,UPI,149403.6,Paid
PAY00399,O00399,UPI,129489.0,Refunded
PAY00400,O00400,Credit Card,52744.95,Failed
PAY00401,O00401,UPI,10437.0,Paid
PAY00402,O00402,Credit Card,221478.3,Paid
PAY00403,O00403,Debit Card,91935.1,Paid
PAY00404,O00404,Credit Card,13073.4,Paid
PAY00405,O00405,Net Banking,139522.55,Paid
PAY00406,O00406,Credit Card,33937.95,Paid
PAY00407,O00407,Credit Card,3268.8,Paid
PAY00408,O00408,Debit Card,1183.0,Paid
PAY00409,O00409,Debit Card,111966.3,Refunded
PAY00410,O00410,Credit Card,1373.0,Paid
PAY00411,O00411,Net Banking,5981.25,Paid
PAY00412,O00412,Wallet,244092.8,Failed
PAY00413,O00413,Net Banking,68536.35,Paid
PAY00414,O00414,UPI,15099.2,Paid
PAY00415,O00415,Debit Card,17673.3,Paid
PAY00416,O00416,Credit Card,159825.3,Refunded
PAY00417,O00417,UPI,197796.0,Paid
PAY00418,O00418,Wallet,27658.0,Paid
PAY00419,O00419,Debit Card,42109.5,Paid
PAY00420,O00420,UPI,1607.2,Successful
PAY00421,O00421,Net Banking,9816.0,Successful
PAY00422,O00422,Net Banking,8497.5,Paid
PAY00423,O00423,UPI,1780.0,Refunded
PAY00424,O00424,Wallet,91230.4,Paid
PAY00425,O00425,Wallet,2690.4,Paid
PAY00426,O00426,COD,108162.0,Failed
PAY00427,O00427,Credit Card,78713.1,Paid
PAY00428,O00428,Net Banking,121953.6,Refunded
PAY00429,O00429,Credit Card,4624.6,Paid
PAY00430,O00430,Credit Card,60180.5,Successful
PAY00431,O00431,Credit Card,22414.5,Paid
PAY00432,O00432,Debit Card,2090.0,Paid
PAY00433,O00433,Net Banking,37692.0,Paid
PAY00434,O00434,Credit Card,873.0,Paid
PAY00435,O00435,Wallet,144872.0,Refunded
PAY00436,O00436,Net Banking,23047.6,Paid
PAY00437,O00437,UPI,126444.95,Paid
PAY00438,O00438,Debit Card,116745.8,Successful
PAY00439,O00439,UPI,80897.4,Successful
PAY00440,O00440,Credit Card,32886.4,Failed
PAY00441,O00441,Credit Card,13815.9,Refunded
PAY00442,O00442,Wallet,38741.9,Paid
PAY00443,O00443,Debit Card,2997.0,Paid
PAY00444,O00444,Debit Card,3555.0,Paid
PAY00445,O00445,Credit Card,5712.0,Successful
PAY00446,O00446,COD,44589.6,Successful
PAY00447,O00447,Net Banking,9699.75,Paid
PAY00448,O00448,Wallet,17244.0,Successful
PAY00449,O00449,UPI,10029.6,Refunded
PAY00450,O00450,Credit Card,3427.2,Refunded
PAY00451,O00451,Credit Card,59965.2,Refunded
PAY00452,O00452,Debit Card,1368.75,Successful
PAY00453,O00453,Debit Card,177174.8,Paid
PAY00454,O00454,Wallet,96944.5,Refunded
PAY00455,O00455,COD,168279.0,Paid
PAY00456,O00456,UPI,18452.1,Refunded
PAY00457,O00457,COD,171057.0,Paid
PAY00458,O00458,COD,7346.35,Refunded
PAY00459,O00459,UPI,22230.2,Successful
PAY00460,O00460,Wallet,3650.0,Refunded
PAY00461,O00461,Net Banking,59186.2,Successful
PAY00462,O00462,COD,66876.1,Failed
PAY00463,O00463,Wallet,340837.8,Refunded
PAY00464,O00464,COD,89050.0,Refunded
PAY00465,O00465,UPI,112644.0,Refunded
PAY00466,O00466,COD,6094.0,Paid
PAY00467,O00467,Wallet,31148.3,Paid
PAY00468,O00468,COD,37391.7,Refunded
PAY00469,O00469,Wallet,166392.0,Refunded
PAY00470,O00470,Debit Card,45295.2,Successful
PAY00471,O00471,UPI,70283.1,Failed
PAY00472,O00472,Credit Card,49452.7,Paid
PAY00473,O00473,COD,11958.0,Paid
PAY00474,O00474,UPI,59584.0,Paid
PAY00475,O00475,Debit Card,234616.0,Paid
PAY00476,O00476,Debit Card,35454.8,Paid
PAY00477,O00477,UPI,125879.3,Refunded
PAY00478,O00478,Net Banking,25304.0,Paid
PAY00479,O00479,COD,14645.2,Successful
PAY00480,O00480,Credit Card,87688.5,Refunded
PAY00481,O00481,Net Banking,101661.3,Paid
PAY00482,O00482,Debit Card,83988.3,Paid
PAY00483,O00483,Credit Card,135751.8,Failed
PAY00484,O00484,Net Banking,31395.6,Failed
PAY00485,O00485,Credit Card,82793.1,Successful
PAY00486,O00486,Net Banking,75305.2,Successful
PAY00487,O00487,COD,9684.0,Successful
PAY00488,O00488,COD,87175.8,Paid
PAY00489,O00489,COD,151934.1,Paid
PAY00490,O00490,Credit Card,185151.0,Paid
PAY00491,O00491,UPI,43993.05,Successful
PAY00492,O00492,Credit Card,95331.2,Paid
PAY00493,O00493,UPI,32927.2,Refunded
PAY00494,O00494,Wallet,147561.0,Refunded
PAY00495,O00495,Debit Card,22451.9,Refunded
PAY00496,O00496,UPI,111090.6,Refunded
PAY00497,O00497,Wallet,65637.0,Paid
PAY00498,O00498,Net Banking,11220.0,Paid
PAY00499,O00499,COD,27832.0,Refunded
PAY00500,O00500,Wallet,7336.8,Paid
PAY00501,O00501,Wallet,68182.0,Paid
PAY00502,O00502,Wallet,4488.0,Paid
PAY00503,O00503,UPI,131131.6,Refunded
PAY00504,O00504,UPI,188760.0,Paid
PAY00505,O00505,Debit Card,24709.0,Successful
PAY00506,O00506,Net Banking,8989.0,Refunded
PAY00507,O00507,UPI,464.4,Refunded
PAY00508,O00508,Wallet,65040.5,Paid
PAY00509,O00509,Credit Card,2858.55,Paid
PAY00510,O00510,Wallet,92250.5,Paid
PAY00511,O00511,Net Banking,113119.4,Paid
PAY00512,O00512,COD,62708.2,Successful
PAY00513,O00513,UPI,81293.35,Refunded
PAY00514,O00514,COD,74428.25,Paid
PAY00515,O00515,COD,45930.3,Successful
PAY00516,O00516,COD,43811.2,Successful
PAY00517,O00517,COD,226815.8,Paid
PAY00518,O00518,Debit Card,14139.5,Paid
PAY00519,O00519,Credit Card,10510.2,Paid
PAY00520,O00520,Credit Card,95607.0,Refunded
PAY00521,O00521,Credit Card,222144.2,Failed
PAY00522,O00522,Debit Card,8446.2,Refunded
PAY00523,O00523,Debit Card,84926.6,Paid
PAY00524,O00524,Wallet,97345.8,Refunded
PAY00525,O00525,UPI,18024.3,Refunded
PAY00526,O00526,Credit Card,18705.3,Refunded
PAY00527,O00527,Debit Card,174784.7,Refunded
PAY00528,O00528,UPI,19342.5,Successful
PAY00529,O00529,Credit Card,161262.0,Paid
PAY00530,O00530,COD,13916.0,Failed
PAY00531,O00531,COD,118306.0,Paid
PAY00532,O00532,Wallet,208770.6,Paid
PAY00533,O00533,UPI,25704.0,Paid
PAY00534,O00534,Debit Card,83368.0,Paid
PAY00535,O00535,Debit Card,68553.0,Paid
PAY00536,O00536,Debit Card,17836.25,Refunded
PAY00537,O00537,UPI,678.3,Paid
PAY00538,O00538,UPI,172619.2,Paid
PAY00539,O00539,UPI,105577.2,Paid
PAY00540,O00540,Wallet,31720.7,Paid
PAY00541,O00541,Wallet,67514.9,Paid
PAY00542,O00542,Net Banking,1374.0,Paid
PAY00543,O00543,Wallet,24892.2,Paid
PAY00544,O00544,COD,6424.2,Successful
PAY00545,O00545,Credit Card,57704.0,Successful
PAY00546,O00546,Debit Card,5961.6,Paid
PAY00547,O00547,Credit Card,6735.0,Refunded
PAY00548,O00548,Credit Card,26208.0,Refunded
PAY00549,O00549,Net Banking,72056.7,Paid
PAY00550,O00550,Net Banking,23659.75,Paid
PAY00551,O00551,Debit Card,7263.0,Paid
PAY00552,O00552,Wallet,149220.3,Paid
PAY00553,O00553,Wallet,189786.8,Failed
PAY00554,O00554,Debit Card,210929.4,Paid
PAY00555,O00555,Credit Card,9342.0,Successful
PAY00556,O00556,UPI,214778.8,Paid
PAY00557,O00557,Credit Card,16559.4,Refunded
PAY00558,O00558,UPI,62690.7,Refunded
PAY00559,O00559,COD,164505.0,Paid
PAY00560,O00560,Net Banking,125875.8,Refunded
PAY00561,O00561,Debit Card,7384.0,Paid
PAY00562,O00562,Credit Card,26968.6,Refunded
PAY00563,O00563,Wallet,16888.5,Paid
PAY00564,O00564,COD,33847.55,Refunded
PAY00565,O00565,COD,711.0,Paid
PAY00566,O00566,Wallet,114255.0,Paid
PAY00567,O00567,Net Banking,6516.9,Refunded
PAY00568,O00568,Net Banking,10359.8,Paid
PAY00569,O00569,UPI,69563.3,Paid
PAY00570,O00570,COD,49971.0,Paid
PAY00571,O00571,Credit Card,145357.5,Paid
PAY00572,O00572,Debit Card,48826.3,Successful
PAY00573,O00573,Net Banking,171057.0,Paid
PAY00574,O00574,Debit Card,18881.4,Failed
PAY00575,O00575,COD,169640.0,Failed
PAY00576,O00576,COD,71317.8,Refunded
PAY00577,O00577,Net Banking,94639.0,Paid
PAY00578,O00578,Credit Card,292049.15,Paid
PAY00579,O00579,COD,18014.4,Refunded
PAY00580,O00580,Net Banking,40016.0,Paid
PAY00581,O00581,COD,9666.65,Successful
PAY00582,O00582,Wallet,141965.5,Refunded
PAY00583,O00583,Credit Card,8220.0,Paid
PAY00584,O00584,UPI,22586.4,Paid
PAY00585,O00585,COD,1746.0,Failed
PAY00586,O00586,UPI,75721.25,Successful
PAY00587,O00587,Debit Card,12319.5,Paid
PAY00588,O00588,Credit Card,95165.3,Paid
PAY00589,O00589,Net Banking,471840.15,Paid
PAY00590,O00590,Credit Card,201988.0,Refunded
PAY00591,O00591,Credit Card,25516.8,Paid
PAY00592,O00592,Net Banking,25130.2,Refunded
PAY00593,O00593,COD,8102.0,Refunded
PAY00594,O00594,Net Banking,299879.5,Paid
PAY00595,O00595,COD,55783.25,Refunded
PAY00596,O00596,UPI,119115.6,Refunded
PAY00597,O00597,Wallet,12286.35,Paid
PAY00598,O00598,Net Banking,53886.0,Successful
PAY00599,O00599,Debit Card,189058.0,Successful
PAY00600,O00600,Credit Card,116062.0,Paid
PAY00601,O00601,Credit Card,103666.4,Successful
PAY00602,O00602,UPI,20076.8,Successful
PAY00603,O00603,Credit Card,101289.4,Refunded
PAY00604,O00604,UPI,83002.0,Paid
PAY00605,O00605,Debit Card,9279.8,Failed
PAY00606,O00606,Credit Card,115501.2,Paid
PAY00607,O00607,UPI,80407.0,Paid
PAY00608,O00608,Credit Card,1356.0,Paid
PAY00609,O00609,Debit Card,4908.0,Successful
PAY00610,O00610,COD,183757.9,Refunded
PAY00611,O00611,Debit Card,288300.0,Successful
PAY00612,O00612,Debit Card,106505.0,Paid
PAY00613,O00613,Credit Card,257277.0,Paid
PAY00614,O00614,UPI,325780.0,Paid
PAY00615,O00615,Debit Card,329926.8,Failed
PAY00616,O00616,COD,216401.2,Refunded
PAY00617,O00617,COD,64944.35,Paid
PAY00618,O00618,COD,103449.0,Refunded
PAY00619,O00619,Debit Card,39511.4,Refunded
PAY00620,O00620,COD,3797.1,Paid
PAY00621,O00621,Credit Card,309086.55,Paid
PAY00622,O00622,Net Banking,285300.2,Successful
PAY00623,O00623,Credit Card,17149.0,Paid
PAY00624,O00624,Debit Card,13518.65,Refunded
PAY00625,O00625,Debit Card,93377.25,Paid
PAY00626,O00626,UPI,18476.1,Refunded
PAY00627,O00627,COD,5209.65,Paid
PAY00628,O00628,Credit Card,20529.0,Paid
PAY00629,O00629,Wallet,229884.0,Failed
PAY00630,O00630,Credit Card,2962.0,Paid
PAY00631,O00631,Debit Card,13919.4,Successful
PAY00632,O00632,Wallet,149374.9,Paid
PAY00633,O00633,Credit Card,64951.4,Successful
PAY00634,O00634,Net Banking,110894.85,Successful
PAY00635,O00635,UPI,245310.9,Paid
PAY00636,O00636,Net Banking,6729.6,Paid
PAY00637,O00637,Net Banking,5799.75,Failed
PAY00638,O00638,Debit Card,44610.0,Failed
PAY00639,O00639,Wallet,8024.0,Refunded
PAY00640,O00640,Debit Card,65637.0,Paid
PAY00641,O00641,Credit Card,19305.9,Paid
PAY00642,O00642,COD,285738.0,Paid
PAY00643,O00643,Credit Card,42092.8,Paid
PAY00644,O00644,Debit Card,124284.8,Failed
PAY00645,O00645,Debit Card,130091.8,Paid
PAY00646,O00646,Wallet,23472.4,Refunded
PAY00647,O00647,Credit Card,59889.9,Successful
PAY00648,O00648,COD,61218.9,Paid
PAY00649,O00649,Wallet,140877.6,Paid
PAY00650,O00650,COD,8991.0,Successful
PAY00651,O00651,Debit Card,81769.5,Refunded
PAY00652,O00652,Net Banking,3741.0,Successful
PAY00653,O00653,Debit Card,268371.7,Paid
PAY00654,O00654,Wallet,143319.2,Failed
PAY00655,O00655,Debit Card,52690.8,Refunded
PAY00656,O00656,Credit Card,6843.6,Paid
PAY00657,O00657,Wallet,1896.0,Successful
PAY00658,O00658,UPI,1869.6,Refunded
PAY00659,O00659,Wallet,46422.0,Refunded
PAY00660,O00660,Net Banking,18208.8,Paid
PAY00661,O00661,UPI,3856.0,Successful
PAY00662,O00662,Debit Card,31498.35,Refunded
PAY00663,O00663,UPI,1183.0,Paid
PAY00664,O00664,Credit Card,411700.5,Refunded
PAY00665,O00665,Wallet,40056.8,Paid
PAY00666,O00666,Debit Card,33881.25,Paid
PAY00667,O00667,UPI,90337.1,Refunded
PAY00668,O00668,Credit Card,101527.6,Paid
PAY00669,O00669,Debit Card,99602.4,Successful
PAY00670,O00670,COD,9491.0,Paid
PAY00671,O00671,UPI,162816.0,Refunded
PAY00672,O00672,Debit Card,25516.8,Paid
PAY00673,O00673,UPI,7901.1,Successful
PAY00674,O00674,Credit Card,170176.75,Failed
PAY00675,O00675,Net Banking,5823.9,Refunded
PAY00676,O00676,Wallet,8969.0,Paid
PAY00677,O00677,Credit Card,6246.25,Refunded
PAY00678,O00678,Wallet,71317.8,Paid
PAY00679,O00679,COD,244020.0,Paid
PAY00680,O00680,Debit Card,57019.0,Paid
PAY00681,O00681,UPI,236438.1,Refunded
PAY00682,O00682,Credit Card,1978.8,Successful
PAY00683,O00683,COD,442.8,Successful
PAY00684,O00684,Credit Card,130481.0,Refunded
PAY00685,O00685,Debit Card,16693.2,Paid
PAY00686,O00686,Net Banking,109483.0,Paid
PAY00687,O00687,Wallet,58452.55,Paid
PAY00688,O00688,Credit Card,79225.8,Refunded
PAY00689,O00689,Debit Card,94288.8,Paid
PAY00690,O00690,Debit Card,130445.8,Paid
PAY00691,O00691,Net Banking,193432.8,Successful
PAY00692,O00692,Net Banking,49917.5,Successful
PAY00693,O00693,COD,4720.0,Refunded
PAY00694,O00694,Net Banking,60855.2,Paid
PAY00695,O00695,Net Banking,24424.0,Successful
PAY00696,O00696,Wallet,3041.6,Paid
PAY00697,O00697,Net Banking,90534.3,Successful
PAY00698,O00698,Wallet,44622.0,Failed
PAY00699,O00699,UPI,2124.0,Paid
PAY00700,O00700,Wallet,67813.0,Paid
PAY00701,O00701,Credit Card,21999.9,Paid
PAY00702,O00702,Credit Card,13815.9,Successful
PAY00703,O00703,COD,98367.0,Failed
PAY00704,O00704,UPI,7553.25,Successful
PAY00705,O00705,UPI,215515.25,Paid
PAY00706,O00706,Wallet,97116.75,Successful
PAY00707,O00707,Wallet,102390.2,Successful
PAY00708,O00708,UPI,328.0,Successful
PAY00709,O00709,UPI,9608.4,Refunded
PAY00710,O00710,COD,87395.0,Paid
PAY00711,O00711,COD,20057.0,Paid
PAY00712,O00712,COD,66245.0,Paid
PAY00713,O00713,UPI,4823.1,Refunded
PAY00714,O00714,Wallet,28779.3,Refunded
PAY00715,O00715,Debit Card,60677.6,Successful
PAY00716,O00716,UPI,470931.45,Successful
PAY00717,O00717,Wallet,2124.0,Paid
PAY00718,O00718,Credit Card,289911.6,Paid
PAY00719,O00719,COD,56485.95,Paid
PAY00720,O00720,Wallet,18614.0,Paid
PAY00721,O00721,Net Banking,49810.0,Paid
PAY00722,O00722,Net Banking,14053.0,Failed
PAY00723,O00723,Credit Card,20189.4,Successful
PAY00724,O00724,COD,29633.55,Paid
PAY00725,O00725,Wallet,70394.45,Successful
PAY00726,O00726,UPI,43305.2,Paid
PAY00727,O00727,UPI,42491.8,Paid
PAY00728,O00728,COD,2813.9,Refunded
PAY00729,O00729,Net Banking,22288.0,Successful
PAY00730,O00730,UPI,207677.1,Refunded
PAY00731,O00731,Wallet,343993.6,Paid
PAY00732,O00732,COD,47715.5,Paid
PAY00733,O00733,COD,31404.0,Paid
PAY00734,O00734,Credit Card,71835.7,Paid
PAY00735,O00735,Net Banking,281239.2,Paid
PAY00736,O00736,COD,310836.6,Paid
PAY00737,O00737,UPI,73247.6,Successful
PAY00738,O00738,COD,92372.8,Paid
PAY00739,O00739,Credit Card,68451.6,Paid
PAY00740,O00740,Wallet,131447.0,Paid
PAY00741,O00741,Debit Card,21588.75,Successful
PAY00742,O00742,Wallet,73875.4,Paid
PAY00743,O00743,UPI,20743.5,Paid
PAY00744,O00744,UPI,54980.0,Failed
PAY00745,O00745,Net Banking,133191.6,Paid
PAY00746,O00746,UPI,278504.45,Failed
PAY00747,O00747,Credit Card,26784.0,Paid
PAY00748,O00748,Wallet,173612.55,Refunded
PAY00749,O00749,COD,1310.7,Paid
PAY00750,O00750,Wallet,11971.2,Paid
PAY00751,O00751,Wallet,30396.6,Paid
PAY00752,O00752,COD,11140.2,Paid
PAY00753,O00753,UPI,12948.9,Refunded
PAY00754,O00754,Net Banking,1681.5,Paid
PAY00755,O00755,Credit Card,8969.0,Paid
PAY00756,O00756,UPI,289555.3,Failed
PAY00757,O00757,Credit Card,67853.25,Refunded
PAY00758,O00758,Wallet,87249.1,Refunded
PAY00759,O00759,COD,14583.45,Paid
PAY00760,O00760,Credit Card,17538.3,Refunded
PAY00761,O00761,Credit Card,11158.4,Refunded
PAY00762,O00762,UPI,30198.2,Paid
PAY00763,O00763,Wallet,52475.4,Refunded
PAY00764,O00764,UPI,10233.0,Paid
PAY00765,O00765,Wallet,781.15,Successful
PAY00766,O00766,Wallet,66270.3,Refunded
PAY00767,O00767,Credit Card,30413.0,Refunded
PAY00768,O00768,COD,2682.0,Successful
PAY00769,O00769,COD,158365.8,Paid
PAY00770,O00770,Net Banking,16641.15,Refunded
PAY00771,O00771,Net Banking,289139.25,Refunded
PAY00772,O00772,COD,144872.0,Paid
PAY00773,O00773,Credit Card,215544.0,Successful
PAY00774,O00774,UPI,205103.5,Paid
PAY00775,O00775,Credit Card,72943.2,Paid
PAY00776,O00776,COD,5665.0,Successful
PAY00777,O00777,Net Banking,231549.3,Paid
PAY00778,O00778,UPI,3322.8,Refunded
PAY00779,O00779,Debit Card,122431.05,Paid
PAY00780,O00780,COD,36718.0,Successful
PAY00781,O00781,Debit Card,31168.65,Successful
PAY00782,O00782,Debit Card,15057.6,Refunded
PAY00783,O00783,Credit Card,18282.0,Paid
PAY00784,O00784,Net Banking,12259.2,Paid
PAY00785,O00785,UPI,124503.0,Successful
PAY00786,O00786,COD,83196.0,Paid
PAY00787,O00787,Debit Card,30088.8,Paid
PAY00788,O00788,COD,10416.0,Paid
PAY00789,O00789,COD,14158.45,Successful
PAY00790,O00790,Credit Card,2769.0,Refunded
PAY00791,O00791,UPI,26155.3,Failed
PAY00792,O00792,COD,3322.8,Paid
PAY00793,O00793,UPI,153345.0,Paid
PAY00794,O00794,UPI,15539.7,Refunded
PAY00795,O00795,UPI,158532.6,Refunded
PAY00796,O00796,COD,133553.65,Paid
PAY00797,O00797,Credit Card,320156.15,Paid
PAY00798,O00798,COD,37228.0,Paid
PAY00799,O00799,Debit Card,2775.6,Refunded
PAY00800,O00800,UPI,49030.6,Refunded
PAY00801,O00801,COD,27319.8,Paid
PAY00802,O00802,UPI,24376.0,Successful
PAY00803,O00803,COD,113817.75,Refunded
PAY00804,O00804,Credit Card,222186.35,Paid
PAY00805,O00805,UPI,52864.2,Paid
PAY00806,O00806,UPI,270370.75,Successful
PAY00807,O00807,Debit Card,37228.0,Paid
PAY00808,O00808,UPI,12317.4,Paid
PAY00809,O00809,Debit Card,180762.2,Paid
PAY00810,O00810,Credit Card,27400.7,Successful
PAY00811,O00811,UPI,184014.0,Paid
PAY00812,O00812,COD,146270.55,Paid
PAY00813,O00813,Credit Card,7601.4,Paid
PAY00814,O00814,Wallet,13500.8,Paid
PAY00815,O00815,UPI,17639.55,Refunded
PAY00816,O00816,Net Banking,111693.6,Paid
PAY00817,O00817,Wallet,126319.3,Refunded
PAY00818,O00818,Net Banking,30213.0,Refunded
PAY00819,O00819,COD,4423.6,Failed
PAY00820,O00820,Wallet,35643.0,Refunded
PAY00821,O00821,Net Banking,155017.0,Paid
PAY00822,O00822,Debit Card,238323.45,Refunded
PAY00823,O00823,UPI,313101.1,Paid
PAY00824,O00824,UPI,2559.6,Successful
PAY00825,O00825,Credit Card,458.0,Refunded
PAY00826,O00826,Credit Card,34637.7,Paid
PAY00827,O00827,COD,70729.8,Paid
PAY00828,O00828,Credit Card,5547.05,Successful
PAY00829,O00829,UPI,170676.0,Refunded
PAY00830,O00830,Wallet,8985.0,Refunded
PAY00831,O00831,Net Banking,9733.2,Paid
PAY00832,O00832,UPI,22608.0,Paid
PAY00833,O00833,Credit Card,1066.5,Refunded
PAY00834,O00834,Net Banking,37704.9,Paid
PAY00835,O00835,Credit Card,8945.0,Successful
PAY00836,O00836,Wallet,312488.0,Paid
PAY00837,O00837,COD,89716.0,Paid
PAY00838,O00838,UPI,212855.6,Paid
PAY00839,O00839,Credit Card,43447.75,Paid
PAY00840,O00840,COD,12596.75,Paid
PAY00841,O00841,COD,129489.0,Refunded
PAY00842,O00842,Debit Card,90471.0,Paid
PAY00843,O00843,Net Banking,10760.0,Paid
PAY00844,O00844,Debit Card,228790.0,Successful
PAY00845,O00845,COD,12657.0,Paid
PAY00846,O00846,UPI,11916.0,Successful
PAY00847,O00847,Debit Card,8670.0,Paid
PAY00848,O00848,Wallet,6037.2,Successful
PAY00849,O00849,Net Banking,176381.7,Paid
PAY00850,O00850,Net Banking,3204.5,Paid
PAY00851,O00851,Credit Card,107772.0,Paid
PAY00852,O00852,Wallet,19542.0,Paid
PAY00853,O00853,UPI,163307.2,Failed
PAY00854,O00854,Credit Card,103992.0,Paid
PAY00855,O00855,Debit Card,226541.35,Refunded
PAY00856,O00856,COD,18684.8,Paid
PAY00857,O00857,Wallet,193072.8,Paid
PAY00858,O00858,UPI,178550.0,Paid
PAY00859,O00859,COD,37963.0,Refunded
PAY00860,O00860,UPI,34004.0,Paid
PAY00861,O00861,UPI,9167.85,Paid
PAY00862,O00862,Debit Card,12209.4,Successful
PAY00863,O00863,UPI,89991.0,Paid
PAY00864,O00864,Credit Card,20678.95,Paid
PAY00865,O00865,Credit Card,8886.0,Paid
PAY00866,O00866,Wallet,44973.9,Successful
PAY00867,O00867,COD,8546.4,Paid
PAY00868,O00868,COD,9496.0,Paid
PAY00869,O00869,UPI,4219.0,Paid
PAY00870,O00870,UPI,138838.55,Paid
PAY00871,O00871,Credit Card,56516.0,Refunded
PAY00872,O00872,Wallet,4328.0,Paid
PAY00873,O00873,Debit Card,101813.85,Refunded
PAY00874,O00874,Credit Card,61319.8,Paid
PAY00875,O00875,Net Banking,41108.0,Refunded
PAY00876,O00876,Net Banking,99568.8,Successful
PAY00877,O00877,Net Banking,252820.65,Failed
PAY00878,O00878,Credit Card,1746.0,Successful
PAY00879,O00879,UPI,193432.8,Successful
PAY00880,O00880,COD,232124.0,Paid
PAY00881,O00881,Net Banking,86312.25,Paid
PAY00882,O00882,Net Banking,24753.2,Refunded
PAY00883,O00883,UPI,116725.65,Paid
PAY00884,O00884,COD,187836.8,Failed
PAY00885,O00885,COD,6570.0,Paid
PAY00886,O00886,Debit Card,159022.2,Successful
PAY00887,O00887,Wallet,7798.55,Refunded
PAY00888,O00888,Wallet,7553.1,Paid
PAY00889,O00889,Debit Card,16453.8,Paid
PAY00890,O00890,UPI,366.4,Paid
PAY00891,O00891,Net Banking,27418.1,Paid
PAY00892,O00892,UPI,93192.6,Refunded
PAY00893,O00893,Wallet,36255.6,Paid
PAY00894,O00894,Credit Card,22870.95,Paid
PAY00895,O00895,UPI,107688.0,Paid
PAY00896,O00896,UPI,243323.3,Refunded
PAY00897,O00897,Wallet,151524.9,Paid
PAY00898,O00898,Wallet,76040.65,Refunded
PAY00899,O00899,Debit Card,163671.75,Failed
PAY00900,O00900,Debit Card,3473.1,Paid
PAY00901,O00901,Wallet,13821.0,Refunded
PAY00902,O00902,Debit Card,259134.4,Paid
PAY00903,O00903,UPI,73788.3,Paid
PAY00904,O00904,Debit Card,5710.4,Paid
PAY00905,O00905,Net Banking,4486.4,Refunded
PAY00906,O00906,COD,51115.0,Paid
PAY00907,O00907,Credit Card,405463.0,Paid
PAY00908,O00908,COD,48276.6,Successful
PAY00909,O00909,Credit Card,23245.8,Paid
PAY00910,O00910,COD,107772.0,Paid
PAY00911,O00911,UPI,41325.0,Paid
PAY00912,O00912,COD,17444.0,Successful
PAY00913,O00913,Net Banking,152893.2,Paid
PAY00914,O00914,Credit Card,92566.8,Paid
PAY00915,O00915,Debit Card,13110.0,Paid
PAY00916,O00916,UPI,6488.0,Paid
PAY00917,O00917,UPI,24634.8,Paid
PAY00918,O00918,UPI,202713.3,Paid
PAY00919,O00919,Credit Card,5976.3,Failed
PAY00920,O00920,Credit Card,64818.0,Refunded
PAY00921,O00921,UPI,265696.55,Successful
PAY00922,O00922,Net Banking,2397.6,Successful
PAY00923,O00923,UPI,20586.0,Successful
PAY00924,O00924,UPI,1130.0,Refunded
PAY00925,O00925,Wallet,9274.0,Paid
PAY00926,O00926,Net Banking,31941.6,Successful
PAY00927,O00927,COD,2421.0,Paid
PAY00928,O00928,Net Banking,110849.6,Paid
PAY00929,O00929,Wallet,55369.0,Paid
PAY00930,O00930,Wallet,26307.8,Paid
PAY00931,O00931,COD,179712.4,Successful
PAY00932,O00932,Credit Card,4495.5,Paid
PAY00933,O00933,COD,84740.0,Paid
PAY00934,O00934,COD,1121.0,Failed
PAY00935,O00935,COD,8774.4,Refunded
PAY00936,O00936,Net Banking,244148.4,Successful
PAY00937,O00937,COD,6303.0,Paid
PAY00938,O00938,Credit Card,3084.0,Refunded
PAY00939,O00939,Debit Card,14073.15,Refunded
PAY00940,O00940,Debit Card,23587.2,Failed
PAY00941,O00941,Debit Card,23764.0,Refunded
PAY00942,O00942,Net Banking,23670.0,Refunded
PAY00943,O00943,Credit Card,6361.2,Refunded
PAY00944,O00944,Net Banking,104905.9,Successful
PAY00945,O00945,Credit Card,20171.8,Paid
PAY00946,O00946,Credit Card,8859.0,Successful
PAY00947,O00947,Credit Card,5332.9,Successful
PAY00948,O00948,Credit Card,1941.3,Paid
PAY00949,O00949,Wallet,9722.3,Paid
PAY00950,O00950,Net Banking,18476.0,Paid
PAY00951,O00951,Wallet,8671.5,Refunded
PAY00952,O00952,Debit Card,74827.9,Refunded
PAY00953,O00953,COD,25633.45,Paid
PAY00954,O00954,UPI,166004.0,Refunded
PAY00955,O00955,Wallet,20059.2,Paid
PAY00956,O00956,Credit Card,156244.0,Paid
PAY00957,O00957,COD,13417.5,Paid
PAY00958,O00958,UPI,20085.1,Successful
PAY00959,O00959,UPI,353388.4,Refunded
PAY00960,O00960,Net Banking,89189.25,Refunded
PAY00961,O00961,Credit Card,32286.6,Successful
PAY00962,O00962,Credit Card,88023.15,Paid
PAY00963,O00963,Wallet,14707.2,Paid
PAY00964,O00964,COD,2421.0,Failed
PAY00965,O00965,Debit Card,369357.5,Paid
PAY00966,O00966,Wallet,1464.0,Failed
PAY00967,O00967,Debit Card,117269.4,Successful
PAY00968,O00968,UPI,37344.8,Refunded
PAY00969,O00969,Debit Card,143867.8,Successful
PAY00970,O00970,UPI,107011.8,Paid
PAY00971,O00971,Net Banking,109892.7,Paid
PAY00972,O00972,Net Banking,3308.4,Paid
PAY00973,O00973,Net Banking,30549.0,Paid
PAY00974,O00974,UPI,3665.3,Successful
PAY00975,O00975,Debit Card,29197.0,Successful
PAY00976,O00976,Net Banking,45417.6,Successful
PAY00977,O00977,Net Banking,9161.0,Paid
PAY00978,O00978,Debit Card,8647.2,Refunded
PAY00979,O00979,Net Banking,17397.8,Failed
PAY00980,O00980,UPI,132807.4,Refunded
PAY00981,O00981,UPI,9238.0,Paid
PAY00982,O00982,UPI,108162.0,Successful
PAY00983,O00983,UPI,4110.0,Paid
PAY00984,O00984,COD,59269.3,Paid
PAY00985,O00985,Wallet,18195.6,Paid
PAY00986,O00986,Wallet,42478.4,Paid
PAY00987,O00987,Debit Card,83705.15,Successful
PAY00988,O00988,Net Banking,13163.0,Paid
PAY00989,O00989,Net Banking,55848.6,Paid
PAY00990,O00990,Debit Card,344844.0,Paid
PAY00991,O00991,Credit Card,62928.4,Refunded
PAY00992,O00992,Debit Card,190562.8,Refunded
PAY00993,O00993,Net Banking,119164.0,Refunded
PAY00994,O00994,UPI,28160.75,Paid
PAY00995,O00995,UPI,288388.0,Paid
PAY00996,O00996,Credit Card,3164.4,Paid
PAY00997,O00997,COD,9796.4,Paid
PAY00998,O00998,COD,17844.9,Refunded
PAY00999,O00999,UPI,97814.15,Refunded
PAY01000,O01000,UPI,58056.3,Refunded
PAY01001,O01001,COD,151975.75,Refunded
PAY01002,O01002,Wallet,153402.8,Paid
PAY01003,O01003,UPI,26877.0,Paid
PAY01004,O01004,Credit Card,60861.9,Paid
PAY01005,O01005,Credit Card,87507.7,Refunded
PAY01006,O01006,Credit Card,19134.9,Successful
PAY01007,O01007,COD,6359.7,Paid
PAY01008,O01008,Credit Card,58306.0,Refunded
PAY01009,O01009,Credit Card,109026.0,Paid
PAY01010,O01010,Wallet,3083.7,Paid
PAY01011,O01011,UPI,12867.55,Refunded
PAY01012,O01012,Wallet,3090.6,Paid
PAY01013,O01013,Credit Card,388054.9,Paid
PAY01014,O01014,UPI,937.6,Paid
PAY01015,O01015,Debit Card,84595.05,Refunded
PAY01016,O01016,UPI,72569.0,Paid
PAY01017,O01017,Credit Card,22263.4,Successful
PAY01018,O01018,Net Banking,178117.8,Refunded
PAY01019,O01019,COD,3354.0,Paid
PAY01020,O01020,Wallet,63187.0,Paid
PAY01021,O01021,UPI,201554.3,Refunded
PAY01022,O01022,UPI,308732.4,Paid
PAY01023,O01023,Net Banking,5914.3,Paid
PAY01024,O01024,Wallet,156244.0,Failed
PAY01025,O01025,Credit Card,18976.75,Paid
PAY01026,O01026,Net Banking,4885.5,Refunded
PAY01027,O01027,UPI,21412.6,Paid
PAY01028,O01028,COD,2243.2,Refunded
PAY01029,O01029,Debit Card,4273.2,Paid
PAY01030,O01030,Credit Card,11220.0,Refunded
PAY01031,O01031,Wallet,8412.0,Paid
PAY01032,O01032,Debit Card,51899.4,Successful
PAY01033,O01033,Credit Card,326016.0,Successful
PAY01034,O01034,COD,55923.3,Paid
PAY01035,O01035,COD,88172.05,Paid
PAY01036,O01036,COD,2689.5,Paid
PAY01037,O01037,COD,323692.2,Refunded
PAY01038,O01038,Debit Card,1887.0,Paid
PAY01039,O01039,Net Banking,190881.0,Refunded
PAY01040,O01040,Credit Card,47124.45,Successful
PAY01041,O01041,COD,60322.55,Successful
PAY01042,O01042,UPI,112408.4,Successful
PAY01043,O01043,Wallet,145188.8,Paid
PAY01044,O01044,Net Banking,4885.5,Successful
PAY01045,O01045,Wallet,140301.6,Successful
PAY01046,O01046,UPI,21958.4,Refunded
PAY01047,O01047,Net Banking,2775.6,Refunded
PAY01048,O01048,Debit Card,60570.0,Paid
PAY01049,O01049,COD,335918.8,Refunded
PAY01050,O01050,Wallet,111181.35,Paid
PAY01051,O01051,Wallet,335627.6,Paid
PAY01052,O01052,Wallet,91404.0,Refunded
PAY01053,O01053,COD,242360.75,Paid
PAY01054,O01054,Debit Card,15998.7,Refunded
PAY01055,O01055,Debit Card,97159.35,Successful
PAY01056,O01056,COD,162802.0,Paid
PAY01057,O01057,Wallet,31521.0,Refunded
PAY01058,O01058,Wallet,149567.7,Paid
PAY01059,O01059,UPI,162942.1,Paid
PAY01060,O01060,Debit Card,341602.8,Refunded
PAY01061,O01061,Debit Card,21439.85,Refunded
PAY01062,O01062,Credit Card,15247.3,Refunded
PAY01063,O01063,Net Banking,168927.75,Refunded
PAY01064,O01064,Net Banking,124274.0,Failed
PAY01065,O01065,Debit Card,200922.4,Paid
PAY01066,O01066,COD,2360.0,Successful
PAY01067,O01067,Debit Card,69178.9,Paid
PAY01068,O01068,UPI,288300.0,Paid
PAY01069,O01069,Net Banking,3376.2,Refunded
PAY01070,O01070,Credit Card,92007.0,Paid
PAY01071,O01071,Debit Card,162680.0,Paid
PAY01072,O01072,COD,853.2,Successful
PAY01073,O01073,Net Banking,14871.6,Paid
PAY01074,O01074,UPI,13664.8,Paid
PAY01075,O01075,Credit Card,36255.6,Paid
PAY01076,O01076,COD,361422.3,Failed
PAY01077,O01077,COD,11871.0,Successful
PAY01078,O01078,UPI,36148.8,Refunded
PAY01079,O01079,Net Banking,2746.0,Paid
PAY01080,O01080,Wallet,13001.7,Paid
PAY01081,O01081,Debit Card,202770.35,Paid
PAY01082,O01082,UPI,126337.5,Refunded
PAY01083,O01083,UPI,57298.95,Paid
PAY01084,O01084,Debit Card,107114.15,Refunded
PAY01085,O01085,COD,9671.25,Refunded
PAY01086,O01086,Wallet,54098.7,Refunded
PAY01087,O01087,COD,3450.75,Paid
PAY01088,O01088,Credit Card,14924.3,Paid
PAY01089,O01089,COD,120126.4,Paid
PAY01090,O01090,Debit Card,14742.0,Paid
PAY01091,O01091,Debit Card,204901.5,Refunded
PAY01092,O01092,Net Banking,2522.25,Paid
PAY01093,O01093,Debit Card,151722.6,Successful
PAY01094,O01094,COD,184204.8,Refunded
PAY01095,O01095,Wallet,6735.0,Paid
PAY01096,O01096,Debit Card,2388.0,Refunded
PAY01097,O01097,Credit Card,324463.5,Paid
PAY01098,O01098,Net Banking,39200.3,Paid
PAY01099,O01099,Net Banking,123175.2,Paid
PAY01100,O01100,Credit Card,26022.5,Paid
PAY01101,O01101,COD,116141.6,Paid
PAY01102,O01102,Credit Card,84775.4,Refunded
PAY01103,O01103,Debit Card,9249.3,Paid
PAY01104,O01104,Debit Card,578.25,Paid
PAY01105,O01105,Net Banking,12758.4,Refunded
PAY01106,O01106,Credit Card,3774.0,Failed
PAY01107,O01107,UPI,107473.0,Paid
PAY01108,O01108,COD,23772.6,Paid
PAY01109,O01109,Debit Card,27163.5,Successful
PAY01110,O01110,COD,24892.2,Refunded
PAY01111,O01111,UPI,13130.5,Refunded
PAY01112,O01112,Net Banking,175257.0,Successful
PAY01113,O01113,Wallet,14991.3,Paid
PAY01114,O01114,UPI,30931.3,Successful
PAY01115,O01115,COD,83853.6,Failed
PAY01116,O01116,COD,5367.0,Failed
PAY01117,O01117,Wallet,184446.0,Paid
PAY01118,O01118,Net Banking,3084.0,Successful
PAY01119,O01119,Net Banking,11493.1,Refunded
PAY01120,O01120,UPI,14244.0,Successful
PAY01121,O01121,UPI,1285.2,Refunded
PAY01122,O01122,UPI,44576.0,Paid
PAY01123,O01123,UPI,27520.0,Paid
PAY01124,O01124,Wallet,43844.25,Paid
PAY01125,O01125,Net Banking,273383.8,Paid
PAY01126,O01126,Debit Card,39927.0,Successful
PAY01127,O01127,Wallet,13874.4,Successful
PAY01128,O01128,Credit Card,57019.0,Paid
PAY01129,O01129,UPI,8220.0,Refunded
PAY01130,O01130,Wallet,10302.0,Refunded
PAY01131,O01131,Wallet,211154.4,Paid
PAY01132,O01132,Credit Card,56105.6,Paid
PAY01133,O01133,Debit Card,3709.6,Successful
PAY01134,O01134,COD,9926.3,Paid
PAY01135,O01135,Debit Card,18283.4,Refunded
PAY01136,O01136,UPI,5710.4,Paid
PAY01137,O01137,UPI,12035.55,Paid
PAY01138,O01138,Debit Card,53731.0,Refunded
PAY01139,O01139,UPI,110632.0,Paid
PAY01140,O01140,Net Banking,140534.1,Successful
PAY01141,O01141,Wallet,273098.25,Paid
PAY01142,O01142,UPI,1167.9,Paid
PAY01143,O01143,Wallet,42667.8,Successful
PAY01144,O01144,Credit Card,2195.3,Successful
PAY01145,O01145,Debit Card,132807.4,Successful
PAY01146,O01146,Credit Card,180690.2,Failed
PAY01147,O01147,UPI,157182.75,Failed
PAY01148,O01148,UPI,265710.4,Successful
PAY01149,O01149,Debit Card,141695.85,Paid
PAY01150,O01150,COD,107692.4,Paid
PAY01151,O01151,COD,57585.6,Paid
PAY01152,O01152,Debit Card,79296.3,Paid
PAY01153,O01153,Net Banking,13518.8,Failed
PAY01154,O01154,UPI,13392.0,Paid
PAY01155,O01155,Wallet,56741.65,Successful
PAY01156,O01156,Wallet,10774.5,Successful
PAY01157,O01157,Wallet,56322.0,Paid
PAY01158,O01158,Wallet,132079.1,Refunded
PAY01159,O01159,Net Banking,20108.0,Paid
PAY01160,O01160,UPI,213863.2,Paid
PAY01161,O01161,Credit Card,18356.6,Refunded
PAY01162,O01162,COD,19691.1,Failed
PAY01163,O01163,Credit Card,20328.6,Paid
PAY01164,O01164,Wallet,71564.5,Successful
PAY01165,O01165,Net Banking,6004.8,Paid
PAY01166,O01166,Net Banking,5516.1,Successful
PAY01167,O01167,Net Banking,73097.75,Paid
PAY01168,O01168,Net Banking,8646.3,Refunded
PAY01169,O01169,COD,22508.3,Paid
PAY01170,O01170,Credit Card,5051.25,Failed
PAY01171,O01171,Debit Card,63296.6,Paid
PAY01172,O01172,Debit Card,6312.6,Refunded
PAY01173,O01173,Credit Card,67174.0,Successful
PAY01174,O01174,Wallet,325109.4,Paid
PAY01175,O01175,Net Banking,233836.0,Successful
PAY01176,O01176,Debit Card,20831.4,Refunded
PAY01177,O01177,Wallet,50644.7,Paid
PAY01178,O01178,Net Banking,223252.2,Refunded
PAY01179,O01179,COD,146573.45,Refunded
PAY01180,O01180,Debit Card,96377.95,Successful
PAY01181,O01181,COD,18944.8,Refunded
PAY01182,O01182,Net Banking,105707.0,Paid
PAY01183,O01183,Debit Card,15571.8,Refunded
PAY01184,O01184,UPI,12279.6,Paid
PAY01185,O01185,Debit Card,5261.1,Paid
PAY01186,O01186,Net Banking,14469.0,Paid
PAY01187,O01187,Debit Card,111072.1,Successful
PAY01188,O01188,COD,19656.0,Failed
PAY01189,O01189,Wallet,123495.3,Refunded
PAY01190,O01190,COD,5140.8,Paid
PAY01191,O01191,UPI,108384.35,Successful
PAY01192,O01192,Debit Card,258432.0,Paid
PAY01193,O01193,Credit Card,39812.4,Successful
PAY01194,O01194,Credit Card,72097.0,Paid
PAY01195,O01195,UPI,26292.2,Failed
PAY01196,O01196,COD,86111.0,Successful
PAY01197,O01197,Net Banking,24481.5,Successful
PAY01198,O01198,Credit Card,195439.6,Paid
PAY01199,O01199,Wallet,281577.6,Paid
PAY01200,O01200,Debit Card,8435.8,Paid
PAY01201,O01201,COD,36218.0,Successful
PAY01202,O01202,Wallet,11177.5,Refunded
PAY01203,O01203,Net Banking,231141.85,Paid
PAY01204,O01204,Net Banking,62542.2,Successful
PAY01205,O01205,Credit Card,3972.0,Refunded
PAY01206,O01206,COD,6346.0,Refunded
PAY01207,O01207,Wallet,148957.0,Paid
PAY01208,O01208,UPI,339495.8,Paid
PAY01209,O01209,UPI,68085.6,Successful
PAY01210,O01210,Credit Card,29743.2,Successful
PAY01211,O01211,Net Banking,27204.0,Successful
PAY01212,O01212,UPI,110248.0,Successful
PAY01213,O01213,Wallet,4740.0,Successful
PAY01214,O01214,Net Banking,34489.2,Refunded
PAY01215,O01215,Wallet,36562.4,Paid
PAY01216,O01216,Wallet,95089.8,Paid
PAY01217,O01217,UPI,6094.0,Paid
PAY01218,O01218,Wallet,20874.0,Refunded
PAY01219,O01219,Wallet,6262.2,Paid
PAY01220,O01220,Wallet,27856.8,Paid
PAY01221,O01221,Net Banking,422998.2,Refunded
PAY01222,O01222,COD,96998.2,Paid
PAY01223,O01223,Net Banking,13557.6,Paid
PAY01224,O01224,Credit Card,184762.8,Refunded
PAY01225,O01225,UPI,84041.55,Successful
PAY01226,O01226,Credit Card,166671.85,Paid
PAY01227,O01227,Net Banking,259573.15,Refunded
PAY01228,O01228,UPI,2821.5,Refunded
PAY01229,O01229,COD,5691.6,Successful
PAY01230,O01230,Debit Card,2775.6,Paid
PAY01231,O01231,Debit Card,15130.9,Refunded
PAY01232,O01232,Credit Card,71685.75,Paid
PAY01233,O01233,Credit Card,712.0,Paid
PAY01234,O01234,Debit Card,2206.6,Failed
PAY01235,O01235,Wallet,25796.5,Paid
PAY01236,O01236,Wallet,4140.9,Failed
PAY01237,O01237,Wallet,18623.4,Successful
PAY01238,O01238,COD,175877.9,Paid
PAY01239,O01239,COD,49698.2,Refunded
PAY01240,O01240,Wallet,17344.35,Refunded
PAY01241,O01241,Wallet,7847.2,Successful
PAY01242,O01242,Wallet,75229.8,Successful
PAY01243,O01243,Debit Card,92074.7,Paid
PAY01244,O01244,Wallet,5035.4,Paid
PAY01245,O01245,Net Banking,3680.8,Successful
PAY01246,O01246,UPI,1733.75,Paid
PAY01247,O01247,Net Banking,2666.25,Failed
PAY01248,O01248,Wallet,43675.65,Paid
PAY01249,O01249,COD,22029.1,Failed
PAY01250,O01250,COD,20879.1,Refunded
PAY01251,O01251,Net Banking,136597.8,Refunded
PAY01252,O01252,UPI,156256.5,Failed
PAY01253,O01253,Wallet,39927.0,Paid
PAY01254,O01254,Debit Card,14360.0,Refunded
PAY01255,O01255,Wallet,11886.4,Failed
PAY01256,O01256,Credit Card,2081.7,Successful
PAY01257,O01257,Debit Card,206413.0,Refunded
PAY01258,O01258,UPI,130896.75,Failed
PAY01259,O01259,Debit Card,111772.8,Successful
PAY01260,O01260,Debit Card,7546.8,Paid
PAY01261,O01261,Credit Card,34004.0,Paid
PAY01262,O01262,Wallet,1881.0,Successful
PAY01263,O01263,COD,62137.0,Successful
PAY01264,O01264,Credit Card,189268.8,Refunded
PAY01265,O01265,Debit Card,31521.0,Paid
PAY01266,O01266,Net Banking,315732.0,Paid
PAY01267,O01267,Credit Card,70342.5,Paid
PAY01268,O01268,Credit Card,10233.0,Paid
PAY01269,O01269,Net Banking,74628.0,Paid
PAY01270,O01270,UPI,54156.1,Paid
PAY01271,O01271,Wallet,28286.4,Paid
PAY01272,O01272,COD,217098.9,Paid
PAY01273,O01273,UPI,29515.8,Paid
PAY01274,O01274,UPI,865.6,Paid
PAY01275,O01275,COD,17470.9,Paid
PAY01276,O01276,UPI,3026.7,Refunded
PAY01277,O01277,Wallet,31138.8,Paid
PAY01278,O01278,Net Banking,2610.9,Paid
PAY01279,O01279,Debit Card,166051.5,Paid
PAY01280,O01280,Net Banking,43048.8,Successful
PAY01281,O01281,Credit Card,36536.8,Paid
PAY01282,O01282,Wallet,43447.75,Paid
PAY01283,O01283,Credit Card,158072.4,Failed
PAY01284,O01284,Credit Card,49868.8,Refunded
PAY01285,O01285,COD,85231.65,Refunded
PAY01286,O01286,UPI,146856.1,Paid
PAY01287,O01287,Credit Card,53956.2,Paid
PAY01288,O01288,COD,293321.1,Paid
PAY01289,O01289,Net Banking,26735.5,Successful
PAY01290,O01290,COD,18086.4,Paid
PAY01291,O01291,COD,215376.0,Paid
PAY01292,O01292,Debit Card,20468.0,Paid
PAY01293,O01293,COD,5789.3,Refunded
PAY01294,O01294,Debit Card,17683.3,Successful
PAY01295,O01295,COD,45216.0,Successful
PAY01296,O01296,Credit Card,6165.0,Paid
PAY01297,O01297,COD,33523.2,Refunded
PAY01298,O01298,Net Banking,27902.0,Refunded
PAY01299,O01299,COD,135172.8,Paid
PAY01300,O01300,Debit Card,590.4,Successful
PAY01301,O01301,Credit Card,107802.9,Successful
PAY01302,O01302,UPI,402546.0,Paid
PAY01303,O01303,Net Banking,19246.0,Paid
PAY01304,O01304,Wallet,45029.3,Paid
PAY01305,O01305,Debit Card,41872.0,Paid
PAY01306,O01306,Net Banking,65696.35,Refunded
PAY01307,O01307,Debit Card,38685.0,Paid
PAY01308,O01308,COD,4925.6,Paid
PAY01309,O01309,Net Banking,92045.7,Successful
PAY01310,O01310,UPI,42955.2,Paid
PAY01311,O01311,Net Banking,92696.8,Refunded
PAY01312,O01312,COD,241737.0,Paid
PAY01313,O01313,UPI,780.8,Successful
PAY01314,O01314,Credit Card,12188.0,Successful
PAY01315,O01315,Debit Card,339280.0,Successful
PAY01316,O01316,Wallet,21173.6,Refunded
PAY01317,O01317,COD,248548.0,Successful
PAY01318,O01318,Credit Card,387586.0,Paid
PAY01319,O01319,Debit Card,70232.9,Refunded
PAY01320,O01320,Debit Card,8155.75,Successful
PAY01321,O01321,Credit Card,48594.0,Paid
PAY01322,O01322,Credit Card,52657.15,Refunded
PAY01323,O01323,Wallet,100981.2,Refunded
PAY01324,O01324,Credit Card,227184.0,Paid
PAY01325,O01325,COD,55704.95,Failed
PAY01326,O01326,Net Banking,161603.4,Paid
PAY01327,O01327,COD,70071.5,Failed
PAY01328,O01328,Wallet,56704.0,Paid
PAY01329,O01329,COD,20432.0,Refunded
PAY01330,O01330,COD,205203.2,Paid
PAY01331,O01331,Wallet,6026.4,Paid
PAY01332,O01332,Credit Card,86923.2,Paid
PAY01333,O01333,UPI,23464.0,Failed
PAY01334,O01334,UPI,2596.0,Refunded
PAY01335,O01335,Wallet,11771.2,Paid
PAY01336,O01336,Credit Card,291908.85,Paid
PAY01337,O01337,UPI,290575.2,Paid
PAY01338,O01338,Net Banking,307102.8,Paid
PAY01339,O01339,UPI,64548.0,Paid
PAY01340,O01340,Debit Card,15324.0,Paid
PAY01341,O01341,Wallet,19512.0,Successful
PAY01342,O01342,Wallet,79242.0,Paid
PAY01343,O01343,Credit Card,4653.75,Paid
PAY01344,O01344,Net Banking,2099.2,Paid
PAY01345,O01345,UPI,35422.3,Successful
PAY01346,O01346,Net Banking,25642.0,Successful
PAY01347,O01347,Debit Card,47281.5,Failed
PAY01348,O01348,COD,34258.4,Paid
PAY01349,O01349,UPI,18476.0,Paid
PAY01350,O01350,Credit Card,3619.2,Paid
PAY01351,O01351,Wallet,23356.0,Successful
PAY01352,O01352,UPI,82686.0,Successful
PAY01353,O01353,Credit Card,187406.4,Paid
PAY01354,O01354,Net Banking,10094.4,Paid
PAY01355,O01355,Credit Card,81908.8,Paid
PAY01356,O01356,Net Banking,251180.55,Successful
PAY01357,O01357,Debit Card,11988.0,Paid
PAY01358,O01358,Net Banking,42597.0,Paid
PAY01359,O01359,Wallet,48349.25,Refunded
PAY01360,O01360,Credit Card,31856.8,Paid
PAY01361,O01361,UPI,120531.0,Paid
PAY01362,O01362,Credit Card,260655.4,Refunded
PAY01363,O01363,Credit Card,64744.5,Refunded
PAY01364,O01364,Credit Card,49824.4,Refunded
PAY01365,O01365,Debit Card,13827.0,Paid
PAY01366,O01366,Net Banking,391761.6,Successful
PAY01367,O01367,Net Banking,6209.0,Paid
PAY01368,O01368,UPI,105658.2,Paid
PAY01369,O01369,COD,70204.0,Paid
PAY01370,O01370,COD,8130.0,Failed
PAY01371,O01371,UPI,9853.2,Successful
PAY01372,O01372,Wallet,22629.45,Paid
PAY01373,O01373,Debit Card,117651.0,Refunded
PAY01374,O01374,COD,20394.0,Successful
PAY01375,O01375,COD,6260.0,Failed
PAY01376,O01376,Credit Card,45018.0,Paid
PAY01377,O01377,Credit Card,25219.4,Paid
PAY01378,O01378,Credit Card,228930.8,Paid
PAY01379,O01379,Credit Card,66026.3,Paid
PAY01380,O01380,Debit Card,76208.4,Paid
PAY01381,O01381,Wallet,1910.4,Paid
PAY01382,O01382,Wallet,3574.8,Paid
PAY01383,O01383,UPI,4627.2,Successful
PAY01384,O01384,COD,18678.75,Paid
PAY01385,O01385,Debit Card,5373.0,Paid
PAY01386,O01386,Credit Card,3555.0,Paid
PAY01387,O01387,Net Banking,24904.8,Paid
PAY01388,O01388,Wallet,21318.0,Successful
PAY01389,O01389,Net Banking,10835.7,Paid
PAY01390,O01390,Net Banking,300316.0,Refunded
PAY01391,O01391,COD,1904.0,Paid
PAY01392,O01392,Debit Card,155115.0,Paid
PAY01393,O01393,Wallet,285356.65,Paid
PAY01394,O01394,Debit Card,15208.0,Refunded
PAY01395,O01395,Wallet,95851.6,Successful
PAY01396,O01396,Debit Card,6497.0,Successful
PAY01397,O01397,UPI,155064.6,Paid
PAY01398,O01398,Credit Card,41550.7,Paid
PAY01399,O01399,Debit Card,195358.5,Refunded
PAY01400,O01400,COD,17226.9,Successful
PAY01401,O01401,Credit Card,14889.45,Paid
PAY01402,O01402,Wallet,162942.1,Paid
PAY01403,O01403,Credit Card,35017.6,Paid
PAY01404,O01404,Credit Card,17892.8,Successful
PAY01405,O01405,Debit Card,26955.0,Paid
PAY01406,O01406,COD,59073.3,Successful
PAY01407,O01407,Credit Card,300498.4,Refunded
PAY01408,O01408,COD,28763.1,Refunded
PAY01409,O01409,Net Banking,122676.0,Paid
PAY01410,O01410,Debit Card,21747.05,Failed
PAY01411,O01411,Wallet,17768.8,Paid
PAY01412,O01412,UPI,3212.1,Paid
PAY01413,O01413,Credit Card,328883.45,Paid
PAY01414,O01414,COD,25007.7,Paid
PAY01415,O01415,COD,1839.4,Refunded
PAY01416,O01416,Wallet,31970.8,Successful
PAY01417,O01417,Credit Card,227491.3,Successful
PAY01418,O01418,Credit Card,3762.0,Refunded
PAY01419,O01419,Wallet,18189.2,Paid
PAY01420,O01420,Wallet,976.0,Successful
PAY01421,O01421,Debit Card,31760.4,Paid
PAY01422,O01422,Credit Card,3577.6,Successful
PAY01423,O01423,Wallet,44713.6,Paid
PAY01424,O01424,COD,2269.5,Paid
PAY01425,O01425,Net Banking,5108.0,Paid
PAY01426,O01426,Credit Card,84873.95,Paid
PAY01427,O01427,Wallet,65159.5,Refunded
PAY01428,O01428,UPI,73134.1,Paid
PAY01429,O01429,Credit Card,2522.25,Successful
PAY01430,O01430,Credit Card,18127.8,Failed
PAY01431,O01431,Net Banking,35940.0,Paid
PAY01432,O01432,Net Banking,163880.2,Refunded
PAY01433,O01433,Net Banking,193.5,Paid
PAY01434,O01434,COD,190171.4,Successful
PAY01435,O01435,UPI,185917.2,Successful
PAY01436,O01436,Wallet,63644.25,Paid
PAY01437,O01437,COD,104914.2,Refunded
PAY01438,O01438,Wallet,41559.95,Paid
PAY01439,O01439,Wallet,8594.0,Paid
PAY01440,O01440,COD,4155.9,Successful
PAY01441,O01441,Wallet,288388.0,Paid
PAY01442,O01442,Credit Card,40656.4,Paid
PAY01443,O01443,Debit Card,2804.0,Successful
PAY01444,O01444,Credit Card,57541.5,Paid
PAY01445,O01445,COD,27191.7,Refunded
PAY01446,O01446,Debit Card,5436.6,Paid
PAY01447,O01447,Credit Card,3577.6,Refunded
PAY01448,O01448,UPI,4361.0,Paid
PAY01449,O01449,UPI,17271.0,Successful
PAY01450,O01450,UPI,158651.8,Paid
PAY01451,O01451,UPI,102547.5,Paid
PAY01452,O01452,COD,47832.0,Paid
PAY01453,O01453,Credit Card,26812.8,Paid
PAY01454,O01454,UPI,129225.6,Refunded
PAY01455,O01455,Credit Card,105827.55,Paid
PAY01456,O01456,Wallet,6171.2,Refunded
PAY01457,O01457,Credit Card,2191.3,Paid
PAY01458,O01458,COD,5862.6,Paid
PAY01459,O01459,COD,63915.2,Paid
PAY01460,O01460,Net Banking,30960.0,Paid
PAY01461,O01461,COD,27256.5,Paid
PAY01462,O01462,Debit Card,184675.5,Successful
PAY01463,O01463,Net Banking,100781.75,Paid
PAY01464,O01464,Net Banking,8950.6,Paid
PAY01465,O01465,UPI,87516.0,Paid
PAY01466,O01466,Debit Card,30520.8,Refunded
PAY01467,O01467,COD,41587.2,Paid
PAY01468,O01468,Debit Card,2624.0,Refunded
PAY01469,O01469,Net Banking,82005.7,Paid
PAY01470,O01470,COD,732.45,Failed
PAY01471,O01471,UPI,207274.5,Refunded
PAY01472,O01472,Credit Card,228076.0,Failed
PAY01473,O01473,Net Banking,19420.8,Successful
PAY01474,O01474,Debit Card,9527.0,Refunded
PAY01475,O01475,UPI,9626.7,Refunded
PAY01476,O01476,Wallet,2978.25,Successful
PAY01477,O01477,COD,66628.0,Paid
PAY01478,O01478,Net Banking,16374.4,Refunded
PAY01479,O01479,UPI,9048.0,Failed
PAY01480,O01480,Net Banking,43372.8,Paid
PAY01481,O01481,UPI,21951.0,Successful
PAY01482,O01482,UPI,187843.6,Paid
PAY01483,O01483,Debit Card,138010.5,Failed
PAY01484,O01484,Credit Card,60355.8,Paid
PAY01485,O01485,Debit Card,40988.0,Paid
PAY01486,O01486,Net Banking,350571.4,Failed
PAY01487,O01487,Credit Card,13301.7,Refunded
PAY01488,O01488,Wallet,160871.4,Successful
PAY01489,O01489,UPI,10234.0,Refunded
PAY01490,O01490,Credit Card,101201.2,Paid
PAY01491,O01491,UPI,6097.5,Refunded
PAY01492,O01492,COD,5892.85,Paid
PAY01493,O01493,Wallet,21164.5,Paid
PAY01494,O01494,Net Banking,313464.2,Paid
PAY01495,O01495,Net Banking,11605.5,Successful
PAY01496,O01496,Net Banking,8985.0,Refunded
PAY01497,O01497,Net Banking,231937.8,Refunded
PAY01498,O01498,Wallet,185674.2,Paid
PAY01499,O01499,Net Banking,22608.0,Paid
PAY01500,O01500,Debit Card,46484.0,Paid
PAY01501,O01501,Wallet,59582.0,Paid
PAY01502,O01502,UPI,12286.35,Paid
PAY01503,O01503,UPI,22444.8,Paid
PAY01504,O01504,Wallet,3801.2,Paid
PAY01505,O01505,Credit Card,8829.0,Successful
PAY01506,O01506,Debit Card,8407.8,Paid
PAY01507,O01507,Net Banking,208968.0,Paid
PAY01508,O01508,Net Banking,26497.45,Paid
PAY01509,O01509,UPI,3089.25,Refunded
PAY01510,O01510,Net Banking,1532.25,Failed
PAY01511,O01511,COD,38668.5,Paid
PAY01512,O01512,Credit Card,9772.3,Paid
PAY01513,O01513,Credit Card,4098.3,Refunded
PAY01514,O01514,Wallet,7604.0,Paid
PAY01515,O01515,Credit Card,927.2,Successful
PAY01516,O01516,Net Banking,184103.3,Refunded
PAY01517,O01517,Credit Card,28323.6,Paid
PAY01518,O01518,Credit Card,102349.1,Paid
PAY01519,O01519,Debit Card,124274.0,Paid
PAY01520,O01520,UPI,8951.4,Paid
PAY01521,O01521,Debit Card,122880.85,Refunded
PAY01522,O01522,Debit Card,289465.2,Refunded
PAY01523,O01523,UPI,21897.6,Refunded
PAY01524,O01524,Net Banking,6424.2,Successful
PAY01525,O01525,Debit Card,81020.0,Refunded
PAY01526,O01526,COD,302104.0,Successful
PAY01527,O01527,Net Banking,128682.3,Paid
PAY01528,O01528,UPI,238905.4,Failed
PAY01529,O01529,UPI,14305.5,Paid
PAY01530,O01530,Debit Card,181579.4,Paid
PAY01531,O01531,UPI,8786.0,Successful
PAY01532,O01532,Credit Card,143721.75,Paid
PAY01533,O01533,Net Banking,57541.05,Paid
PAY01534,O01534,COD,4720.0,Refunded
PAY01535,O01535,Credit Card,114038.0,Paid
PAY01536,O01536,Debit Card,236433.6,Paid
PAY01537,O01537,Debit Card,2596.0,Refunded
PAY01538,O01538,UPI,162243.0,Refunded
PAY01539,O01539,Credit Card,254220.5,Successful
PAY01540,O01540,COD,142200.9,Successful
PAY01541,O01541,Credit Card,201570.55,Paid
PAY01542,O01542,Debit Card,17338.9,Paid
PAY01543,O01543,Wallet,15582.2,Paid
PAY01544,O01544,Wallet,61197.1,Failed
PAY01545,O01545,Wallet,131978.05,Paid
PAY01546,O01546,COD,184762.8,Successful
PAY01547,O01547,Debit Card,2012.8,Successful
PAY01548,O01548,Debit Card,46407.6,Successful
PAY01549,O01549,Debit Card,160871.4,Paid
PAY01550,O01550,Wallet,204442.6,Paid
PAY01551,O01551,UPI,19725.0,Paid
PAY01552,O01552,Wallet,231154.5,Paid
PAY01553,O01553,Credit Card,8758.5,Refunded
PAY01554,O01554,UPI,14557.8,Refunded
PAY01555,O01555,Debit Card,95608.0,Paid
PAY01556,O01556,Net Banking,801.0,Refunded
PAY01557,O01557,COD,2813.9,Paid
PAY01558,O01558,UPI,24945.9,Paid
PAY01559,O01559,Wallet,9695.1,Paid
PAY01560,O01560,Wallet,162978.85,Paid
PAY01561,O01561,Credit Card,321.3,Refunded
PAY01562,O01562,COD,323392.5,Paid
PAY01563,O01563,Wallet,259425.6,Paid
PAY01564,O01564,UPI,108099.7,Paid
PAY01565,O01565,Credit Card,51588.6,Paid
PAY01566,O01566,Credit Card,237720.0,Refunded
PAY01567,O01567,Wallet,192216.05,Paid
PAY01568,O01568,Debit Card,194973.1,Successful
PAY01569,O01569,UPI,302919.7,Refunded
PAY01570,O01570,UPI,189437.5,Refunded
PAY01571,O01571,Net Banking,127766.4,Refunded
PAY01572,O01572,Credit Card,321628.0,Paid
PAY01573,O01573,Net Banking,45232.2,Paid
PAY01574,O01574,UPI,1921.0,Paid
PAY01575,O01575,Net Banking,133963.8,Paid
PAY01576,O01576,Credit Card,246093.15,Successful
PAY01577,O01577,UPI,259924.0,Paid
PAY01578,O01578,Debit Card,19706.5,Successful
PAY01579,O01579,UPI,27747.9,Paid
PAY01580,O01580,Net Banking,3017.65,Failed
PAY01581,O01581,UPI,34713.6,Failed
PAY01582,O01582,COD,16761.2,Paid
PAY01583,O01583,Net Banking,2360.0,Refunded
PAY01584,O01584,Credit Card,215499.0,Successful
PAY01585,O01585,Net Banking,403095.7,Paid
PAY01586,O01586,Net Banking,87192.6,Paid
PAY01587,O01587,Net Banking,34231.7,Failed
PAY01588,O01588,Debit Card,116264.4,Paid
PAY01589,O01589,COD,8207.2,Refunded
PAY01590,O01590,COD,30492.9,Successful
PAY01591,O01591,UPI,412.8,Paid
PAY01592,O01592,Net Banking,590.4,Successful
PAY01593,O01593,UPI,56270.0,Refunded
PAY01594,O01594,UPI,30972.4,Paid
PAY01595,O01595,COD,75228.0,Refunded
PAY01596,O01596,COD,199670.4,Paid
PAY01597,O01597,UPI,1298.0,Paid
PAY01598,O01598,Net Banking,112817.2,Refunded
PAY01599,O01599,COD,38685.0,Refunded
PAY01600,O01600,Debit Card,21020.4,Paid
PAY01601,O01601,Debit Card,151449.0,Failed
PAY01602,O01602,UPI,33587.0,Successful
PAY01603,O01603,Debit Card,15802.2,Failed
PAY01604,O01604,Credit Card,180425.25,Successful
PAY01605,O01605,Credit Card,2191.3,Failed
PAY01606,O01606,Debit Card,21459.5,Refunded
PAY01607,O01607,COD,7459.5,Paid
PAY01608,O01608,COD,169296.55,Successful
PAY01609,O01609,COD,103188.4,Paid
PAY01610,O01610,COD,1705.6,Successful
PAY01611,O01611,UPI,14312.0,Successful
PAY01612,O01612,Debit Card,27131.35,Refunded
PAY01613,O01613,Wallet,33711.2,Successful
PAY01614,O01614,COD,181395.9,Successful
PAY01615,O01615,Credit Card,62125.7,Paid
PAY01616,O01616,Debit Card,312488.0,Refunded
PAY01617,O01617,Wallet,79425.6,Paid
PAY01618,O01618,COD,433110.6,Refunded
PAY01619,O01619,Debit Card,21040.0,Paid
PAY01620,O01620,Credit Card,12228.0,Failed
PAY01621,O01621,Net Banking,2761.0,Paid
PAY01622,O01622,Debit Card,57762.2,Paid
PAY01623,O01623,COD,7482.0,Refunded
PAY01624,O01624,Credit Card,110248.0,Paid
PAY01625,O01625,UPI,10216.0,Paid
PAY01626,O01626,Debit Card,14299.2,Paid
PAY01627,O01627,Wallet,52509.6,Successful
PAY01628,O01628,Debit Card,78122.0,Refunded
PAY01629,O01629,Wallet,275932.95,Paid
PAY01630,O01630,Debit Card,8754.4,Paid
PAY01631,O01631,COD,16563.6,Failed
PAY01632,O01632,Wallet,12746.25,Paid
PAY01633,O01633,COD,6274.0,Paid
PAY01634,O01634,Credit Card,201960.1,Refunded
PAY01635,O01635,COD,15864.1,Refunded
PAY01636,O01636,COD,16833.6,Refunded
PAY01637,O01637,Credit Card,30549.0,Refunded
PAY01638,O01638,UPI,9064.0,Paid
PAY01639,O01639,Net Banking,14382.4,Failed
PAY01640,O01640,Net Banking,22104.2,Refunded
PAY01641,O01641,COD,3361.6,Paid
PAY01642,O01642,Debit Card,97180.0,Failed
PAY01643,O01643,Net Banking,240620.05,Paid
PAY01644,O01644,Credit Card,17890.0,Refunded
PAY01645,O01645,COD,38211.3,Failed
PAY01646,O01646,COD,51115.0,Paid
PAY01647,O01647,Net Banking,59367.0,Refunded
PAY01648,O01648,UPI,41014.1,Successful
PAY01649,O01649,Net Banking,28056.0,Failed
PAY01650,O01650,UPI,273383.8,Paid
PAY01651,O01651,Credit Card,103275.9,Paid
PAY01652,O01652,UPI,123434.0,Refunded
PAY01653,O01653,Credit Card,13760.0,Failed
PAY01654,O01654,Net Banking,3354.3,Paid
PAY01655,O01655,Net Banking,15352.0,Refunded
PAY01656,O01656,UPI,12657.0,Refunded
PAY01657,O01657,Net Banking,115121.1,Paid
PAY01658,O01658,Debit Card,232273.4,Successful
PAY01659,O01659,Debit Card,3363.0,Paid
PAY01660,O01660,Net Banking,811.5,Paid
PAY01661,O01661,COD,4266.0,Refunded
PAY01662,O01662,Debit Card,98947.6,Paid
PAY01663,O01663,UPI,22766.4,Failed
PAY01664,O01664,UPI,179758.6,Paid
PAY01665,O01665,UPI,14276.0,Paid
PAY01666,O01666,Credit Card,88862.0,Paid
PAY01667,O01667,Wallet,179697.3,Failed
PAY01668,O01668,Wallet,455811.5,Paid
PAY01669,O01669,Debit Card,286376.8,Paid
PAY01670,O01670,Debit Card,3492.2,Paid
PAY01671,O01671,UPI,244720.5,Paid
PAY01672,O01672,Wallet,22307.4,Paid
PAY01673,O01673,Wallet,109027.8,Failed
PAY01674,O01674,UPI,111236.15,Paid
PAY01675,O01675,Wallet,94639.0,Failed
PAY01676,O01676,COD,116062.0,Failed
PAY01677,O01677,Net Banking,4105.6,Refunded
PAY01678,O01678,Net Banking,58688.25,Paid
PAY01679,O01679,Debit Card,79371.0,Paid
PAY01680,O01680,Credit Card,122951.2,Successful
PAY01681,O01681,Wallet,5032.0,Successful
PAY01682,O01682,Debit Card,39849.2,Refunded
PAY01683,O01683,Debit Card,68919.4,Successful
PAY01684,O01684,UPI,99380.3,Paid
PAY01685,O01685,Net Banking,215376.0,Paid
PAY01686,O01686,Debit Card,83245.9,Paid
PAY01687,O01687,Credit Card,14276.0,Successful
PAY01688,O01688,Debit Card,165969.3,Successful
PAY01689,O01689,Debit Card,95581.7,Refunded
PAY01690,O01690,UPI,22404.8,Refunded
PAY01691,O01691,Wallet,129245.9,Paid
PAY01692,O01692,Debit Card,53032.0,Refunded
PAY01693,O01693,Wallet,840.75,Failed
PAY01694,O01694,COD,136845.6,Paid
PAY01695,O01695,Wallet,3820.8,Paid
PAY01696,O01696,COD,3504.6,Paid
PAY01697,O01697,Credit Card,162816.0,Paid
PAY01698,O01698,Wallet,2737.5,Refunded
PAY01699,O01699,Net Banking,1947.6,Paid
PAY01700,O01700,Net Banking,169640.0,Paid
PAY01701,O01701,COD,25720.8,Successful
PAY01702,O01702,COD,8281.8,Successful
PAY01703,O01703,COD,53846.55,Failed
PAY01704,O01704,Credit Card,67098.0,Refunded
PAY01705,O01705,Net Banking,53783.7,Successful
PAY01706,O01706,Wallet,2124.2,Refunded
PAY01707,O01707,COD,96805.65,Failed
PAY01708,O01708,Net Banking,380097.4,Failed
PAY01709,O01709,Wallet,41233.4,Successful
PAY01710,O01710,Net Banking,39976.8,Paid
PAY01711,O01711,Wallet,2566.0,Successful
PAY01712,O01712,Wallet,8438.0,Successful
PAY01713,O01713,Debit Card,65637.0,Refunded
PAY01714,O01714,Net Banking,77240.1,Paid
PAY01715,O01715,COD,25503.0,Refunded
PAY01716,O01716,Debit Card,8987.0,Successful
PAY01717,O01717,Net Banking,20586.0,Paid
PAY01718,O01718,COD,10264.0,Successful
PAY01719,O01719,Net Banking,15702.0,Successful
PAY01720,O01720,Net Banking,6094.0,Failed
PAY01721,O01721,Wallet,8978.4,Paid
PAY01722,O01722,UPI,5117.0,Successful
PAY01723,O01723,Debit Card,50260.6,Paid
PAY01724,O01724,Wallet,21588.75,Successful
PAY01725,O01725,COD,1849.5,Paid
PAY01726,O01726,Credit Card,75024.1,Paid
PAY01727,O01727,Net Banking,82061.1,Paid
PAY01728,O01728,Credit Card,1195.1,Paid
PAY01729,O01729,Debit Card,211028.4,Successful
PAY01730,O01730,Debit Card,2017.5,Paid
PAY01731,O01731,Wallet,41172.0,Failed
PAY01732,O01732,Net Banking,155757.0,Successful
PAY01733,O01733,COD,49690.15,Refunded
PAY01734,O01734,COD,2608.7,Refunded
PAY01735,O01735,Net Banking,28468.8,Refunded
PAY01736,O01736,Net Banking,34863.0,Refunded
PAY01737,O01737,UPI,91130.4,Successful
PAY01738,O01738,Credit Card,30492.9,Refunded
PAY01739,O01739,Wallet,53625.6,Paid
PAY01740,O01740,Debit Card,9526.6,Successful
PAY01741,O01741,UPI,7807.5,Paid
PAY01742,O01742,Credit Card,4272.5,Paid
PAY01743,O01743,Net Banking,357364.0,Failed
PAY01744,O01744,Credit Card,61005.0,Refunded
PAY01745,O01745,UPI,2979.0,Paid
PAY01746,O01746,Credit Card,37963.0,Paid
PAY01747,O01747,Wallet,17764.4,Paid
PAY01748,O01748,COD,126084.0,Successful
PAY01749,O01749,Wallet,5327.6,Paid
PAY01750,O01750,Wallet,138010.5,Paid
PAY01751,O01751,Credit Card,45181.0,Failed
PAY01752,O01752,COD,171098.1,Paid
PAY01753,O01753,Debit Card,8412.0,Successful
PAY01754,O01754,Net Banking,2366.0,Paid
PAY01755,O01755,UPI,68213.1,Paid
PAY01756,O01756,Net Banking,15150.15,Paid
PAY01757,O01757,Net Banking,145111.0,Paid
PAY01758,O01758,Wallet,208608.3,Failed
PAY01759,O01759,Net Banking,211996.0,Failed
PAY01760,O01760,Credit Card,5498.3,Paid
PAY01761,O01761,Debit Card,157239.15,Paid
PAY01762,O01762,Credit Card,30213.0,Refunded
PAY01763,O01763,Debit Card,1881.0,Failed
PAY01764,O01764,COD,714.0,Successful
PAY01765,O01765,Debit Card,21468.0,Successful
PAY01766,O01766,UPI,322286.7,Refunded
PAY01767,O01767,COD,28903.4,Successful
PAY01768,O01768,Net Banking,65684.2,Paid
PAY01769,O01769,UPI,24664.8,Successful
PAY01770,O01770,Credit Card,34400.0,Paid
PAY01771,O01771,COD,22921.95,Paid
PAY01772,O01772,COD,226745.7,Refunded
PAY01773,O01773,Net Banking,326266.8,Paid
PAY01774,O01774,Debit Card,68333.4,Paid
PAY01775,O01775,Net Banking,38763.6,Refunded
PAY01776,O01776,Debit Card,38835.8,Paid
PAY01777,O01777,COD,4180.0,Paid
PAY01778,O01778,UPI,43849.8,Successful
PAY01779,O01779,Credit Card,258143.4,Refunded
PAY01780,O01780,Wallet,8874.9,Successful
PAY01781,O01781,Net Banking,10993.05,Paid
PAY01782,O01782,Debit Card,14279.25,Paid
PAY01783,O01783,COD,74337.2,Refunded
PAY01784,O01784,COD,160228.8,Successful
PAY01785,O01785,Credit Card,20785.05,Successful
PAY01786,O01786,UPI,157256.1,Paid
PAY01787,O01787,Wallet,5331.6,Paid
PAY01788,O01788,Credit Card,169746.0,Refunded
PAY01789,O01789,UPI,51235.0,Paid
PAY01790,O01790,Net Banking,51999.6,Refunded
PAY01791,O01791,Net Banking,3450.75,Failed
PAY01792,O01792,UPI,18067.4,Paid
PAY01793,O01793,COD,48868.8,Successful
PAY01794,O01794,UPI,9472.4,Refunded
PAY01795,O01795,Net Banking,185066.9,Failed
PAY01796,O01796,UPI,44525.0,Paid
PAY01797,O01797,Debit Card,106621.8,Paid
PAY01798,O01798,Wallet,32746.6,Failed
PAY01799,O01799,Net Banking,30429.0,Paid
PAY01800,O01800,COD,3132.0,Paid
PAY01801,O01801,Credit Card,28641.5,Paid
PAY01802,O01802,UPI,12228.0,Paid
PAY01803,O01803,UPI,2197.35,Successful
PAY01804,O01804,UPI,49373.6,Paid
PAY01805,O01805,UPI,38733.7,Refunded
PAY01806,O01806,Credit Card,51136.5,Paid
PAY01807,O01807,Net Banking,152729.4,Failed
PAY01808,O01808,Wallet,11368.2,Paid
PAY01809,O01809,Net Banking,37408.0,Paid
PAY01810,O01810,Debit Card,57218.4,Paid
PAY01811,O01811,Net Banking,6463.4,Paid
PAY01812,O01812,UPI,6015.0,Paid
PAY01813,O01813,Net Banking,1258.0,Paid
PAY01814,O01814,Debit Card,82686.0,Paid
PAY01815,O01815,Debit Card,78551.7,Paid
PAY01816,O01816,Credit Card,129.0,Failed
PAY01817,O01817,Credit Card,178917.8,Paid
PAY01818,O01818,Debit Card,202037.4,Paid
PAY01819,O01819,Net Banking,656.0,Paid
PAY01820,O01820,Wallet,292083.25,Paid
PAY01821,O01821,Debit Card,12710.4,Refunded
PAY01822,O01822,Net Banking,1298.0,Paid
PAY01823,O01823,UPI,72319.65,Paid
PAY01824,O01824,Net Banking,181603.35,Paid
PAY01825,O01825,Credit Card,2008.6,Successful
PAY01826,O01826,Wallet,8583.3,Paid
PAY01827,O01827,COD,107760.05,Successful
PAY01828,O01828,Debit Card,4443.0,Paid
PAY01829,O01829,UPI,30831.0,Successful
PAY01830,O01830,Debit Card,37452.5,Paid
PAY01831,O01831,Credit Card,465.6,Refunded
PAY01832,O01832,Credit Card,83140.2,Paid
PAY01833,O01833,Wallet,66971.6,Paid
PAY01834,O01834,UPI,390292.0,Failed
PAY01835,O01835,Net Banking,151852.0,Refunded
PAY01836,O01836,Credit Card,199423.6,Successful
PAY01837,O01837,Debit Card,152061.7,Successful
PAY01838,O01838,UPI,228616.5,Successful
PAY01839,O01839,Wallet,36829.5,Refunded
PAY01840,O01840,Net Banking,20640.0,Refunded
PAY01841,O01841,COD,107011.8,Refunded
PAY01842,O01842,Net Banking,73513.3,Successful
PAY01843,O01843,Net Banking,52975.45,Paid
PAY01844,O01844,Credit Card,9440.0,Refunded
PAY01845,O01845,UPI,225343.65,Refunded
PAY01846,O01846,Debit Card,38210.85,Paid
PAY01847,O01847,Credit Card,410950.85,Paid
PAY01848,O01848,Debit Card,2471.4,Successful
PAY01849,O01849,Debit Card,5462.1,Failed
PAY01850,O01850,Wallet,110394.2,Paid
PAY01851,O01851,Credit Card,58583.9,Paid
PAY01852,O01852,UPI,2043.0,Paid
PAY01853,O01853,Wallet,21793.05,Refunded
PAY01854,O01854,Debit Card,153907.3,Refunded
PAY01855,O01855,Credit Card,109028.9,Refunded
PAY01856,O01856,Wallet,590.4,Paid
PAY01857,O01857,COD,208468.8,Paid
PAY01858,O01858,UPI,2467.2,Successful
PAY01859,O01859,Credit Card,12317.4,Paid
PAY01860,O01860,COD,325305.4,Refunded
PAY01861,O01861,Wallet,28785.0,Successful
PAY01862,O01862,Debit Card,5132.25,Paid
PAY01863,O01863,Credit Card,189430.2,Refunded
PAY01864,O01864,Credit Card,348291.1,Successful
PAY01865,O01865,UPI,14176.0,Paid
PAY01866,O01866,UPI,48756.85,Paid
PAY01867,O01867,COD,7011.0,Paid
PAY01868,O01868,Credit Card,91606.2,Refunded
PAY01869,O01869,Net Banking,22857.9,Paid
PAY01870,O01870,Credit Card,148667.0,Paid
PAY01871,O01871,Net Banking,404775.7,Refunded
PAY01872,O01872,Wallet,9274.0,Failed
PAY01873,O01873,Wallet,82359.0,Failed
PAY01874,O01874,COD,195531.2,Refunded
PAY01875,O01875,Credit Card,11330.0,Paid
PAY01876,O01876,Debit Card,22265.6,Paid
PAY01877,O01877,COD,440833.2,Failed
PAY01878,O01878,Net Banking,4454.4,Failed
PAY01879,O01879,Credit Card,5917.5,Paid
PAY01880,O01880,Wallet,4875.2,Refunded
PAY01881,O01881,Credit Card,88618.0,Successful
PAY01882,O01882,Credit Card,326687.4,Refunded
PAY01883,O01883,COD,5731.2,Paid
PAY01884,O01884,Credit Card,124794.0,Refunded
PAY01885,O01885,Debit Card,15202.8,Refunded
PAY01886,O01886,Net Banking,208799.0,Paid
PAY01887,O01887,UPI,17200.0,Paid
PAY01888,O01888,Wallet,141103.4,Paid
PAY01889,O01889,COD,442170.2,Failed
PAY01890,O01890,Credit Card,217703.7,Refunded
PAY01891,O01891,COD,267404.4,Paid
PAY01892,O01892,UPI,46329.3,Paid
PAY01893,O01893,Net Banking,2260.0,Paid
PAY01894,O01894,Credit Card,15458.25,Failed
PAY01895,O01895,COD,56948.4,Failed
PAY01896,O01896,Wallet,277027.3,Failed
PAY01897,O01897,Debit Card,19779.0,Refunded
PAY01898,O01898,Debit Card,258613.8,Paid
PAY01899,O01899,Net Banking,34635.65,Refunded
PAY01900,O01900,Net Banking,1235.7,Paid
PAY01901,O01901,Net Banking,206357.6,Successful
PAY01902,O01902,Net Banking,401124.4,Paid
PAY01903,O01903,Wallet,212127.4,Successful
PAY01904,O01904,UPI,127133.1,Refunded
PAY01905,O01905,COD,165917.9,Paid
PAY01906,O01906,UPI,9391.1,Successful
PAY01907,O01907,Credit Card,412215.2,Paid
PAY01908,O01908,Credit Card,176165.0,Refunded
PAY01909,O01909,Credit Card,1557.2,Paid
PAY01910,O01910,COD,80406.9,Paid
PAY01911,O01911,Credit Card,62014.5,Paid
PAY01912,O01912,Debit Card,177484.8,Refunded
PAY01913,O01913,Credit Card,385572.7,Paid
PAY01914,O01914,Debit Card,82484.2,Paid
PAY01915,O01915,Debit Card,108871.8,Successful
PAY01916,O01916,Credit Card,79242.0,Successful
PAY01917,O01917,Wallet,6032.0,Paid
PAY01918,O01918,Wallet,87459.0,Refunded
PAY01919,O01919,Debit Card,79696.0,Refunded
PAY01920,O01920,Wallet,2827.5,Failed
PAY01921,O01921,Debit Card,4105.6,Failed
PAY01922,O01922,COD,240428.2,Paid
PAY01923,O01923,UPI,5548.5,Refunded
PAY01924,O01924,Debit Card,114063.9,Refunded
PAY01925,O01925,Wallet,136364.0,Successful
PAY01926,O01926,UPI,49709.6,Successful
PAY01927,O01927,COD,250228.15,Paid
PAY01928,O01928,COD,13257.6,Paid
PAY01929,O01929,UPI,28767.15,Paid
PAY01930,O01930,Debit Card,188903.1,Paid
PAY01931,O01931,Net Banking,20805.0,Failed
PAY01932,O01932,UPI,71792.0,Successful
PAY01933,O01933,Credit Card,3363.0,Successful
PAY01934,O01934,Credit Card,119428.95,Successful
PAY01935,O01935,UPI,12746.25,Paid
PAY01936,O01936,COD,48460.95,Refunded
PAY01937,O01937,Wallet,1780.0,Refunded
PAY01938,O01938,Wallet,70527.9,Refunded
PAY01939,O01939,Wallet,18282.0,Successful
PAY01940,O01940,Credit Card,8779.0,Refunded
PAY01941,O01941,Credit Card,78496.6,Paid
PAY01942,O01942,Credit Card,14470.4,Paid
PAY01943,O01943,Credit Card,57746.7,Paid
PAY01944,O01944,Credit Card,15519.6,Refunded
PAY01945,O01945,Net Banking,51376.95,Paid
PAY01946,O01946,Net Banking,40072.5,Refunded
PAY01947,O01947,COD,31521.0,Failed
PAY01948,O01948,Net Banking,4112.0,Paid
PAY01949,O01949,Credit Card,6446.7,Paid
PAY01950,O01950,Debit Card,113889.0,Failed
PAY01951,O01951,Debit Card,22079.9,Paid
PAY01952,O01952,Credit Card,68182.0,Successful
PAY01953,O01953,COD,84466.0,Paid
PAY01954,O01954,Net Banking,2101.0,Refunded
PAY01955,O01955,COD,98513.55,Paid
PAY01956,O01956,Debit Card,8968.0,Refunded
PAY01957,O01957,Debit Card,323198.0,Successful
PAY01958,O01958,Debit Card,75087.6,Paid
PAY01959,O01959,Net Banking,62203.2,Successful
PAY01960,O01960,Debit Card,117930.5,Paid
PAY01961,O01961,Debit Card,62076.0,Paid
PAY01962,O01962,UPI,60393.9,Failed
PAY01963,O01963,Debit Card,35985.15,Successful
PAY01964,O01964,COD,140610.6,Paid
PAY01965,O01965,Wallet,2320.2,Paid
PAY01966,O01966,Net Banking,59431.5,Paid
PAY01967,O01967,Credit Card,6084.6,Paid
PAY01968,O01968,Credit Card,34131.6,Paid
PAY01969,O01969,COD,176097.0,Paid
PAY01970,O01970,Wallet,292824.0,Paid
PAY01971,O01971,Debit Card,205413.75,Refunded
PAY01972,O01972,Debit Card,8671.5,Paid
PAY01973,O01973,Debit Card,45421.25,Paid
PAY01974,O01974,UPI,12771.0,Refunded
PAY01975,O01975,Debit Card,173670.4,Paid
PAY01976,O01976,COD,45288.0,Successful
PAY01977,O01977,Net Banking,308696.0,Paid
PAY01978,O01978,Debit Card,62459.2,Successful
PAY01979,O01979,Credit Card,138334.5,Refunded
PAY01980,O01980,Wallet,149789.1,Paid
PAY01981,O01981,Wallet,254487.65,Refunded
PAY01982,O01982,Wallet,34653.0,Successful
PAY01983,O01983,UPI,8407.8,Refunded
PAY01984,O01984,Net Banking,126201.2,Paid
PAY01985,O01985,Debit Card,27562.0,Paid
PAY01986,O01986,UPI,126971.6,Refunded
PAY01987,O01987,Wallet,1066.5,Successful
PAY01988,O01988,Credit Card,23009.45,Paid
PAY01989,O01989,UPI,13073.4,Paid
PAY01990,O01990,Credit Card,7849.8,Refunded
PAY01991,O01991,Wallet,20879.1,Successful
PAY01992,O01992,Net Banking,204643.4,Paid
PAY01993,O01993,Debit Card,16143.2,Paid
PAY01994,O01994,COD,1677.0,Successful
PAY01995,O01995,Credit Card,209621.25,Paid
PAY01996,O01996,COD,6026.4,Refunded
PAY01997,O01997,Debit Card,22440.0,Paid
PAY01998,O01998,Net Banking,11352.0,Refunded
PAY01999,O01999,UPI,40228.2,Refunded
PAY02000,O02000,Credit Card,322524.0,Paid
PAY02001,O02001,UPI,16672.0,Paid
PAY02002,O02002,Net Banking,158093.0,Paid
PAY02003,O02003,Wallet,58738.0,Paid
PAY02004,O02004,COD,3377.25,Failed
PAY02005,O02005,COD,91937.7,Paid
PAY02006,O02006,UPI,5329.5,Successful
PAY02007,O02007,Wallet,109688.9,Paid
PAY02008,O02008,COD,1045.0,Paid
PAY02009,O02009,Credit Card,130690.0,Paid
PAY02010,O02010,COD,99067.2,Refunded
PAY02011,O02011,Credit Card,363957.25,Paid
PAY02012,O02012,Credit Card,8592.0,Paid
PAY02013,O02013,UPI,9307.0,Paid
PAY02014,O02014,Credit Card,14344.6,Paid
PAY02015,O02015,Wallet,10302.0,Paid
PAY02016,O02016,Wallet,4492.8,Paid
PAY02017,O02017,Net Banking,8622.0,Paid
PAY02018,O02018,Credit Card,11616.0,Paid
PAY02019,O02019,Wallet,197454.75,Paid
PAY02020,O02020,Net Banking,107802.9,Failed
PAY02021,O02021,COD,170640.0,Paid
PAY02022,O02022,Credit Card,1459.8,Refunded
PAY02023,O02023,UPI,43877.25,Paid
PAY02024,O02024,UPI,268310.25,Failed
PAY02025,O02025,Credit Card,56288.0,Successful
PAY02026,O02026,COD,314645.2,Paid
PAY02027,O02027,Debit Card,57880.5,Refunded
PAY02028,O02028,Net Banking,43758.0,Paid
PAY02029,O02029,Debit Card,97345.8,Refunded
PAY02030,O02030,Credit Card,144872.0,Failed
PAY02031,O02031,Net Banking,77273.0,Refunded
PAY02032,O02032,UPI,7390.4,Refunded
PAY02033,O02033,Credit Card,105493.0,Paid
PAY02034,O02034,Credit Card,30704.0,Refunded
PAY02035,O02035,UPI,206105.3,Paid
PAY02036,O02036,Wallet,308732.4,Successful
PAY02037,O02037,Net Banking,34325.0,Paid
PAY02038,O02038,UPI,132707.9,Refunded
PAY02039,O02039,Credit Card,70551.7,Successful
PAY02040,O02040,COD,228342.4,Paid
PAY02041,O02041,Net Banking,31685.45,Paid
PAY02042,O02042,Debit Card,200080.0,Paid
PAY02043,O02043,Net Banking,15188.4,Paid
PAY02044,O02044,Credit Card,166635.9,Paid
PAY02045,O02045,Net Banking,46111.5,Paid
PAY02046,O02046,COD,26016.0,Paid
PAY02047,O02047,COD,46111.5,Paid
PAY02048,O02048,Wallet,878.4,Paid
PAY02049,O02049,COD,8478.0,Paid
PAY02050,O02050,UPI,26237.7,Paid
PAY02051,O02051,UPI,873.05,Paid
PAY02052,O02052,Credit Card,7698.0,Successful
PAY02053,O02053,Net Banking,14597.25,Paid
PAY02054,O02054,UPI,153104.2,Successful
PAY02055,O02055,Wallet,26784.0,Paid
PAY02056,O02056,COD,149679.1,Paid
PAY02057,O02057,UPI,4740.0,Paid
PAY02058,O02058,Net Banking,94971.4,Paid
PAY02059,O02059,Debit Card,19810.5,Failed
PAY02060,O02060,Credit Card,40118.4,Successful
PAY02061,O02061,Debit Card,241816.5,Successful
PAY02062,O02062,Credit Card,26914.2,Successful
PAY02063,O02063,Credit Card,137386.75,Paid
PAY02064,O02064,COD,18645.45,Paid
PAY02065,O02065,UPI,50020.0,Paid
PAY02066,O02066,Debit Card,154647.9,Refunded
PAY02067,O02067,COD,15868.65,Successful
PAY02068,O02068,COD,53665.4,Paid
PAY02069,O02069,COD,6958.0,Paid
PAY02070,O02070,Debit Card,8438.0,Refunded
PAY02071,O02071,Credit Card,22766.4,Refunded
PAY02072,O02072,Wallet,6958.0,Failed
PAY02073,O02073,COD,234796.0,Successful
PAY02074,O02074,COD,47103.45,Refunded
PAY02075,O02075,Wallet,12471.3,Successful
PAY02076,O02076,Wallet,38380.0,Successful
PAY02077,O02077,UPI,171638.9,Paid
PAY02078,O02078,Debit Card,31561.2,Paid
PAY02079,O02079,Wallet,13778.0,Paid
PAY02080,O02080,Wallet,458.0,Refunded
PAY02081,O02081,Net Banking,32567.65,Paid
PAY02082,O02082,COD,111528.1,Paid
PAY02083,O02083,Net Banking,9963.5,Successful
PAY02084,O02084,UPI,120127.2,Paid
PAY02085,O02085,Net Banking,3448.8,Failed
PAY02086,O02086,COD,19317.0,Refunded
PAY02087,O02087,UPI,16833.6,Paid
PAY02088,O02088,Credit Card,151934.1,Paid
PAY02089,O02089,Credit Card,131869.1,Paid
PAY02090,O02090,Net Banking,20129.4,Paid
PAY02091,O02091,Debit Card,26432.1,Paid
PAY02092,O02092,UPI,5160.8,Successful
PAY02093,O02093,Credit Card,84450.6,Paid
PAY02094,O02094,Debit Card,7150.7,Paid
PAY02095,O02095,Debit Card,1648.8,Refunded
PAY02096,O02096,Wallet,8502.8,Paid
PAY02097,O02097,Debit Card,53820.0,Paid
PAY02098,O02098,COD,17444.0,Successful
PAY02099,O02099,Net Banking,56018.0,Paid
PAY02100,O02100,UPI,101308.2,Paid
PAY02101,O02101,Wallet,180672.0,Paid
PAY02102,O02102,COD,255748.95,Successful
PAY02103,O02103,UPI,188090.2,Successful
PAY02104,O02104,UPI,33200.8,Paid
PAY02105,O02105,Debit Card,288699.6,Paid
PAY02106,O02106,Credit Card,23845.4,Paid
PAY02107,O02107,UPI,313368.8,Refunded
PAY02108,O02108,COD,77465.35,Paid
PAY02109,O02109,COD,107802.9,Paid
PAY02110,O02110,COD,156490.65,Refunded
PAY02111,O02111,Credit Card,19238.6,Successful
PAY02112,O02112,Debit Card,139922.85,Paid
PAY02113,O02113,UPI,151879.7,Refunded
PAY02114,O02114,Net Banking,6067.3,Paid
PAY02115,O02115,Credit Card,87439.0,Successful
PAY02116,O02116,Wallet,154688.5,Refunded
PAY02117,O02117,Net Banking,11332.65,Refunded
PAY02118,O02118,Debit Card,8944.0,Paid
PAY02119,O02119,Debit Card,161262.0,Failed
PAY02120,O02120,UPI,46484.0,Paid
PAY02121,O02121,Net Banking,201711.85,Paid
PAY02122,O02122,UPI,60735.1,Paid
PAY02123,O02123,Wallet,59648.8,Failed
PAY02124,O02124,COD,205268.4,Paid
PAY02125,O02125,UPI,97257.6,Paid
PAY02126,O02126,UPI,5140.8,Refunded
PAY02127,O02127,Net Banking,3972.0,Paid
PAY02128,O02128,COD,3246.0,Refunded
PAY02129,O02129,Credit Card,62241.7,Paid
PAY02130,O02130,Debit Card,277826.4,Paid
PAY02131,O02131,Credit Card,23670.0,Paid
PAY02132,O02132,Net Banking,35367.7,Refunded
PAY02133,O02133,Debit Card,2052.8,Paid
PAY02134,O02134,UPI,203035.5,Paid
PAY02135,O02135,Wallet,1706.4,Successful
PAY02136,O02136,COD,107157.0,Refunded
PAY02137,O02137,Wallet,4328.0,Paid
PAY02138,O02138,Debit Card,3650.0,Paid
PAY02139,O02139,Net Banking,164302.0,Failed
PAY02140,O02140,Debit Card,19368.0,Paid
PAY02141,O02141,Credit Card,196862.0,Successful
PAY02142,O02142,COD,14151.2,Refunded
PAY02143,O02143,COD,78840.0,Failed
PAY02144,O02144,Wallet,50461.95,Paid
PAY02145,O02145,Debit Card,97482.5,Refunded
PAY02146,O02146,COD,124503.0,Refunded
PAY02147,O02147,Wallet,68182.0,Paid
PAY02148,O02148,COD,128007.0,Paid
PAY02149,O02149,UPI,14482.1,Paid
PAY02150,O02150,COD,174636.0,Refunded
PAY02151,O02151,UPI,89050.0,Paid
PAY02152,O02152,COD,72436.0,Paid
PAY02153,O02153,UPI,3516.0,Failed
PAY02154,O02154,Net Banking,53956.2,Paid
PAY02155,O02155,Net Banking,245416.8,Paid
PAY02156,O02156,COD,4025.6,Paid
PAY02157,O02157,Credit Card,33223.05,Paid
PAY02158,O02158,UPI,97689.6,Successful
PAY02159,O02159,Net Banking,25020.15,Paid
PAY02160,O02160,Net Banking,5665.0,Refunded
PAY02161,O02161,Debit Card,24548.6,Paid
PAY02162,O02162,Wallet,15241.65,Paid
PAY02163,O02163,Wallet,2136.0,Paid
PAY02164,O02164,Net Banking,20951.85,Refunded
PAY02165,O02165,UPI,3231.7,Refunded
PAY02166,O02166,Debit Card,165197.2,Paid
PAY02167,O02167,Wallet,3340.2,Successful
PAY02168,O02168,Debit Card,26721.5,Refunded
PAY02169,O02169,UPI,110356.0,Paid
PAY02170,O02170,UPI,66901.8,Successful
PAY02171,O02171,Net Banking,1121.0,Paid
PAY02172,O02172,UPI,233631.5,Refunded
PAY02173,O02173,COD,301190.4,Paid
PAY02174,O02174,Net Banking,16888.5,Successful
PAY02175,O02175,Debit Card,51634.8,Refunded
PAY02176,O02176,UPI,208644.95,Paid
PAY02177,O02177,Debit Card,142500.4,Paid
PAY02178,O02178,UPI,97855.9,Successful
PAY02179,O02179,Debit Card,17095.4,Failed
PAY02180,O02180,Wallet,49611.6,Successful
PAY02181,O02181,Debit Card,2062.4,Paid
PAY02182,O02182,Debit Card,17367.9,Refunded
PAY02183,O02183,Wallet,17444.0,Refunded
PAY02184,O02184,Debit Card,233464.45,Paid
PAY02185,O02185,COD,6328.5,Paid
PAY02186,O02186,UPI,220859.8,Paid
PAY02187,O02187,Wallet,11220.0,Successful
PAY02188,O02188,Net Banking,4619.0,Paid
PAY02189,O02189,Debit Card,1780.0,Paid
PAY02190,O02190,Debit Card,31941.6,Successful
PAY02191,O02191,COD,3910.85,Refunded
PAY02192,O02192,UPI,115876.2,Paid
PAY02193,O02193,Net Banking,90178.25,Paid
PAY02194,O02194,UPI,1992.4,Successful
PAY02195,O02195,Wallet,3770.0,Successful
PAY02196,O02196,Wallet,74331.0,Paid
PAY02197,O02197,Credit Card,250396.0,Paid
PAY02198,O02198,UPI,11617.2,Successful
PAY02199,O02199,UPI,16417.0,Refunded
PAY02200,O02200,Wallet,124699.5,Paid
PAY02201,O02201,UPI,1392.0,Successful
PAY02202,O02202,Wallet,3021.75,Paid
PAY02203,O02203,Net Banking,305354.0,Successful
PAY02204,O02204,Credit Card,59582.0,Paid
PAY02205,O02205,Wallet,21443.2,Paid
PAY02206,O02206,Debit Card,24216.3,Refunded
PAY02207,O02207,COD,129074.2,Failed
PAY02208,O02208,UPI,15396.75,Refunded
PAY02209,O02209,Wallet,135712.0,Paid
PAY02210,O02210,Credit Card,2555.5,Successful
PAY02211,O02211,Net Banking,6463.45,Successful
PAY02212,O02212,UPI,166392.0,Paid
PAY02213,O02213,UPI,36358.2,Paid
PAY02214,O02214,Net Banking,1464.0,Refunded
PAY02215,O02215,COD,55791.45,Paid
PAY02216,O02216,Debit Card,255056.0,Paid
PAY02217,O02217,Debit Card,206327.8,Successful
PAY02218,O02218,Net Banking,45132.0,Refunded
PAY02219,O02219,Net Banking,35874.0,Refunded
PAY02220,O02220,Wallet,9478.4,Paid
PAY02221,O02221,UPI,230037.6,Paid
PAY02222,O02222,Wallet,97346.5,Paid
PAY02223,O02223,Debit Card,20495.4,Successful
PAY02224,O02224,Net Banking,15913.6,Refunded
PAY02225,O02225,Debit Card,156096.2,Successful
PAY02226,O02226,UPI,59989.2,Failed
PAY02227,O02227,Debit Card,366027.2,Refunded
PAY02228,O02228,Debit Card,13146.1,Paid
PAY02229,O02229,COD,1183.2,Paid
PAY02230,O02230,Net Banking,21011.4,Paid
PAY02231,O02231,UPI,196410.0,Refunded
PAY02232,O02232,UPI,4914.0,Paid
PAY02233,O02233,COD,1611.6,Paid
PAY02234,O02234,UPI,10214.2,Refunded
PAY02235,O02235,UPI,34166.7,Paid
PAY02236,O02236,Debit Card,11293.2,Paid
PAY02237,O02237,Wallet,24058.8,Paid
PAY02238,O02238,Debit Card,480.25,Refunded
PAY02239,O02239,Credit Card,7692.4,Paid
PAY02240,O02240,Credit Card,321628.0,Paid
PAY02241,O02241,Net Banking,24376.0,Refunded
PAY02242,O02242,Debit Card,15351.0,Paid
PAY02243,O02243,COD,43380.2,Successful
PAY02244,O02244,Wallet,264622.0,Failed
PAY02245,O02245,COD,1733.75,Refunded
PAY02246,O02246,Wallet,170614.5,Paid
PAY02247,O02247,Net Banking,127660.5,Successful
PAY02248,O02248,Net Banking,150158.0,Refunded
PAY02249,O02249,Wallet,26200.6,Successful
PAY02250,O02250,Net Banking,80862.6,Paid
PAY02251,O02251,Wallet,8348.4,Paid
PAY02252,O02252,Debit Card,29782.4,Refunded
PAY02253,O02253,Wallet,1304.35,Paid
PAY02254,O02254,Credit Card,19127.3,Paid
PAY02255,O02255,Credit Card,9342.4,Failed
PAY02256,O02256,Debit Card,338561.9,Successful
PAY02257,O02257,COD,18548.0,Successful
PAY02258,O02258,UPI,1622.0,Successful
PAY02259,O02259,Debit Card,227186.0,Failed
PAY02260,O02260,UPI,110394.2,Paid
PAY02261,O02261,Debit Card,410451.6,Refunded
PAY02262,O02262,UPI,103221.3,Successful
PAY02263,O02263,Net Banking,53886.0,Failed
PAY02264,O02264,Net Banking,77831.2,Paid
PAY02265,O02265,Debit Card,14841.75,Failed
PAY02266,O02266,Wallet,31572.85,Successful
PAY02267,O02267,Wallet,74919.0,Paid
PAY02268,O02268,UPI,1054.8,Paid
PAY02269,O02269,Credit Card,35620.0,Successful
PAY02270,O02270,UPI,15998.7,Successful
PAY02271,O02271,Net Banking,14919.0,Paid
PAY02272,O02272,Credit Card,171518.0,Paid
PAY02273,O02273,Debit Card,235666.1,Refunded
PAY02274,O02274,Credit Card,93171.6,Successful
PAY02275,O02275,UPI,91493.85,Paid
PAY02276,O02276,Net Banking,54081.0,Successful
PAY02277,O02277,Credit Card,1825.0,Successful
PAY02278,O02278,Debit Card,146548.2,Refunded
PAY02279,O02279,Debit Card,48559.25,Paid
PAY02280,O02280,Credit Card,7192.8,Paid
PAY02281,O02281,Net Banking,12106.0,Paid
PAY02282,O02282,Credit Card,15723.2,Paid
PAY02283,O02283,Wallet,18034.4,Paid
PAY02284,O02284,Credit Card,38492.25,Successful
PAY02285,O02285,UPI,234272.0,Paid
PAY02286,O02286,Wallet,125065.5,Paid
PAY02287,O02287,Credit Card,4311.0,Paid
PAY02288,O02288,Wallet,6410.9,Paid
PAY02289,O02289,Wallet,76293.25,Paid
PAY02290,O02290,UPI,48672.9,Failed
PAY02291,O02291,Debit Card,11774.7,Paid
PAY02292,O02292,UPI,2682.0,Refunded
PAY02293,O02293,Wallet,107386.7,Successful
PAY02294,O02294,Net Banking,293981.2,Paid
PAY02295,O02295,UPI,1869.8,Successful
PAY02296,O02296,UPI,78962.1,Paid
PAY02297,O02297,Credit Card,31464.2,Paid
PAY02298,O02298,UPI,18079.2,Paid
PAY02299,O02299,Debit Card,36788.0,Successful
PAY02300,O02300,Debit Card,4900.95,Paid
PAY02301,O02301,Debit Card,138393.6,Successful
PAY02302,O02302,Credit Card,5398.5,Successful
PAY02303,O02303,Debit Card,124503.0,Paid
PAY02304,O02304,Wallet,7263.0,Paid
PAY02305,O02305,COD,34951.5,Paid
PAY02306,O02306,COD,30038.4,Paid
PAY02307,O02307,Credit Card,306420.2,Successful
PAY02308,O02308,Debit Card,40534.2,Paid
PAY02309,O02309,UPI,47389.5,Paid
PAY02310,O02310,Credit Card,1172.0,Successful
PAY02311,O02311,Debit Card,21673.8,Paid
PAY02312,O02312,COD,26337.0,Successful
PAY02313,O02313,UPI,8727.3,Successful
PAY02314,O02314,Net Banking,43965.5,Paid
PAY02315,O02315,Wallet,185151.0,Paid
PAY02316,O02316,Wallet,117541.1,Paid
PAY02317,O02317,Credit Card,2962.0,Refunded
PAY02318,O02318,Credit Card,11520.5,Paid
PAY02319,O02319,UPI,1952.0,Refunded
PAY02320,O02320,Net Banking,229263.15,Paid
PAY02321,O02321,Net Banking,5240.25,Paid
PAY02322,O02322,UPI,88891.3,Paid
PAY02323,O02323,UPI,10830.0,Paid
PAY02324,O02324,Debit Card,497318.0,Refunded
PAY02325,O02325,Debit Card,1183.0,Paid
PAY02326,O02326,Credit Card,124185.45,Paid
PAY02327,O02327,UPI,55124.0,Failed
PAY02328,O02328,UPI,196433.15,Paid
PAY02329,O02329,Wallet,43108.8,Failed
PAY02330,O02330,Debit Card,1602.0,Paid
PAY02331,O02331,Wallet,27021.6,Refunded
PAY02332,O02332,UPI,61363.8,Successful
PAY02333,O02333,COD,160570.6,Paid
PAY02334,O02334,COD,78122.0,Paid
PAY02335,O02335,Debit Card,5917.5,Refunded
PAY02336,O02336,Wallet,34091.0,Paid
PAY02337,O02337,Wallet,3279.7,Paid
PAY02338,O02338,Net Banking,4370.95,Successful
PAY02339,O02339,Wallet,187508.9,Refunded
PAY02340,O02340,Net Banking,18215.4,Successful
PAY02341,O02341,Credit Card,168940.4,Paid
PAY02342,O02342,Credit Card,10546.0,Successful
PAY02343,O02343,Net Banking,46484.0,Paid
PAY02344,O02344,UPI,160334.4,Successful
PAY02345,O02345,UPI,4258.8,Failed
PAY02346,O02346,UPI,12397.7,Failed
PAY02347,O02347,Debit Card,1890.9,Refunded
PAY02348,O02348,Wallet,36098.4,Successful
PAY02349,O02349,Wallet,244413.15,Refunded
PAY02350,O02350,Debit Card,265065.45,Paid
PAY02351,O02351,Wallet,53625.6,Successful
PAY02352,O02352,Debit Card,5475.0,Refunded
PAY02353,O02353,Net Banking,5289.6,Paid
PAY02354,O02354,COD,87459.0,Paid
PAY02355,O02355,Credit Card,3295.2,Failed
PAY02356,O02356,UPI,184014.0,Paid
PAY02357,O02357,Credit Card,6859.5,Refunded
PAY02358,O02358,Credit Card,28352.0,Paid
PAY02359,O02359,Credit Card,33432.0,Refunded
PAY02360,O02360,UPI,5536.9,Refunded
PAY02361,O02361,Net Banking,12407.25,Paid
PAY02362,O02362,Credit Card,33505.2,Failed
PAY02363,O02363,Wallet,175219.6,Paid
PAY02364,O02364,Wallet,22417.0,Paid
PAY02365,O02365,UPI,5367.0,Successful
PAY02366,O02366,Wallet,229014.0,Paid
PAY02367,O02367,UPI,29016.4,Paid
PAY02368,O02368,UPI,5924.0,Paid
PAY02369,O02369,Credit Card,5268.2,Paid
PAY02370,O02370,Net Banking,126980.8,Paid
PAY02371,O02371,COD,268023.0,Paid
PAY02372,O02372,Wallet,10251.3,Paid
PAY02373,O02373,Net Banking,16879.4,Successful
PAY02374,O02374,Net Banking,4054.8,Paid
PAY02375,O02375,Credit Card,137912.25,Refunded
PAY02376,O02376,UPI,91648.0,Paid
PAY02377,O02377,Wallet,150158.0,Paid
PAY02378,O02378,Net Banking,1374.0,Paid
PAY02379,O02379,UPI,3450.75,Failed
PAY02380,O02380,UPI,8715.6,Paid
PAY02381,O02381,COD,127091.2,Failed
PAY02382,O02382,UPI,50646.4,Refunded
PAY02383,O02383,Net Banking,52015.2,Failed
PAY02384,O02384,UPI,174093.0,Paid
PAY02385,O02385,Credit Card,8196.6,Paid
PAY02386,O02386,Debit Card,48287.0,Paid
PAY02387,O02387,Net Banking,46732.3,Successful
PAY02388,O02388,COD,28995.6,Successful
PAY02389,O02389,Wallet,216161.8,Paid
PAY02390,O02390,UPI,210701.8,Failed
PAY02391,O02391,Credit Card,34629.9,Paid
PAY02392,O02392,Credit Card,14599.0,Successful
PAY02393,O02393,Wallet,7882.9,Paid
PAY02394,O02394,Credit Card,13736.0,Successful
PAY02395,O02395,Wallet,7149.6,Refunded
PAY02396,O02396,COD,658744.35,Refunded
PAY02397,O02397,Credit Card,58699.0,Paid
PAY02398,O02398,Wallet,20671.5,Paid
PAY02399,O02399,Credit Card,20133.4,Paid
PAY02400,O02400,Credit Card,7698.0,Paid
PAY02401,O02401,Debit Card,161158.0,Paid
PAY02402,O02402,COD,8438.0,Failed
PAY02403,O02403,Net Banking,209373.25,Refunded
PAY02404,O02404,Net Banking,54511.9,Successful
PAY02405,O02405,Debit Card,7830.8,Successful
PAY02406,O02406,Net Banking,20743.5,Successful
PAY02407,O02407,Debit Card,17262.0,Paid
PAY02408,O02408,Credit Card,179316.9,Paid
PAY02409,O02409,COD,24809.1,Refunded
PAY02410,O02410,Credit Card,9249.3,Failed
PAY02411,O02411,Debit Card,216124.0,Successful
PAY02412,O02412,Credit Card,138845.35,Refunded
PAY02413,O02413,UPI,1922.7,Paid
PAY02414,O02414,Wallet,200977.2,Paid
PAY02415,O02415,Debit Card,191149.0,Failed
PAY02416,O02416,Debit Card,14785.2,Refunded
PAY02417,O02417,Net Banking,5098.5,Paid
PAY02418,O02418,COD,33450.9,Refunded
PAY02419,O02419,Wallet,35780.0,Paid
PAY02420,O02420,UPI,36939.3,Successful
PAY02421,O02421,UPI,3308.4,Paid
PAY02422,O02422,Wallet,10029.6,Successful
PAY02423,O02423,COD,29068.3,Refunded
PAY02424,O02424,Wallet,158926.5,Failed
PAY02425,O02425,COD,247421.0,Paid
PAY02426,O02426,Credit Card,17139.95,Failed
PAY02427,O02427,Credit Card,64504.8,Paid
PAY02428,O02428,Wallet,119262.0,Paid
PAY02429,O02429,Wallet,6708.0,Paid
PAY02430,O02430,Debit Card,402550.0,Successful
PAY02431,O02431,Wallet,227043.45,Refunded
PAY02432,O02432,COD,6426.0,Paid
PAY02433,O02433,COD,165975.1,Paid
PAY02434,O02434,Wallet,506339.9,Successful
PAY02435,O02435,COD,138278.0,Paid
PAY02436,O02436,Debit Card,180072.0,Refunded
PAY02437,O02437,UPI,53585.7,Paid
PAY02438,O02438,Credit Card,128758.8,Failed
PAY02439,O02439,Wallet,296164.4,Paid
PAY02440,O02440,Net Banking,20936.0,Failed
PAY02441,O02441,COD,2205.6,Paid
PAY02442,O02442,Debit Card,25305.3,Paid
PAY02443,O02443,Net Banking,18822.0,Paid
PAY02444,O02444,Net Banking,5514.8,Refunded
PAY02445,O02445,UPI,5783.4,Paid
PAY02446,O02446,Credit Card,169437.7,Paid
PAY02447,O02447,Debit Card,39074.8,Failed
PAY02448,O02448,COD,191451.45,Paid
PAY02449,O02449,Net Banking,28147.2,Successful
PAY02450,O02450,Debit Card,74266.3,Successful
PAY02451,O02451,UPI,22660.0,Failed
PAY02452,O02452,Credit Card,60281.0,Refunded
PAY02453,O02453,Debit Card,204144.5,Refunded
PAY02454,O02454,Debit Card,38380.0,Failed
PAY02455,O02455,Debit Card,36175.6,Refunded
PAY02456,O02456,Wallet,12758.4,Paid
PAY02457,O02457,Credit Card,46204.2,Successful
PAY02458,O02458,Credit Card,276068.05,Refunded
PAY02459,O02459,UPI,33120.9,Successful
PAY02460,O02460,Net Banking,19502.55,Successful
PAY02461,O02461,Wallet,55690.0,Refunded
PAY02462,O02462,Wallet,254460.0,Failed
PAY02463,O02463,UPI,4264.0,Successful
PAY02464,O02464,COD,14392.5,Paid
PAY02465,O02465,Credit Card,144763.8,Refunded
PAY02466,O02466,COD,35763.1,Failed
PAY02467,O02467,Debit Card,20180.25,Successful
PAY02468,O02468,COD,2417.4,Successful
PAY02469,O02469,Credit Card,217088.0,Paid
PAY02470,O02470,Wallet,11310.0,Successful
PAY02471,O02471,Debit Card,155881.0,Paid
PAY02472,O02472,COD,231522.0,Failed
PAY02473,O02473,COD,21193.15,Paid
PAY02474,O02474,Wallet,28487.5,Paid
PAY02475,O02475,COD,2621.4,Paid
PAY02476,O02476,COD,269587.0,Refunded
PAY02477,O02477,Wallet,38322.75,Failed
PAY02478,O02478,COD,31556.4,Paid
PAY02479,O02479,Wallet,23199.0,Paid
PAY02480,O02480,UPI,1071.0,Successful
PAY02481,O02481,Credit Card,516.0,Refunded
PAY02482,O02482,COD,1317.6,Paid
PAY02483,O02483,COD,3586.15,Paid
PAY02484,O02484,Debit Card,11310.0,Refunded
PAY02485,O02485,UPI,3367.5,Refunded
PAY02486,O02486,Debit Card,44053.5,Refunded
PAY02487,O02487,UPI,175377.0,Successful
PAY02488,O02488,COD,8220.0,Paid
PAY02489,O02489,Debit Card,84990.8,Paid
PAY02490,O02490,Wallet,45430.3,Failed
PAY02491,O02491,Debit Card,1788.0,Refunded
PAY02492,O02492,Net Banking,59455.8,Paid
PAY02493,O02493,Net Banking,28928.8,Paid
PAY02494,O02494,Net Banking,149752.8,Successful
PAY02495,O02495,Credit Card,20063.7,Paid
PAY02496,O02496,Net Banking,5192.0,Successful
PAY02497,O02497,Credit Card,29289.45,Successful
PAY02498,O02498,Wallet,17028.0,Failed
PAY02499,O02499,Debit Card,144732.6,Paid
PAY02500,O02500,COD,4866.0,Paid
PAY02501,O02501,Debit Card,9440.0,Refunded
PAY02502,O02502,Debit Card,166563.7,Paid
PAY02503,O02503,Net Banking,443793.95,Paid
PAY02504,O02504,UPI,133575.0,Refunded
PAY02505,O02505,COD,68333.4,Successful
PAY02506,O02506,Debit Card,29428.0,Paid
PAY02507,O02507,Wallet,184762.8,Paid
PAY02508,O02508,UPI,66819.3,Refunded
PAY02509,O02509,Debit Card,23835.0,Successful
PAY02510,O02510,Wallet,206233.6,Paid
PAY02511,O02511,Credit Card,1185.0,Paid
PAY02512,O02512,Debit Card,86024.9,Paid
PAY02513,O02513,Debit Card,191745.0,Refunded
PAY02514,O02514,UPI,258.0,Paid
PAY02515,O02515,Credit Card,165798.9,Paid
PAY02516,O02516,Credit Card,247455.7,Paid
PAY02517,O02517,COD,3706.85,Paid
PAY02518,O02518,COD,22188.2,Paid
PAY02519,O02519,Credit Card,35824.3,Paid
PAY02520,O02520,Credit Card,25116.9,Paid
PAY02521,O02521,Debit Card,7122.0,Paid
PAY02522,O02522,UPI,161658.0,Paid
PAY02523,O02523,UPI,16815.6,Paid
PAY02524,O02524,Wallet,33432.0,Paid
PAY02525,O02525,Credit Card,111053.8,Paid
PAY02526,O02526,Credit Card,38960.0,Paid
PAY02527,O02527,UPI,1995.95,Successful
PAY02528,O02528,Net Banking,127722.8,Successful
PAY02529,O02529,COD,34816.5,Successful
PAY02530,O02530,UPI,2242.0,Successful
PAY02531,O02531,COD,47665.6,Paid
PAY02532,O02532,Wallet,64772.9,Paid
PAY02533,O02533,COD,61077.6,Failed
PAY02534,O02534,Net Banking,178620.8,Successful
PAY02535,O02535,Net Banking,1659.2,Refunded
PAY02536,O02536,UPI,2920.0,Refunded
PAY02537,O02537,Wallet,47545.2,Paid
PAY02538,O02538,Wallet,7650.9,Refunded
PAY02539,O02539,UPI,2388.0,Successful
PAY02540,O02540,Net Banking,52557.1,Refunded
PAY02541,O02541,Credit Card,139622.6,Paid
PAY02542,O02542,Wallet,29153.0,Paid
PAY02543,O02543,COD,398883.7,Successful
PAY02544,O02544,Credit Card,26337.0,Paid
PAY02545,O02545,Wallet,32971.25,Paid
PAY02546,O02546,COD,15860.3,Paid
PAY02547,O02547,Wallet,8779.0,Paid
PAY02548,O02548,Credit Card,43128.0,Paid
PAY02549,O02549,Credit Card,18025.2,Paid
PAY02550,O02550,Debit Card,12969.3,Paid
PAY02551,O02551,UPI,5839.2,Failed
PAY02552,O02552,Credit Card,104636.5,Paid
PAY02553,O02553,Credit Card,12035.55,Paid
PAY02554,O02554,Wallet,193838.4,Failed
PAY02555,O02555,Net Banking,4766.8,Refunded
PAY02556,O02556,Wallet,358058.0,Paid
PAY02557,O02557,Net Banking,118245.6,Successful
PAY02558,O02558,COD,17271.0,Paid
PAY02559,O02559,Net Banking,6196.5,Paid
PAY02560,O02560,Net Banking,84923.8,Successful
PAY02561,O02561,Wallet,172302.45,Paid
PAY02562,O02562,Net Banking,8600.0,Refunded
PAY02563,O02563,Debit Card,320087.6,Paid
PAY02564,O02564,UPI,340002.7,Paid
PAY02565,O02565,Wallet,63393.6,Failed
PAY02566,O02566,Debit Card,134796.75,Paid
PAY02567,O02567,Credit Card,127973.05,Refunded
PAY02568,O02568,UPI,94563.0,Refunded
PAY02569,O02569,UPI,24892.2,Paid
PAY02570,O02570,Debit Card,272809.6,Refunded
PAY02571,O02571,Credit Card,7354.8,Paid
PAY02572,O02572,Debit Card,231522.0,Paid
PAY02573,O02573,Debit Card,76000.8,Paid
PAY02574,O02574,Credit Card,17929.05,Failed
PAY02575,O02575,Net Banking,2251.5,Paid
PAY02576,O02576,Debit Card,15351.0,Refunded
PAY02577,O02577,UPI,9237.6,Paid
PAY02578,O02578,Net Banking,100650.0,Refunded
PAY02579,O02579,COD,4071.6,Refunded
PAY02580,O02580,Debit Card,90684.9,Failed
PAY02581,O02581,Debit Card,5201.25,Paid
PAY02582,O02582,Wallet,14261.4,Successful
PAY02583,O02583,UPI,216324.0,Refunded
PAY02584,O02584,Net Banking,20874.0,Paid
PAY02585,O02585,Credit Card,253884.7,Paid
PAY02586,O02586,COD,1426.4,Paid
PAY02587,O02587,COD,29477.75,Refunded
PAY02588,O02588,Credit Card,56737.8,Refunded
PAY02589,O02589,Net Banking,97310.2,Paid
PAY02590,O02590,UPI,57327.3,Paid
PAY02591,O02591,Net Banking,3984.8,Paid
PAY02592,O02592,Wallet,221870.4,Failed
PAY02593,O02593,COD,4842.0,Paid
PAY02594,O02594,Debit Card,101671.0,Refunded
PAY02595,O02595,Debit Card,498998.8,Paid
PAY02596,O02596,UPI,76704.75,Paid
PAY02597,O02597,Credit Card,1713.6,Paid
PAY02598,O02598,Wallet,24390.0,Refunded
PAY02599,O02599,UPI,3774.0,Paid
PAY02600,O02600,UPI,152563.8,Successful
PAY02601,O02601,Credit Card,8220.0,Successful
PAY02602,O02602,UPI,17079.1,Successful
PAY02603,O02603,Wallet,557712.8,Paid
PAY02604,O02604,Net Banking,100108.3,Paid
PAY02605,O02605,Wallet,261972.45,Paid
PAY02606,O02606,UPI,10071.0,Refunded
PAY02607,O02607,UPI,6018.0,Paid
PAY02608,O02608,UPI,30785.3,Paid
PAY02609,O02609,Wallet,52934.0,Paid
PAY02610,O02610,UPI,10405.8,Successful
PAY02611,O02611,COD,46011.45,Paid
PAY02612,O02612,COD,47519.0,Successful
PAY02613,O02613,Net Banking,118522.6,Paid
PAY02614,O02614,UPI,141188.6,Paid
PAY02615,O02615,COD,234796.0,Paid
PAY02616,O02616,COD,36028.0,Paid
PAY02617,O02617,Debit Card,122583.0,Failed
PAY02618,O02618,Wallet,1368.75,Paid
PAY02619,O02619,Debit Card,55673.0,Refunded
PAY02620,O02620,Credit Card,4273.2,Paid
PAY02621,O02621,COD,58631.15,Successful
PAY02622,O02622,COD,15093.6,Paid
PAY02623,O02623,Wallet,27695.0,Paid
PAY02624,O02624,Debit Card,16657.0,Paid
PAY02625,O02625,Debit Card,41264.0,Refunded
PAY02626,O02626,UPI,7733.0,Paid
PAY02627,O02627,UPI,5389.65,Successful
PAY02628,O02628,Net Banking,29633.55,Refunded
PAY02629,O02629,UPI,73501.2,Paid
PAY02630,O02630,Wallet,17880.9,Refunded
PAY02631,O02631,Net Banking,110524.5,Paid
PAY02632,O02632,Credit Card,57981.5,Paid
PAY02633,O02633,Wallet,1846.0,Paid
PAY02634,O02634,Net Banking,54056.25,Paid
PAY02635,O02635,Wallet,22681.6,Paid
PAY02636,O02636,Net Banking,4490.0,Paid
PAY02637,O02637,Wallet,22202.5,Failed
PAY02638,O02638,Debit Card,127913.6,Refunded
PAY02639,O02639,Wallet,56796.0,Refunded
PAY02640,O02640,Net Banking,75096.0,Paid
PAY02641,O02641,Credit Card,11172.0,Paid
PAY02642,O02642,COD,2844.0,Paid
PAY02643,O02643,Net Banking,31808.0,Paid
PAY02644,O02644,Debit Card,49576.95,Paid
PAY02645,O02645,Debit Card,412.8,Paid
PAY02646,O02646,COD,60283.0,Refunded
PAY02647,O02647,Debit Card,82153.2,Paid
PAY02648,O02648,Net Banking,176928.25,Successful
PAY02649,O02649,Net Banking,15012.0,Successful
PAY02650,O02650,Debit Card,2309.4,Paid
PAY02651,O02651,Net Banking,204811.2,Paid
PAY02652,O02652,Credit Card,162281.2,Successful
PAY02653,O02653,Debit Card,116.1,Successful
PAY02654,O02654,Wallet,2978.25,Successful
PAY02655,O02655,Net Banking,55337.4,Paid
PAY02656,O02656,Net Banking,167267.25,Paid
PAY02657,O02657,Wallet,49971.0,Successful
PAY02658,O02658,UPI,171057.0,Refunded
PAY02659,O02659,Net Banking,238450.05,Paid
PAY02660,O02660,Credit Card,107219.15,Successful
PAY02661,O02661,UPI,9552.0,Failed
PAY02662,O02662,UPI,46461.4,Successful
PAY02663,O02663,COD,59367.0,Paid
PAY02664,O02664,COD,140619.6,Paid
PAY02665,O02665,Credit Card,33587.0,Paid
PAY02666,O02666,UPI,92849.6,Refunded
PAY02667,O02667,UPI,13049.2,Refunded
PAY02668,O02668,COD,33129.75,Successful
PAY02669,O02669,Debit Card,139504.0,Successful
PAY02670,O02670,COD,54513.0,Paid
PAY02671,O02671,Debit Card,99380.3,Successful
PAY02672,O02672,Wallet,64991.0,Failed
PAY02673,O02673,Debit Card,3941.45,Paid
PAY02674,O02674,Credit Card,45436.8,Paid
PAY02675,O02675,UPI,42376.4,Refunded
PAY02676,O02676,UPI,7563.6,Refunded
PAY02677,O02677,UPI,288628.8,Refunded
PAY02678,O02678,UPI,3333.0,Refunded
PAY02679,O02679,UPI,26237.7,Paid
PAY02680,O02680,Wallet,88417.0,Paid
PAY02681,O02681,Wallet,52661.1,Failed
PAY02682,O02682,Debit Card,34400.0,Paid
PAY02683,O02683,Debit Card,195353.25,Paid
PAY02684,O02684,UPI,29995.0,Paid
PAY02685,O02685,UPI,94795.1,Refunded
PAY02686,O02686,Wallet,8972.8,Paid
PAY02687,O02687,UPI,15597.6,Paid
PAY02688,O02688,Wallet,120366.9,Successful
PAY02689,O02689,Debit Card,5494.4,Successful
PAY02690,O02690,Debit Card,2133.0,Failed
PAY02691,O02691,Debit Card,45198.5,Refunded
PAY02692,O02692,COD,18896.9,Refunded
PAY02693,O02693,UPI,14964.0,Refunded
PAY02694,O02694,COD,161256.2,Paid
PAY02695,O02695,Credit Card,267621.0,Paid
PAY02696,O02696,COD,220517.8,Paid
PAY02697,O02697,Credit Card,19545.45,Failed
PAY02698,O02698,Credit Card,3619.2,Refunded
PAY02699,O02699,Debit Card,2264.4,Failed
PAY02700,O02700,Debit Card,105428.5,Successful
PAY02701,O02701,Wallet,55456.8,Paid
PAY02702,O02702,COD,14244.2,Paid
PAY02703,O02703,Wallet,192083.0,Refunded
PAY02704,O02704,Net Banking,2251.5,Paid
PAY02705,O02705,COD,54272.0,Paid
PAY02706,O02706,Net Banking,2090.0,Paid
PAY02707,O02707,Net Banking,129225.6,Refunded
PAY02708,O02708,Debit Card,492525.6,Paid
PAY02709,O02709,Net Banking,161023.9,Refunded
PAY02710,O02710,Wallet,52829.1,Paid
PAY02711,O02711,Credit Card,16939.8,Paid
PAY02712,O02712,Debit Card,56406.6,Failed
PAY02713,O02713,Wallet,161620.4,Paid
PAY02714,O02714,Wallet,158487.3,Successful
PAY02715,O02715,UPI,60800.4,Paid
PAY02716,O02716,Net Banking,7061.25,Refunded
PAY02717,O02717,COD,6958.0,Paid
PAY02718,O02718,Wallet,426819.25,Refunded
PAY02719,O02719,Wallet,238778.4,Refunded
PAY02720,O02720,Net Banking,41855.1,Successful
PAY02721,O02721,Net Banking,48922.9,Refunded
PAY02722,O02722,COD,35874.0,Paid
PAY02723,O02723,UPI,3164.25,Successful
PAY02724,O02724,Wallet,5731.2,Paid
PAY02725,O02725,COD,191119.6,Successful
PAY02726,O02726,Credit Card,3371.55,Paid
PAY02727,O02727,Credit Card,25353.15,Paid
PAY02728,O02728,Wallet,194245.25,Successful
PAY02729,O02729,UPI,78948.4,Successful
PAY02730,O02730,Wallet,4688.0,Paid
PAY02731,O02731,Credit Card,191237.0,Paid
PAY02732,O02732,Wallet,38619.75,Paid
PAY02733,O02733,Debit Card,4227.05,Paid
PAY02734,O02734,COD,8186.4,Successful
PAY02735,O02735,Debit Card,2132.0,Paid
PAY02736,O02736,COD,80145.0,Paid
PAY02737,O02737,COD,5380.0,Paid
PAY02738,O02738,Wallet,77183.1,Paid
PAY02739,O02739,COD,18892.0,Refunded
PAY02740,O02740,Wallet,275816.0,Paid
PAY02741,O02741,Net Banking,26300.0,Paid
PAY02742,O02742,Credit Card,119781.0,Paid
PAY02743,O02743,Debit Card,7602.4,Paid
PAY02744,O02744,Credit Card,23703.0,Successful
PAY02745,O02745,COD,1185.0,Paid
PAY02746,O02746,Net Banking,135054.0,Paid
PAY02747,O02747,Wallet,26784.0,Refunded
PAY02748,O02748,Net Banking,27025.7,Refunded
PAY02749,O02749,COD,179701.3,Refunded
PAY02750,O02750,COD,11639.7,Paid
PAY02751,O02751,UPI,4932.0,Refunded
PAY02752,O02752,Wallet,177844.2,Refunded
PAY02753,O02753,Wallet,80608.8,Paid
PAY02754,O02754,Net Banking,28056.0,Paid
PAY02755,O02755,Debit Card,71172.7,Paid
PAY02756,O02756,Net Banking,2262.0,Paid
PAY02757,O02757,UPI,8314.2,Paid
PAY02758,O02758,Credit Card,24450.3,Successful
PAY02759,O02759,Wallet,70756.4,Paid
PAY02760,O02760,Net Banking,145134.75,Refunded
PAY02761,O02761,Wallet,89286.8,Paid
PAY02762,O02762,Net Banking,160290.0,Paid
PAY02763,O02763,COD,214733.0,Paid
PAY02764,O02764,Credit Card,70551.7,Failed
PAY02765,O02765,UPI,27921.0,Failed
PAY02766,O02766,UPI,11474.1,Paid
PAY02767,O02767,COD,70979.25,Refunded
PAY02768,O02768,Net Banking,7666.5,Failed
PAY02769,O02769,Net Banking,6446.7,Successful
PAY02770,O02770,Wallet,109026.0,Refunded
PAY02771,O02771,COD,38433.6,Paid
PAY02772,O02772,Wallet,476283.3,Paid
PAY02773,O02773,Net Banking,252090.0,Paid
PAY02774,O02774,Wallet,190845.0,Paid
PAY02775,O02775,Credit Card,216855.8,Paid
PAY02776,O02776,COD,18381.6,Paid
PAY02777,O02777,Credit Card,193042.9,Paid
PAY02778,O02778,Credit Card,25082.8,Refunded
PAY02779,O02779,UPI,85528.5,Paid
PAY02780,O02780,COD,2062.4,Paid
PAY02781,O02781,Net Banking,6129.0,Paid
PAY02782,O02782,Credit Card,2043.0,Refunded
PAY02783,O02783,COD,8496.0,Paid
PAY02784,O02784,Credit Card,153575.1,Failed
PAY02785,O02785,Credit Card,139055.8,Paid
PAY02786,O02786,Net Banking,1167.9,Failed
PAY02787,O02787,Credit Card,37194.3,Refunded
PAY02788,O02788,Debit Card,25469.1,Refunded
PAY02789,O02789,Credit Card,805.8,Paid
PAY02790,O02790,UPI,32467.4,Successful
PAY02791,O02791,UPI,215376.0,Refunded
PAY02792,O02792,COD,41108.0,Paid
PAY02793,O02793,COD,20129.6,Paid
PAY02794,O02794,Debit Card,4651.0,Paid
PAY02795,O02795,COD,25096.0,Failed
PAY02796,O02796,Wallet,162698.0,Paid
PAY02797,O02797,Credit Card,273380.8,Paid
PAY02798,O02798,Credit Card,154348.0,Failed
PAY02799,O02799,COD,9170.4,Paid
PAY02800,O02800,Net Banking,30351.7,Successful
PAY02801,O02801,UPI,3344.0,Refunded
PAY02802,O02802,COD,293907.3,Refunded
PAY02803,O02803,COD,158365.8,Successful
PAY02804,O02804,UPI,68471.25,Paid
PAY02805,O02805,COD,3069.9,Failed
PAY02806,O02806,COD,155979.55,Refunded
PAY02807,O02807,Credit Card,8281.8,Paid
PAY02808,O02808,UPI,4490.0,Paid
PAY02809,O02809,Wallet,21777.8,Paid
PAY02810,O02810,Net Banking,18494.15,Refunded
PAY02811,O02811,Wallet,37054.8,Paid
PAY02812,O02812,UPI,97098.0,Refunded
PAY02813,O02813,Debit Card,759.9,Paid
PAY02814,O02814,Wallet,10312.0,Refunded
PAY02815,O02815,Debit Card,119781.0,Paid
PAY02816,O02816,Net Banking,2421.0,Refunded
PAY02817,O02817,Credit Card,3811.4,Paid
PAY02818,O02818,Net Banking,40694.4,Failed
PAY02819,O02819,Wallet,97264.0,Failed
PAY02820,O02820,Debit Card,12600.0,Successful
PAY02821,O02821,Debit Card,38144.85,Paid
PAY02822,O02822,Credit Card,70735.0,Refunded
PAY02823,O02823,Credit Card,15963.2,Paid
PAY02824,O02824,COD,1777.5,Successful
PAY02825,O02825,Credit Card,1064.7,Paid
PAY02826,O02826,Credit Card,55569.9,Refunded
PAY02827,O02827,Debit Card,3218.4,Refunded
PAY02828,O02828,Wallet,213341.3,Failed
PAY02829,O02829,COD,20529.0,Paid
PAY02830,O02830,Net Banking,3198.0,Refunded
PAY02831,O02831,Debit Card,12771.0,Paid
PAY02832,O02832,Credit Card,8130.0,Paid
PAY02833,O02833,UPI,48356.8,Successful
PAY02834,O02834,Wallet,2417.4,Paid
PAY02835,O02835,Wallet,51558.4,Paid
PAY02836,O02836,UPI,13510.8,Refunded
PAY02837,O02837,Wallet,86996.5,Successful
PAY02838,O02838,Net Banking,35620.0,Paid
PAY02839,O02839,Net Banking,27372.0,Successful
PAY02840,O02840,Net Banking,9687.5,Paid
PAY02841,O02841,COD,7994.4,Paid
PAY02842,O02842,COD,153608.4,Refunded
PAY02843,O02843,Net Banking,60076.8,Refunded
PAY02844,O02844,UPI,62251.5,Refunded
PAY02845,O02845,Wallet,40552.4,Paid
PAY02846,O02846,Net Banking,283701.0,Failed
PAY02847,O02847,Credit Card,12669.0,Paid
PAY02848,O02848,Debit Card,22768.2,Paid
PAY02849,O02849,COD,28903.4,Paid
PAY02850,O02850,Net Banking,93710.8,Failed
PAY02851,O02851,Credit Card,16010.7,Failed
PAY02852,O02852,COD,176016.5,Paid
PAY02853,O02853,Wallet,226711.75,Failed
PAY02854,O02854,Debit Card,1125.75,Refunded
PAY02855,O02855,COD,1484.1,Paid
PAY02856,O02856,Wallet,82024.55,Successful
PAY02857,O02857,Net Banking,19368.0,Paid
PAY02858,O02858,COD,65501.8,Paid
PAY02859,O02859,Net Banking,183494.7,Failed
PAY02860,O02860,Credit Card,6935.0,Paid
PAY02861,O02861,Net Banking,26440.4,Refunded
PAY02862,O02862,Credit Card,81976.0,Refunded
PAY02863,O02863,Debit Card,43503.9,Paid
PAY02864,O02864,COD,11310.0,Paid
PAY02865,O02865,Credit Card,95038.0,Paid
PAY02866,O02866,Debit Card,948.0,Paid
PAY02867,O02867,Net Banking,25096.0,Paid
PAY02868,O02868,Net Banking,7014.8,Paid
PAY02869,O02869,Net Banking,69004.05,Paid
PAY02870,O02870,Net Banking,7300.0,Refunded
PAY02871,O02871,Credit Card,9684.0,Paid
PAY02872,O02872,UPI,6798.2,Successful
PAY02873,O02873,Wallet,10655.2,Paid
PAY02874,O02874,UPI,61287.6,Paid
PAY02875,O02875,Net Banking,113889.0,Paid
PAY02876,O02876,Wallet,6103.8,Paid
PAY02877,O02877,Debit Card,159182.25,Successful
PAY02878,O02878,Net Banking,2471.4,Successful
PAY02879,O02879,Debit Card,265524.85,Refunded
PAY02880,O02880,Net Banking,6735.0,Refunded
PAY02881,O02881,Credit Card,13738.4,Paid
PAY02882,O02882,UPI,100040.0,Paid
PAY02883,O02883,Net Banking,174662.75,Successful
PAY02884,O02884,Wallet,37548.0,Paid
PAY02885,O02885,Debit Card,56944.5,Refunded
PAY02886,O02886,Wallet,170458.0,Failed
PAY02887,O02887,Wallet,116836.0,Successful
PAY02888,O02888,UPI,16070.4,Refunded
PAY02889,O02889,Wallet,7130.7,Successful
PAY02890,O02890,Net Banking,10433.25,Successful
PAY02891,O02891,COD,552.9,Paid
PAY02892,O02892,Credit Card,152340.0,Refunded
PAY02893,O02893,UPI,18081.6,Paid
PAY02894,O02894,Debit Card,2978.25,Paid
PAY02895,O02895,Credit Card,133272.55,Paid
PAY02896,O02896,UPI,38817.65,Paid
PAY02897,O02897,Credit Card,8416.8,Paid
PAY02898,O02898,UPI,6822.0,Successful
PAY02899,O02899,UPI,2757.0,Paid
PAY02900,O02900,Wallet,2578.0,Refunded
PAY02901,O02901,Wallet,350877.6,Paid
PAY02902,O02902,Credit Card,53762.25,Paid
PAY02903,O02903,UPI,7784.0,Paid
PAY02904,O02904,COD,74165.6,Failed
PAY02905,O02905,Credit Card,28785.0,Paid
PAY02906,O02906,Debit Card,75939.85,Paid
PAY02907,O02907,UPI,183608.0,Paid
PAY02908,O02908,Net Banking,82289.1,Failed
PAY02909,O02909,UPI,4176.0,Paid
PAY02910,O02910,Wallet,181279.8,Refunded
PAY02911,O02911,COD,26444.4,Paid
PAY02912,O02912,Wallet,11201.6,Failed
PAY02913,O02913,Debit Card,38378.0,Failed
PAY02914,O02914,COD,53729.5,Refunded
PAY02915,O02915,Wallet,18404.0,Paid
PAY02916,O02916,COD,7553.25,Refunded
PAY02917,O02917,COD,93479.75,Successful
PAY02918,O02918,Credit Card,8221.6,Refunded
PAY02919,O02919,Credit Card,4086.0,Paid
PAY02920,O02920,Wallet,53811.5,Refunded
PAY02921,O02921,COD,116705.0,Paid
PAY02922,O02922,Net Banking,581222.6,Failed
PAY02923,O02923,COD,447306.8,Paid
PAY02924,O02924,COD,8945.0,Paid
PAY02925,O02925,Wallet,10346.4,Refunded
PAY02926,O02926,Wallet,223455.5,Successful
PAY02927,O02927,Credit Card,23841.2,Paid
PAY02928,O02928,Wallet,27840.55,Refunded
PAY02929,O02929,UPI,26583.3,Successful
PAY02930,O02930,Credit Card,222156.8,Paid
PAY02931,O02931,Debit Card,14724.0,Successful
PAY02932,O02932,Net Banking,97970.35,Successful
PAY02933,O02933,Credit Card,190616.3,Refunded
PAY02934,O02934,UPI,12737.0,Paid
PAY02935,O02935,COD,202849.6,Paid
PAY02936,O02936,Net Banking,11480.0,Paid
PAY02937,O02937,COD,24353.5,Refunded
PAY02938,O02938,COD,10098.0,Refunded
PAY02939,O02939,Net Banking,150765.95,Successful
PAY02940,O02940,UPI,179796.0,Successful
PAY02941,O02941,Wallet,15800.65,Successful
PAY02942,O02942,Wallet,12290.0,Refunded
PAY02943,O02943,Debit Card,76984.5,Paid
PAY02944,O02944,Debit Card,13012.4,Paid
PAY02945,O02945,UPI,1733.75,Paid
PAY02946,O02946,UPI,180480.0,Paid
PAY02947,O02947,UPI,98106.0,Refunded
PAY02948,O02948,Debit Card,58596.0,Paid
PAY02949,O02949,Wallet,83534.6,Failed
PAY02950,O02950,Net Banking,204104.85,Paid
PAY02951,O02951,Debit Card,262869.6,Paid
PAY02952,O02952,Net Banking,75279.9,Paid
PAY02953,O02953,UPI,61005.0,Paid
PAY02954,O02954,COD,976.0,Paid
PAY02955,O02955,COD,77822.0,Refunded
PAY02956,O02956,Credit Card,305546.6,Refunded
PAY02957,O02957,Debit Card,3005.2,Paid
PAY02958,O02958,Credit Card,120714.3,Paid
PAY02959,O02959,UPI,174404.0,Paid
PAY02960,O02960,Credit Card,274145.4,Successful
PAY02961,O02961,Credit Card,138908.5,Successful
PAY02962,O02962,Wallet,37592.2,Refunded
PAY02963,O02963,Debit Card,4875.4,Refunded
PAY02964,O02964,Credit Card,395294.65,Paid
PAY02965,O02965,Wallet,3516.0,Paid
PAY02966,O02966,Credit Card,4248.0,Refunded
PAY02967,O02967,Net Banking,158824.8,Paid
PAY02968,O02968,Credit Card,32520.0,Paid
PAY02969,O02969,UPI,22586.4,Paid
PAY02970,O02970,Credit Card,183373.7,Refunded
PAY02971,O02971,UPI,20879.1,Successful
PAY02972,O02972,Net Banking,387.0,Refunded
PAY02973,O02973,Credit Card,3504.6,Paid
PAY02974,O02974,Net Banking,17648.5,Successful
PAY02975,O02975,Net Banking,97237.0,Paid
PAY02976,O02976,COD,5786.9,Successful
PAY02977,O02977,Credit Card,52367.8,Successful
PAY02978,O02978,Net Banking,18827.4,Successful
PAY02979,O02979,UPI,16374.4,Paid
PAY02980,O02980,Net Banking,159030.75,Paid
PAY02981,O02981,Debit Card,9964.1,Paid
PAY02982,O02982,Wallet,5839.0,Paid
PAY02983,O02983,Net Banking,137570.25,Paid
PAY02984,O02984,Wallet,135054.0,Refunded
PAY02985,O02985,Debit Card,111072.1,Paid
PAY02986,O02986,COD,34847.8,Successful
PAY02987,O02987,COD,10125.6,Refunded
PAY02988,O02988,Credit Card,10458.9,Paid
PAY02989,O02989,Wallet,16492.0,Successful
PAY02990,O02990,Wallet,201757.0,Successful
PAY02991,O02991,UPI,144872.0,Successful
PAY02992,O02992,Wallet,234613.6,Paid
PAY02993,O02993,Net Banking,85169.5,Paid
PAY02994,O02994,COD,126241.8,Refunded
PAY02995,O02995,Credit Card,61434.6,Paid
PAY02996,O02996,Net Banking,255268.5,Successful
PAY02997,O02997,Credit Card,10960.75,Successful
PAY02998,O02998,UPI,6786.0,Refunded
PAY02999,O02999,Credit Card,34608.0,Paid
PAY03000,O03000,COD,2471.4,Refunded
PAY03001,O03001,UPI,5674.0,Paid
PAY03002,O03002,UPI,7849.8,Paid
PAY03003,O03003,UPI,55536.05,Successful
PAY03004,O03004,Wallet,120800.7,Successful
PAY03005,O03005,COD,19725.0,Paid
PAY03006,O03006,UPI,6303.0,Failed
PAY03007,O03007,Wallet,95448.0,Successful
PAY03008,O03008,Credit Card,257277.0,Successful
PAY03009,O03009,Wallet,4912.5,Refunded
PAY03010,O03010,Debit Card,1658.7,Paid
PAY03011,O03011,COD,15888.0,Successful
PAY03012,O03012,Wallet,24863.0,Paid
PAY03013,O03013,Credit Card,379357.25,Failed
PAY03014,O03014,Credit Card,3910.85,Paid
PAY03015,O03015,UPI,56309.25,Paid
PAY03016,O03016,COD,38085.0,Paid
PAY03017,O03017,Credit Card,26056.0,Failed
PAY03018,O03018,Credit Card,29869.55,Successful
PAY03019,O03019,Debit Card,44686.5,Paid
PAY03020,O03020,Debit Card,44186.15,Refunded
PAY03021,O03021,Wallet,235759.8,Paid
PAY03022,O03022,Wallet,32372.25,Paid
PAY03023,O03023,Debit Card,8119.2,Successful
PAY03024,O03024,Credit Card,687.0,Successful
PAY03025,O03025,COD,102500.1,Successful
PAY03026,O03026,Wallet,3167.25,Paid
PAY03027,O03027,Debit Card,33764.0,Refunded
PAY03028,O03028,Debit Card,114380.25,Refunded
PAY03029,O03029,Wallet,3970.35,Successful
PAY03030,O03030,UPI,20325.0,Successful
PAY03031,O03031,Debit Card,34884.1,Failed
PAY03032,O03032,Net Banking,229798.35,Successful
PAY03033,O03033,COD,170418.05,Successful
PAY03034,O03034,Net Banking,43447.75,Refunded
PAY03035,O03035,COD,5538.0,Refunded
PAY03036,O03036,Credit Card,17423.6,Paid
PAY03037,O03037,Wallet,148518.0,Refunded
PAY03038,O03038,UPI,120564.5,Failed
PAY03039,O03039,Net Banking,11304.0,Refunded
PAY03040,O03040,Net Banking,7887.0,Refunded
PAY03041,O03041,COD,1890.9,Paid
PAY03042,O03042,Credit Card,88985.85,Refunded
PAY03043,O03043,Net Banking,86312.25,Paid
PAY03044,O03044,COD,40520.4,Paid
PAY03045,O03045,Debit Card,33196.8,Refunded
PAY03046,O03046,Wallet,92223.0,Paid
PAY03047,O03047,UPI,58857.0,Successful
PAY03048,O03048,COD,91251.9,Refunded
PAY03049,O03049,Net Banking,202246.6,Paid
PAY03050,O03050,COD,176638.6,Paid
PAY03051,O03051,Credit Card,804.6,Paid
PAY03052,O03052,Credit Card,44392.0,Refunded
PAY03053,O03053,UPI,5978.35,Paid
PAY03054,O03054,Net Banking,10098.0,Refunded
PAY03055,O03055,Credit Card,22681.6,Paid
PAY03056,O03056,Wallet,1952.0,Paid
PAY03057,O03057,Debit Card,138429.0,Successful
PAY03058,O03058,Net Banking,379848.65,Paid
PAY03059,O03059,UPI,216852.0,Paid
PAY03060,O03060,Net Banking,143584.0,Paid
PAY03061,O03061,Credit Card,199144.5,Paid
PAY03062,O03062,Wallet,55316.0,Paid
PAY03063,O03063,COD,38701.5,Paid
PAY03064,O03064,Credit Card,1890.9,Paid
PAY03065,O03065,Net Banking,310579.0,Paid
PAY03066,O03066,COD,98955.2,Refunded
PAY03067,O03067,Debit Card,7156.0,Refunded
PAY03068,O03068,Debit Card,9782.4,Paid
PAY03069,O03069,Net Banking,17409.2,Paid
PAY03070,O03070,COD,113889.0,Paid
PAY03071,O03071,COD,138010.5,Paid
PAY03072,O03072,UPI,26905.5,Failed
PAY03073,O03073,Credit Card,49001.0,Refunded
PAY03074,O03074,Debit Card,158449.35,Paid
PAY03075,O03075,UPI,836.0,Failed
PAY03076,O03076,Debit Card,84677.0,Paid
PAY03077,O03077,Credit Card,181449.6,Paid
PAY03078,O03078,COD,6584.25,Paid
PAY03079,O03079,COD,119781.0,Paid
PAY03080,O03080,COD,139126.2,Paid
PAY03081,O03081,Credit Card,116669.85,Refunded
PAY03082,O03082,Debit Card,247167.0,Refunded
PAY03083,O03083,Net Banking,6729.6,Successful
PAY03084,O03084,Wallet,262742.3,Refunded
PAY03085,O03085,Net Banking,14009.7,Refunded
PAY03086,O03086,Wallet,46424.8,Successful
PAY03087,O03087,COD,56036.25,Paid
PAY03088,O03088,UPI,17367.9,Paid
PAY03089,O03089,UPI,4176.0,Successful
PAY03090,O03090,Credit Card,14444.75,Paid
PAY03091,O03091,UPI,513907.9,Paid
PAY03092,O03092,Net Banking,39778.4,Paid
PAY03093,O03093,UPI,6575.0,Paid
PAY03094,O03094,Net Banking,12279.6,Refunded
PAY03095,O03095,Net Banking,229014.0,Refunded
PAY03096,O03096,Wallet,218893.6,Refunded
PAY03097,O03097,COD,1833.45,Paid
PAY03098,O03098,Debit Card,1054.8,Paid
PAY03099,O03099,Wallet,31604.4,Successful
PAY03100,O03100,Net Banking,44907.2,Paid
PAY03101,O03101,COD,81466.45,Paid
PAY03102,O03102,Debit Card,15247.3,Paid
PAY03103,O03103,COD,76969.9,Paid
PAY03104,O03104,UPI,317062.4,Refunded
PAY03105,O03105,COD,113592.0,Refunded
PAY03106,O03106,COD,182390.8,Refunded
PAY03107,O03107,Debit Card,18476.0,Paid
PAY03108,O03108,COD,1881.0,Paid
PAY03109,O03109,UPI,33074.0,Refunded
PAY03110,O03110,COD,156074.0,Refunded
PAY03111,O03111,Debit Card,8172.0,Failed
PAY03112,O03112,Debit Card,22382.5,Successful
PAY03113,O03113,COD,13911.0,Paid
PAY03114,O03114,Wallet,10290.0,Refunded
PAY03115,O03115,Wallet,149005.0,Refunded
PAY03116,O03116,COD,87552.0,Paid
PAY03117,O03117,Wallet,1838.0,Paid
PAY03118,O03118,UPI,25647.9,Refunded
PAY03119,O03119,UPI,102829.5,Paid
PAY03120,O03120,Net Banking,449212.0,Refunded
PAY03121,O03121,Credit Card,24151.5,Successful
PAY03122,O03122,Wallet,11401.2,Successful
PAY03123,O03123,Credit Card,88107.0,Paid
PAY03124,O03124,Debit Card,52608.15,Successful
PAY03125,O03125,Wallet,1373.0,Paid
PAY03126,O03126,UPI,97408.6,Paid
PAY03127,O03127,Credit Card,20088.0,Refunded
PAY03128,O03128,Debit Card,26246.1,Paid
PAY03129,O03129,Wallet,6733.8,Paid
PAY03130,O03130,Wallet,3084.0,Failed
PAY03131,O03131,Credit Card,65549.2,Refunded
PAY03132,O03132,Net Banking,38844.0,Paid
PAY03133,O03133,Debit Card,21949.4,Paid
PAY03134,O03134,Debit Card,303704.9,Refunded
PAY03135,O03135,Wallet,32897.7,Paid
PAY03136,O03136,Debit Card,8220.0,Paid
PAY03137,O03137,Credit Card,11117.9,Paid
PAY03138,O03138,Net Banking,178699.8,Paid
PAY03139,O03139,COD,3411.0,Paid
PAY03140,O03140,Debit Card,2596.0,Paid
PAY03141,O03141,Net Banking,43916.8,Refunded
PAY03142,O03142,Net Banking,4124.8,Paid
PAY03143,O03143,Credit Card,57650.4,Successful
PAY03144,O03144,Net Banking,136585.6,Successful
PAY03145,O03145,COD,1746.0,Failed
PAY03146,O03146,COD,38741.3,Paid
PAY03147,O03147,Net Banking,17181.6,Paid
PAY03148,O03148,UPI,15295.5,Successful
PAY03149,O03149,Credit Card,18597.15,Refunded
PAY03150,O03150,COD,11204.5,Paid
PAY03151,O03151,Net Banking,3204.0,Refunded
PAY03152,O03152,Net Banking,314322.35,Refunded
PAY03153,O03153,Credit Card,187201.65,Refunded
PAY03154,O03154,Net Banking,3386.4,Refunded
PAY03155,O03155,Net Banking,148309.25,Paid
PAY03156,O03156,UPI,19410.4,Paid
PAY03157,O03157,Net Banking,60786.0,Paid
PAY03158,O03158,Net Banking,64099.65,Paid
PAY03159,O03159,Credit Card,40219.2,Paid
PAY03160,O03160,Net Banking,7404.6,Refunded
PAY03161,O03161,Net Banking,48276.6,Paid
PAY03162,O03162,COD,90112.7,Paid
PAY03163,O03163,Credit Card,508.5,Successful
PAY03164,O03164,UPI,56133.5,Paid
PAY03165,O03165,Wallet,714.0,Paid
PAY03166,O03166,Debit Card,5538.0,Paid
PAY03167,O03167,UPI,47622.6,Refunded
PAY03168,O03168,Wallet,55732.1,Paid
PAY03169,O03169,COD,24216.3,Paid
PAY03170,O03170,COD,303358.05,Paid
PAY03171,O03171,Net Banking,10265.4,Refunded
PAY03172,O03172,UPI,107247.6,Paid
PAY03173,O03173,Wallet,162744.5,Paid
PAY03174,O03174,COD,387607.6,Paid
PAY03175,O03175,UPI,3364.2,Paid
PAY03176,O03176,COD,143737.2,Failed
PAY03177,O03177,Credit Card,2595.2,Paid
PAY03178,O03178,Debit Card,57056.1,Successful
PAY03179,O03179,UPI,88797.7,Paid
PAY03180,O03180,Credit Card,195175.2,Paid
PAY03181,O03181,Debit Card,13025.4,Paid
PAY03182,O03182,UPI,11684.8,Successful
PAY03183,O03183,Debit Card,12279.6,Successful
PAY03184,O03184,Credit Card,5924.0,Successful
PAY03185,O03185,COD,107628.95,Paid
PAY03186,O03186,COD,10071.0,Paid
PAY03187,O03187,Debit Card,183624.0,Paid
PAY03188,O03188,Net Banking,27393.0,Paid
PAY03189,O03189,Net Banking,28692.0,Failed
PAY03190,O03190,Wallet,17200.0,Paid
PAY03191,O03191,Credit Card,52855.2,Refunded
PAY03192,O03192,Debit Card,49479.25,Paid
PAY03193,O03193,Net Banking,73206.0,Refunded
PAY03194,O03194,COD,214868.25,Failed
PAY03195,O03195,UPI,53778.8,Successful
PAY03196,O03196,Credit Card,4219.2,Refunded
PAY03197,O03197,UPI,162680.0,Paid
PAY03198,O03198,COD,2858.55,Refunded
PAY03199,O03199,Debit Card,62262.55,Successful
PAY03200,O03200,Credit Card,73333.2,Paid
PAY03201,O03201,Debit Card,255752.7,Successful
PAY03202,O03202,Wallet,217389.6,Successful
PAY03203,O03203,UPI,124005.15,Refunded
PAY03204,O03204,Credit Card,21593.3,Successful
PAY03205,O03205,Debit Card,55536.05,Refunded
PAY03206,O03206,UPI,216225.0,Successful
PAY03207,O03207,Debit Card,23133.6,Refunded
PAY03208,O03208,COD,41732.4,Paid
PAY03209,O03209,Credit Card,231013.4,Refunded
PAY03210,O03210,Net Banking,290746.0,Refunded
PAY03211,O03211,COD,36829.7,Successful
PAY03212,O03212,COD,40884.3,Paid
PAY03213,O03213,Net Banking,120628.0,Successful
PAY03214,O03214,COD,2002.4,Failed
PAY03215,O03215,COD,3057.0,Successful
PAY03216,O03216,Debit Card,1571.4,Paid
PAY03217,O03217,UPI,98911.5,Refunded
PAY03218,O03218,Debit Card,2775.6,Paid
PAY03219,O03219,Wallet,67174.0,Successful
PAY03220,O03220,Credit Card,10264.0,Paid
PAY03221,O03221,UPI,107016.3,Successful
PAY03222,O03222,Wallet,176570.25,Successful
PAY03223,O03223,COD,82061.1,Paid
PAY03224,O03224,Debit Card,13126.0,Refunded
PAY03225,O03225,Net Banking,78904.5,Paid
PAY03226,O03226,Net Banking,4035.8,Refunded
PAY03227,O03227,UPI,102829.5,Successful
PAY03228,O03228,UPI,284903.6,Paid
PAY03229,O03229,Wallet,75279.9,Paid
PAY03230,O03230,COD,5822.55,Paid
PAY03231,O03231,Debit Card,76652.65,Refunded
PAY03232,O03232,Net Banking,49099.7,Refunded
PAY03233,O03233,Debit Card,171877.95,Paid
PAY03234,O03234,Credit Card,18556.3,Successful
PAY03235,O03235,Wallet,13960.5,Paid
PAY03236,O03236,Debit Card,153345.0,Refunded
PAY03237,O03237,UPI,1082.0,Failed
PAY03238,O03238,Wallet,18269.6,Paid
PAY03239,O03239,Net Banking,13441.4,Refunded
PAY03240,O03240,Debit Card,714.0,Refunded
PAY03241,O03241,Credit Card,642.6,Successful
PAY03242,O03242,Net Banking,61272.0,Paid
PAY03243,O03243,UPI,194691.6,Paid
PAY03244,O03244,Net Banking,43990.5,Paid
PAY03245,O03245,Net Banking,46319.0,Refunded
PAY03246,O03246,COD,100789.65,Paid
PAY03247,O03247,COD,51743.4,Paid
PAY03248,O03248,Debit Card,92973.0,Failed
PAY03249,O03249,Net Banking,78288.3,Paid
PAY03250,O03250,UPI,269692.8,Failed
PAY03251,O03251,COD,80087.45,Paid
PAY03252,O03252,Debit Card,3164.4,Successful
PAY03253,O03253,Credit Card,1465.6,Paid
PAY03254,O03254,Net Banking,120824.85,Paid
PAY03255,O03255,Wallet,37998.95,Successful
PAY03256,O03256,UPI,36007.3,Successful
PAY03257,O03257,Wallet,112666.0,Refunded
PAY03258,O03258,Net Banking,14717.8,Refunded
PAY03259,O03259,COD,206527.4,Paid
PAY03260,O03260,Credit Card,118143.5,Paid
PAY03261,O03261,Net Banking,380183.6,Paid
PAY03262,O03262,Debit Card,30563.0,Failed
PAY03263,O03263,COD,60697.0,Paid
PAY03264,O03264,Wallet,37029.8,Paid
PAY03265,O03265,Credit Card,36510.0,Paid
PAY03266,O03266,Debit Card,5672.7,Paid
PAY03267,O03267,Wallet,7603.25,Refunded
PAY03268,O03268,Credit Card,3831.0,Paid
PAY03269,O03269,Debit Card,44973.9,Paid
PAY03270,O03270,COD,16022.0,Failed
PAY03271,O03271,COD,168816.2,Paid
PAY03272,O03272,Wallet,13919.4,Paid
PAY03273,O03273,Net Banking,99342.0,Refunded
PAY03274,O03274,Net Banking,9158.0,Successful
PAY03275,O03275,Debit Card,78776.85,Failed
PAY03276,O03276,Debit Card,4153.6,Refunded
PAY03277,O03277,COD,2848.0,Successful
PAY03278,O03278,Wallet,99835.2,Paid
PAY03279,O03279,UPI,155099.05,Paid
PAY03280,O03280,UPI,55464.0,Paid
PAY03281,O03281,COD,205292.0,Paid
PAY03282,O03282,UPI,8972.8,Paid
PAY03283,O03283,UPI,15415.5,Paid
PAY03284,O03284,Credit Card,54896.0,Successful
PAY03285,O03285,Net Banking,86827.95,Successful
PAY03286,O03286,UPI,126811.6,Successful
PAY03287,O03287,COD,9690.6,Paid
PAY03288,O03288,COD,10510.2,Refunded
PAY03289,O03289,Wallet,1130.0,Successful
PAY03290,O03290,Debit Card,162142.2,Paid
PAY03291,O03291,Wallet,14190.0,Paid
PAY03292,O03292,Net Banking,314164.25,Refunded
PAY03293,O03293,Credit Card,1796.0,Successful
PAY03294,O03294,Wallet,63900.8,Successful
PAY03295,O03295,Net Banking,117476.0,Paid
PAY03296,O03296,UPI,35780.0,Failed
PAY03297,O03297,Wallet,2757.4,Paid
PAY03298,O03298,Credit Card,19730.0,Paid
PAY03299,O03299,UPI,84248.85,Failed
PAY03300,O03300,Credit Card,21221.1,Paid
PAY03301,O03301,COD,16047.4,Failed
PAY03302,O03302,Debit Card,106837.5,Paid
PAY03303,O03303,Debit Card,96676.4,Paid
PAY03304,O03304,Net Banking,13745.0,Paid
PAY03305,O03305,COD,5098.65,Paid
PAY03306,O03306,Net Banking,49032.8,Paid
PAY03307,O03307,COD,142999.0,Refunded
PAY03308,O03308,Net Banking,286087.95,Refunded
PAY03309,O03309,Net Banking,69790.2,Successful
PAY03310,O03310,UPI,314757.5,Successful
PAY03311,O03311,Credit Card,54304.2,Paid
PAY03312,O03312,Credit Card,62987.85,Paid
PAY03313,O03313,Credit Card,60701.0,Refunded
PAY03314,O03314,COD,254460.0,Paid
PAY03315,O03315,UPI,253248.2,Paid
PAY03316,O03316,Net Banking,114012.0,Failed
PAY03317,O03317,UPI,4730.1,Successful
PAY03318,O03318,Net Banking,29450.8,Refunded
PAY03319,O03319,Debit Card,84382.4,Paid
PAY03320,O03320,Net Banking,120946.5,Paid
PAY03321,O03321,COD,19368.0,Paid
PAY03322,O03322,Debit Card,42820.0,Refunded
PAY03323,O03323,COD,23864.5,Successful
PAY03324,O03324,Debit Card,44645.6,Paid
PAY03325,O03325,Net Banking,3666.9,Paid
PAY03326,O03326,UPI,29808.6,Successful
PAY03327,O03327,COD,85106.7,Paid
PAY03328,O03328,UPI,4443.0,Failed
PAY03329,O03329,Credit Card,80407.0,Refunded
PAY03330,O03330,Credit Card,511673.4,Paid
PAY03331,O03331,Debit Card,129875.5,Paid
PAY03332,O03332,Debit Card,80631.0,Refunded
PAY03333,O03333,Net Banking,84524.8,Paid
PAY03334,O03334,UPI,13976.3,Refunded
PAY03335,O03335,Net Banking,7747.2,Paid
PAY03336,O03336,UPI,179741.0,Refunded
PAY03337,O03337,Wallet,43820.7,Paid
PAY03338,O03338,Wallet,62527.7,Paid
PAY03339,O03339,Net Banking,123437.8,Paid
PAY03340,O03340,UPI,8810.3,Paid
PAY03341,O03341,UPI,1774.5,Successful
PAY03342,O03342,Debit Card,126286.7,Refunded
PAY03343,O03343,Wallet,149803.0,Successful
PAY03344,O03344,COD,143845.6,Paid
PAY03345,O03345,Credit Card,32575.5,Successful
PAY03346,O03346,Wallet,11597.4,Paid
PAY03347,O03347,Wallet,234366.0,Paid
PAY03348,O03348,Net Banking,107084.0,Refunded
PAY03349,O03349,UPI,327019.65,Paid
PAY03350,O03350,COD,138863.25,Refunded
PAY03351,O03351,Debit Card,35179.9,Successful
PAY03352,O03352,Credit Card,241220.7,Paid
PAY03353,O03353,Debit Card,34004.0,Paid
PAY03354,O03354,Wallet,165648.6,Paid
PAY03355,O03355,UPI,34542.0,Refunded
PAY03356,O03356,Credit Card,23916.0,Paid
PAY03357,O03357,Wallet,10433.25,Paid
PAY03358,O03358,Debit Card,5240.25,Paid
PAY03359,O03359,Credit Card,16283.2,Refunded
PAY03360,O03360,Debit Card,154804.0,Paid
PAY03361,O03361,Debit Card,143037.0,Paid
PAY03362,O03362,Credit Card,6129.0,Refunded
PAY03363,O03363,UPI,12362.4,Paid
PAY03364,O03364,COD,124383.0,Successful
PAY03365,O03365,Debit Card,176355.9,Paid
PAY03366,O03366,COD,18548.0,Successful
PAY03367,O03367,UPI,521371.1,Paid
PAY03368,O03368,COD,15301.8,Paid
PAY03369,O03369,Debit Card,6446.45,Paid
PAY03370,O03370,Wallet,117760.0,Failed
PAY03371,O03371,Debit Card,16070.4,Paid
PAY03372,O03372,Credit Card,28526.4,Paid
PAY03373,O03373,UPI,345280.8,Paid
PAY03374,O03374,UPI,92614.3,Refunded
PAY03375,O03375,Wallet,229734.4,Paid
PAY03376,O03376,COD,129162.5,Successful
PAY03377,O03377,UPI,28737.0,Successful
PAY03378,O03378,UPI,15206.5,Paid
PAY03379,O03379,Wallet,4219.0,Refunded
PAY03380,O03380,Wallet,190076.0,Refunded
PAY03381,O03381,Net Banking,42214.3,Paid
PAY03382,O03382,Debit Card,129735.0,Paid
PAY03383,O03383,UPI,17978.0,Paid
PAY03384,O03384,UPI,90471.0,Paid
PAY03385,O03385,UPI,142110.2,Paid
PAY03386,O03386,Net Banking,24227.85,Successful
PAY03387,O03387,COD,184138.6,Successful
PAY03388,O03388,Debit Card,334297.0,Paid
PAY03389,O03389,UPI,18564.9,Paid
PAY03390,O03390,UPI,19699.1,Refunded
PAY03391,O03391,COD,343036.0,Paid
PAY03392,O03392,COD,160813.8,Successful
PAY03393,O03393,Debit Card,22660.0,Paid
PAY03394,O03394,Credit Card,162680.0,Paid
PAY03395,O03395,Wallet,3462.4,Paid
PAY03396,O03396,Wallet,7095.0,Refunded
PAY03397,O03397,Wallet,82974.0,Successful
PAY03398,O03398,Credit Card,24376.0,Paid
PAY03399,O03399,Credit Card,193222.25,Paid
PAY03400,O03400,Wallet,22054.5,Paid
PAY03401,O03401,Debit Card,8628.0,Paid
PAY03402,O03402,UPI,12661.6,Successful
PAY03403,O03403,UPI,136464.0,Paid
PAY03404,O03404,Debit Card,102273.0,Refunded
PAY03405,O03405,Net Banking,94288.8,Paid
PAY03406,O03406,COD,291504.5,Refunded
PAY03407,O03407,Wallet,3811.4,Refunded
PAY03408,O03408,Credit Card,105656.0,Paid
PAY03409,O03409,Wallet,229349.3,Successful
PAY03410,O03410,COD,18400.6,Paid
PAY03411,O03411,Net Banking,36172.8,Paid
PAY03412,O03412,Net Banking,220170.7,Paid
PAY03413,O03413,Wallet,1045.0,Successful
PAY03414,O03414,Credit Card,223381.5,Failed
PAY03415,O03415,Debit Card,113889.0,Failed
PAY03416,O03416,COD,16423.2,Paid
PAY03417,O03417,UPI,34312.75,Successful
PAY03418,O03418,Debit Card,58699.0,Paid
PAY03419,O03419,UPI,18140.6,Refunded
PAY03420,O03420,Debit Card,166539.95,Successful
PAY03421,O03421,Net Banking,7225.85,Paid
PAY03422,O03422,UPI,62571.6,Refunded
PAY03423,O03423,COD,230185.6,Failed
PAY03424,O03424,Wallet,35750.4,Paid
PAY03425,O03425,Wallet,36964.0,Successful
PAY03426,O03426,Net Banking,341946.5,Paid
PAY03427,O03427,Net Banking,53879.8,Paid
PAY03428,O03428,Credit Card,1305.3,Refunded
PAY03429,O03429,Debit Card,6052.5,Paid
PAY03430,O03430,COD,11010.0,Paid
PAY03431,O03431,Net Banking,17200.0,Refunded
PAY03432,O03432,Wallet,14793.75,Paid
PAY03433,O03433,Credit Card,106720.0,Paid
PAY03434,O03434,Credit Card,33432.0,Successful
PAY03435,O03435,Credit Card,8724.4,Paid
PAY03436,O03436,Debit Card,64868.3,Paid
PAY03437,O03437,Net Banking,5783.4,Paid
PAY03438,O03438,Debit Card,93893.2,Paid
PAY03439,O03439,Net Banking,5691.6,Paid
PAY03440,O03440,Wallet,204940.0,Failed
PAY03441,O03441,Credit Card,290312.8,Paid
PAY03442,O03442,UPI,42533.45,Paid
PAY03443,O03443,Net Banking,78358.05,Paid
PAY03444,O03444,Net Banking,23958.9,Successful
PAY03445,O03445,Debit Card,19140.3,Paid
PAY03446,O03446,Credit Card,154366.2,Failed
PAY03447,O03447,COD,6696.0,Paid
PAY03448,O03448,Wallet,182968.1,Refunded
PAY03449,O03449,UPI,50214.4,Paid
PAY03450,O03450,Wallet,49293.6,Paid
PAY03451,O03451,UPI,44686.5,Paid
PAY03452,O03452,COD,321628.0,Successful
PAY03453,O03453,UPI,31648.3,Failed
PAY03454,O03454,UPI,15780.0,Paid
PAY03455,O03455,Debit Card,15208.0,Paid
PAY03456,O03456,Credit Card,83739.4,Refunded
PAY03457,O03457,Credit Card,289465.2,Paid
PAY03458,O03458,Debit Card,32346.0,Refunded
PAY03459,O03459,UPI,155568.6,Refunded
PAY03460,O03460,COD,128292.75,Paid
PAY03461,O03461,COD,145713.5,Refunded
PAY03462,O03462,COD,10738.8,Paid
PAY03463,O03463,Debit Card,11507.8,Paid
PAY03464,O03464,Wallet,112618.5,Successful
PAY03465,O03465,Wallet,12674.6,Paid
PAY03466,O03466,UPI,170600.4,Successful
PAY03467,O03467,Net Banking,97788.6,Refunded
PAY03468,O03468,Wallet,3845.4,Refunded
PAY03469,O03469,COD,27437.4,Refunded
PAY03470,O03470,Net Banking,21951.0,Paid
PAY03471,O03471,Debit Card,16260.0,Paid
PAY03472,O03472,Credit Card,160650.95,Failed
PAY03473,O03473,Debit Card,19139.5,Refunded
PAY03474,O03474,Credit Card,27829.5,Successful
PAY03475,O03475,Net Banking,29945.25,Successful
PAY03476,O03476,COD,143354.0,Paid
PAY03477,O03477,Net Banking,12376.6,Paid
PAY03478,O03478,Debit Card,118060.3,Refunded
PAY03479,O03479,Wallet,51376.95,Successful
PAY03480,O03480,Debit Card,110632.0,Refunded
PAY03481,O03481,Debit Card,169640.0,Paid
PAY03482,O03482,COD,110278.6,Paid
PAY03483,O03483,Net Banking,115278.75,Successful
PAY03484,O03484,Debit Card,63763.8,Paid
PAY03485,O03485,UPI,94127.05,Paid
PAY03486,O03486,Credit Card,23028.0,Paid
PAY03487,O03487,Credit Card,3811.4,Successful
PAY03488,O03488,Net Banking,92813.0,Paid
PAY03489,O03489,COD,162979.0,Paid
PAY03490,O03490,Credit Card,43624.55,Paid
PAY03491,O03491,Credit Card,4720.0,Paid
PAY03492,O03492,Net Banking,6959.7,Successful
PAY03493,O03493,UPI,3611.9,Refunded
PAY03494,O03494,COD,6218.1,Paid
PAY03495,O03495,Credit Card,51404.5,Failed
PAY03496,O03496,COD,67853.25,Paid
PAY03497,O03497,Debit Card,259084.1,Successful
PAY03498,O03498,UPI,39337.8,Refunded
PAY03499,O03499,Credit Card,2012.8,Paid
PAY03500,O03500,Wallet,221125.1,Paid
PAY03501,O03501,Wallet,6755.4,Paid
PAY03502,O03502,Net Banking,256850.8,Successful
PAY03503,O03503,Net Banking,116612.0,Paid
PAY03504,O03504,UPI,14673.6,Paid
PAY03505,O03505,Debit Card,339280.0,Paid
PAY03506,O03506,Debit Card,195326.2,Paid
PAY03507,O03507,COD,217171.6,Successful
PAY03508,O03508,Wallet,166004.0,Refunded
PAY03509,O03509,Credit Card,234366.0,Successful
PAY03510,O03510,Credit Card,3750.4,Failed
PAY03511,O03511,UPI,18424.8,Successful
PAY03512,O03512,Debit Card,247646.7,Paid
PAY03513,O03513,Credit Card,34849.05,Refunded
PAY03514,O03514,Credit Card,65597.9,Successful
PAY03515,O03515,Credit Card,72653.0,Paid
PAY03516,O03516,Net Banking,206.4,Successful
PAY03517,O03517,Wallet,211577.95,Successful
PAY03518,O03518,Credit Card,6862.1,Failed
PAY03519,O03519,Wallet,151108.0,Successful
PAY03520,O03520,Debit Card,18797.1,Paid
PAY03521,O03521,COD,178059.0,Refunded
PAY03522,O03522,Credit Card,52613.1,Successful
PAY03523,O03523,Net Banking,98263.2,Refunded
PAY03524,O03524,Debit Card,380547.85,Successful
PAY03525,O03525,COD,51074.8,Paid
PAY03526,O03526,Debit Card,303012.0,Successful
PAY03527,O03527,Credit Card,3972.0,Failed
PAY03528,O03528,Wallet,9210.6,Paid
PAY03529,O03529,Wallet,2054.3,Successful
PAY03530,O03530,COD,2413.8,Refunded
PAY03531,O03531,Debit Card,52878.6,Paid
PAY03532,O03532,Debit Card,3462.4,Paid
PAY03533,O03533,Wallet,56588.15,Paid
PAY03534,O03534,COD,142732.5,Paid
PAY03535,O03535,Net Banking,20731.5,Successful
PAY03536,O03536,Net Banking,14656.0,Paid
PAY03537,O03537,COD,35956.0,Paid
PAY03538,O03538,Net Banking,57298.3,Paid
PAY03539,O03539,UPI,47144.4,Paid
PAY03540,O03540,Net Banking,6067.3,Paid
PAY03541,O03541,UPI,9496.0,Refunded
PAY03542,O03542,Debit Card,289233.5,Paid
PAY03543,O03543,UPI,63615.0,Paid
PAY03544,O03544,Net Banking,141238.0,Paid
PAY03545,O03545,COD,243836.1,Paid
PAY03546,O03546,COD,4157.1,Successful
PAY03547,O03547,COD,488.0,Successful
PAY03548,O03548,UPI,11120.55,Paid
PAY03549,O03549,Debit Card,68219.7,Paid
PAY03550,O03550,UPI,265486.3,Refunded
PAY03551,O03551,Net Banking,27448.0,Paid
PAY03552,O03552,Wallet,9639.0,Successful
PAY03553,O03553,Credit Card,29623.8,Successful
PAY03554,O03554,UPI,113538.75,Paid
PAY03555,O03555,Wallet,3246.0,Paid
PAY03556,O03556,Net Banking,70430.2,Paid
PAY03557,O03557,Wallet,2152.0,Paid
PAY03558,O03558,Debit Card,107772.0,Successful
PAY03559,O03559,Credit Card,11086.9,Paid
PAY03560,O03560,Credit Card,343953.85,Paid
PAY03561,O03561,Net Banking,53623.8,Paid
PAY03562,O03562,Debit Card,11315.3,Paid
PAY03563,O03563,UPI,8417.25,Successful
PAY03564,O03564,COD,18476.1,Successful
PAY03565,O03565,Net Banking,543623.25,Paid
PAY03566,O03566,Debit Card,61023.2,Refunded
PAY03567,O03567,Debit Card,15765.3,Paid
PAY03568,O03568,Debit Card,34470.85,Failed
PAY03569,O03569,Net Banking,2997.0,Paid
PAY03570,O03570,Wallet,392336.0,Paid
PAY03571,O03571,COD,50020.0,Paid
PAY03572,O03572,Wallet,2595.2,Successful
PAY03573,O03573,UPI,12188.0,Paid
PAY03574,O03574,Wallet,133317.2,Paid
PAY03575,O03575,Wallet,261096.0,Failed
PAY03576,O03576,Credit Card,1183.0,Successful
PAY03577,O03577,Wallet,104852.6,Paid
PAY03578,O03578,UPI,34607.4,Successful
PAY03579,O03579,Credit Card,16628.4,Failed
PAY03580,O03580,Debit Card,20917.8,Refunded
PAY03581,O03581,Net Banking,370639.8,Paid
PAY03582,O03582,COD,60786.0,Paid
PAY03583,O03583,UPI,1167.05,Failed
PAY03584,O03584,Credit Card,64238.0,Paid
PAY03585,O03585,Credit Card,11381.0,Paid
PAY03586,O03586,COD,16977.0,Paid
PAY03587,O03587,Debit Card,15881.4,Refunded
PAY03588,O03588,Wallet,3083.2,Paid
PAY03589,O03589,Credit Card,53430.3,Paid
PAY03590,O03590,Net Banking,89050.0,Paid
PAY03591,O03591,UPI,8677.15,Paid
PAY03592,O03592,Wallet,36595.55,Paid
PAY03593,O03593,Net Banking,36064.85,Paid
PAY03594,O03594,UPI,32517.2,Paid
PAY03595,O03595,COD,81056.8,Successful
PAY03596,O03596,Wallet,31077.6,Refunded
PAY03597,O03597,Net Banking,9684.0,Paid
PAY03598,O03598,Wallet,9271.8,Paid
PAY03599,O03599,COD,49201.6,Successful
PAY03600,O03600,COD,152676.0,Paid
PAY03601,O03601,Debit Card,103809.4,Paid
PAY03602,O03602,Wallet,89854.8,Paid
PAY03603,O03603,Debit Card,42056.1,Refunded
PAY03604,O03604,Debit Card,93592.0,Refunded
PAY03605,O03605,COD,14927.4,Paid
PAY03606,O03606,UPI,73206.0,Paid
PAY03607,O03607,Credit Card,268191.6,Failed
PAY03608,O03608,Credit Card,44951.55,Refunded
PAY03609,O03609,Debit Card,324028.5,Paid
PAY03610,O03610,Net Banking,16350.1,Paid
PAY03611,O03611,COD,121994.0,Refunded
PAY03612,O03612,Credit Card,5640.35,Refunded
PAY03613,O03613,Debit Card,75225.0,Failed
PAY03614,O03614,Credit Card,49777.7,Paid
PAY03615,O03615,Wallet,129240.8,Paid
PAY03616,O03616,Debit Card,255262.7,Paid
PAY03617,O03617,Wallet,26056.0,Failed
PAY03618,O03618,Net Banking,580740.2,Successful
PAY03619,O03619,Debit Card,27890.4,Refunded
PAY03620,O03620,Net Banking,143737.2,Paid
PAY03621,O03621,Wallet,55545.3,Successful
PAY03622,O03622,Wallet,147425.1,Paid
PAY03623,O03623,Wallet,114867.2,Paid
PAY03624,O03624,Credit Card,190845.0,Successful
PAY03625,O03625,COD,27921.0,Paid
PAY03626,O03626,Credit Card,18282.0,Paid
PAY03627,O03627,Debit Card,21725.7,Paid
PAY03628,O03628,Credit Card,190662.4,Paid
PAY03629,O03629,COD,234774.0,Failed
PAY03630,O03630,Net Banking,12279.6,Failed
PAY03631,O03631,UPI,5611.5,Successful
PAY03632,O03632,COD,5390.05,Paid
PAY03633,O03633,Wallet,37526.8,Paid
PAY03634,O03634,Wallet,59030.15,Paid
PAY03635,O03635,Debit Card,52633.2,Paid
PAY03636,O03636,UPI,178746.0,Paid
PAY03637,O03637,Credit Card,5357.55,Failed
PAY03638,O03638,Net Banking,193013.3,Successful
PAY03639,O03639,Net Banking,11220.0,Failed
PAY03640,O03640,Credit Card,131593.8,Paid
PAY03641,O03641,COD,162504.15,Paid
PAY03642,O03642,Net Banking,1279.2,Successful
PAY03643,O03643,Net Banking,218690.95,Failed
PAY03644,O03644,Debit Card,1812.2,Paid
PAY03645,O03645,Net Banking,321449.45,Failed
PAY03646,O03646,Wallet,216225.0,Refunded
PAY03647,O03647,Wallet,180178.9,Paid
PAY03648,O03648,Debit Card,10676.5,Paid
PAY03649,O03649,Debit Card,53678.4,Paid
PAY03650,O03650,Wallet,14354.5,Refunded
PAY03651,O03651,COD,158365.8,Paid
PAY03652,O03652,Net Banking,2921.4,Refunded
PAY03653,O03653,Net Banking,1297.6,Refunded
PAY03654,O03654,Wallet,32716.55,Paid
PAY03655,O03655,UPI,24350.75,Paid
PAY03656,O03656,COD,28449.0,Paid
PAY03657,O03657,UPI,105799.5,Successful
PAY03658,O03658,Credit Card,87459.0,Refunded
PAY03659,O03659,Wallet,146270.7,Paid
PAY03660,O03660,Debit Card,147.6,Paid
PAY03661,O03661,Wallet,1968.0,Successful
PAY03662,O03662,UPI,14692.7,Paid
PAY03663,O03663,Wallet,167559.2,Paid
PAY03664,O03664,Credit Card,35876.0,Refunded
PAY03665,O03665,Net Banking,29892.8,Refunded
PAY03666,O03666,Wallet,5462.1,Refunded
PAY03667,O03667,Debit Card,6066.45,Failed
PAY03668,O03668,Credit Card,8187.2,Successful
PAY03669,O03669,Credit Card,32386.45,Refunded
PAY03670,O03670,Credit Card,9567.45,Paid
PAY03671,O03671,COD,1705.6,Successful
PAY03672,O03672,Credit Card,14891.2,Refunded
PAY03673,O03673,Debit Card,76154.0,Successful
PAY03674,O03674,COD,19915.4,Refunded
PAY03675,O03675,COD,3676.0,Paid
PAY03676,O03676,Credit Card,373945.0,Refunded
PAY03677,O03677,Credit Card,52509.6,Paid
PAY03678,O03678,Credit Card,79296.3,Refunded
PAY03679,O03679,Debit Card,29268.0,Failed
PAY03680,O03680,Credit Card,162050.8,Failed
PAY03681,O03681,Net Banking,17444.0,Refunded
PAY03682,O03682,Net Banking,273710.6,Paid
PAY03683,O03683,Wallet,14526.0,Successful
PAY03684,O03684,Wallet,164028.75,Paid
PAY03685,O03685,Credit Card,87459.0,Refunded
PAY03686,O03686,Credit Card,127384.2,Paid
PAY03687,O03687,Net Banking,135054.0,Paid
PAY03688,O03688,Credit Card,112644.0,Successful
PAY03689,O03689,UPI,144497.1,Paid
PAY03690,O03690,COD,15193.6,Successful
PAY03691,O03691,Wallet,64931.0,Successful
PAY03692,O03692,Wallet,175377.0,Paid
PAY03693,O03693,Credit Card,7650.9,Paid
PAY03694,O03694,Credit Card,3429.8,Paid
PAY03695,O03695,Wallet,258698.7,Paid
PAY03696,O03696,Wallet,5712.0,Paid
PAY03697,O03697,UPI,39877.9,Paid
PAY03698,O03698,UPI,156727.2,Paid
PAY03699,O03699,Credit Card,123249.6,Refunded
PAY03700,O03700,Wallet,9812.25,Paid
PAY03701,O03701,Credit Card,42766.8,Refunded
PAY03702,O03702,UPI,291580.6,Paid
PAY03703,O03703,Credit Card,1947.0,Successful
PAY03704,O03704,Wallet,136666.8,Paid
PAY03705,O03705,COD,6518.0,Paid
PAY03706,O03706,Debit Card,199471.3,Paid
PAY03707,O03707,Debit Card,39247.8,Paid
PAY03708,O03708,UPI,60064.8,Paid
PAY03709,O03709,UPI,28974.4,Paid
PAY03710,O03710,Wallet,448298.6,Refunded
PAY03711,O03711,Wallet,93710.8,Successful
PAY03712,O03712,Credit Card,153608.0,Paid
PAY03713,O03713,Net Banking,112115.4,Successful
PAY03714,O03714,Net Banking,26300.0,Paid
PAY03715,O03715,Wallet,22307.4,Failed
PAY03716,O03716,Net Banking,36255.6,Paid
PAY03717,O03717,COD,6843.6,Successful
PAY03718,O03718,Wallet,18621.5,Paid
PAY03719,O03719,COD,60205.8,Paid
PAY03720,O03720,COD,245647.2,Successful
PAY03721,O03721,COD,32349.6,Paid
PAY03722,O03722,Wallet,26898.6,Refunded
PAY03723,O03723,UPI,24467.25,Paid
PAY03724,O03724,Wallet,146412.0,Paid
PAY03725,O03725,Debit Card,20000.4,Paid
PAY03726,O03726,Wallet,30671.4,Paid
PAY03727,O03727,Credit Card,139028.3,Paid
PAY03728,O03728,COD,15480.0,Successful
PAY03729,O03729,Net Banking,3450.75,Successful
PAY03730,O03730,Credit Card,20432.0,Successful
PAY03731,O03731,Debit Card,223469.4,Paid
PAY03732,O03732,Credit Card,8980.0,Paid
PAY03733,O03733,UPI,11858.2,Successful
PAY03734,O03734,UPI,166392.0,Successful
PAY03735,O03735,Net Banking,113592.0,Successful
PAY03736,O03736,Credit Card,33048.0,Failed
PAY03737,O03737,Debit Card,18315.3,Paid
PAY03738,O03738,COD,83012.4,Refunded
PAY03739,O03739,UPI,30753.5,Failed
PAY03740,O03740,UPI,521793.6,Paid
PAY03741,O03741,Debit Card,2940.8,Refunded
PAY03742,O03742,Wallet,37621.1,Paid
PAY03743,O03743,Net Banking,9636.3,Paid
PAY03744,O03744,Debit Card,22584.9,Successful
PAY03745,O03745,Net Banking,20127.4,Refunded
PAY03746,O03746,UPI,280824.75,Refunded
PAY03747,O03747,Debit Card,165591.0,Refunded
PAY03748,O03748,Wallet,12422.7,Paid
PAY03749,O03749,UPI,116621.4,Paid
PAY03750,O03750,UPI,1952.0,Successful
PAY03751,O03751,Debit Card,10052.0,Refunded
PAY03752,O03752,Net Banking,47658.0,Refunded
PAY03753,O03753,Net Banking,18261.25,Refunded
PAY03754,O03754,Debit Card,2670.0,Paid
PAY03755,O03755,Credit Card,80032.0,Refunded
PAY03756,O03756,Net Banking,2413.8,Successful
PAY03757,O03757,Wallet,79053.9,Refunded
PAY03758,O03758,Wallet,16082.0,Paid
PAY03759,O03759,COD,18861.6,Paid
PAY03760,O03760,Net Banking,93255.6,Refunded
PAY03761,O03761,Credit Card,42528.0,Refunded
PAY03762,O03762,Debit Card,167731.2,Paid
PAY03763,O03763,Credit Card,41872.0,Paid
PAY03764,O03764,Debit Card,107247.6,Paid
PAY03765,O03765,Net Banking,18920.0,Paid
PAY03766,O03766,COD,90855.0,Paid
PAY03767,O03767,Credit Card,3399.1,Paid
PAY03768,O03768,Wallet,10277.0,Paid
PAY03769,O03769,Net Banking,167064.4,Refunded
PAY03770,O03770,Debit Card,49406.4,Paid
PAY03771,O03771,Debit Card,18476.0,Paid
PAY03772,O03772,Credit Card,10231.35,Paid
PAY03773,O03773,UPI,4035.6,Paid
PAY03774,O03774,Net Banking,133159.8,Successful
PAY03775,O03775,UPI,3741.0,Paid
PAY03776,O03776,COD,56613.05,Successful
PAY03777,O03777,Net Banking,249407.2,Successful
PAY03778,O03778,Wallet,156967.9,Paid
PAY03779,O03779,Wallet,177090.45,Refunded
PAY03780,O03780,Net Banking,32034.1,Paid
PAY03781,O03781,Credit Card,31606.4,Paid
PAY03782,O03782,COD,14919.0,Paid
PAY03783,O03783,Credit Card,7604.4,Paid
PAY03784,O03784,Debit Card,19984.0,Failed
PAY03785,O03785,Debit Card,6303.0,Successful
PAY03786,O03786,Net Banking,267767.5,Refunded
PAY03787,O03787,COD,195090.75,Successful
PAY03788,O03788,COD,26784.0,Paid
PAY03789,O03789,COD,1808.0,Paid
PAY03790,O03790,Debit Card,21105.0,Paid
PAY03791,O03791,COD,89544.6,Paid
PAY03792,O03792,Debit Card,10312.0,Paid
PAY03793,O03793,Net Banking,43108.8,Paid
PAY03794,O03794,Debit Card,3138.2,Paid
PAY03795,O03795,COD,127584.9,Failed
PAY03796,O03796,COD,4207.5,Refunded
PAY03797,O03797,Credit Card,26237.7,Paid
PAY03798,O03798,Wallet,894.0,Paid
PAY03799,O03799,Wallet,2236.0,Successful
PAY03800,O03800,Wallet,11616.6,Refunded
PAY03801,O03801,Net Banking,29032.4,Paid
PAY03802,O03802,Debit Card,225237.0,Refunded
PAY03803,O03803,COD,26557.95,Successful
PAY03804,O03804,COD,642.6,Refunded
PAY03805,O03805,Net Banking,34091.0,Paid
PAY03806,O03806,Credit Card,52829.1,Failed
PAY03807,O03807,Net Banking,234663.65,Paid
PAY03808,O03808,COD,71679.05,Paid
PAY03809,O03809,UPI,10259.45,Successful
PAY03810,O03810,COD,217311.8,Paid
PAY03811,O03811,Debit Card,232124.0,Paid
PAY03812,O03812,Wallet,80631.0,Refunded
PAY03813,O03813,COD,361496.0,Paid
PAY03814,O03814,Net Banking,110928.0,Successful
PAY03815,O03815,Wallet,78782.5,Paid
PAY03816,O03816,COD,281381.2,Successful
PAY03817,O03817,Wallet,65637.0,Failed
PAY03818,O03818,Wallet,500402.05,Paid
PAY03819,O03819,Debit Card,1185.0,Failed
PAY03820,O03820,Wallet,205423.5,Refunded
PAY03821,O03821,COD,12987.2,Refunded
PAY03822,O03822,Debit Card,1047.6,Paid
PAY03823,O03823,Debit Card,22804.8,Refunded
PAY03824,O03824,Debit Card,9209.7,Paid
PAY03825,O03825,COD,169701.0,Paid
PAY03826,O03826,COD,19725.0,Refunded
PAY03827,O03827,Wallet,29268.0,Paid
PAY03828,O03828,Wallet,59065.6,Failed
PAY03829,O03829,UPI,138040.8,Successful
PAY03830,O03830,Debit Card,19760.8,Refunded
PAY03831,O03831,Credit Card,71202.6,Successful
PAY03832,O03832,UPI,4671.0,Paid
PAY03833,O03833,Credit Card,317905.7,Paid
PAY03834,O03834,Net Banking,376923.2,Paid
PAY03835,O03835,UPI,32324.7,Refunded
PAY03836,O03836,Debit Card,30298.2,Failed
PAY03837,O03837,Credit Card,35567.4,Refunded
PAY03838,O03838,Credit Card,253379.7,Paid
PAY03839,O03839,COD,8334.3,Paid
PAY03840,O03840,Wallet,2919.6,Successful
PAY03841,O03841,UPI,508.5,Paid
PAY03842,O03842,UPI,3736.8,Paid
PAY03843,O03843,Debit Card,12168.1,Refunded
PAY03844,O03844,Net Banking,10346.4,Paid
PAY03845,O03845,Credit Card,7747.2,Failed
PAY03846,O03846,COD,582.0,Refunded
PAY03847,O03847,COD,3260.8,Paid
PAY03848,O03848,UPI,55445.4,Paid
PAY03849,O03849,Debit Card,3736.8,Refunded
PAY03850,O03850,Wallet,4885.5,Paid
PAY03851,O03851,Debit Card,353128.0,Successful
PAY03852,O03852,UPI,19242.1,Paid
PAY03853,O03853,Credit Card,173670.4,Paid
PAY03854,O03854,Debit Card,919.7,Refunded
PAY03855,O03855,Credit Card,27448.0,Refunded
PAY03856,O03856,Credit Card,14184.0,Refunded
PAY03857,O03857,UPI,119530.6,Paid
PAY03858,O03858,UPI,93269.6,Paid
PAY03859,O03859,UPI,107465.2,Successful
PAY03860,O03860,Net Banking,53240.75,Refunded
PAY03861,O03861,Net Banking,10468.8,Paid
PAY03862,O03862,Debit Card,211595.0,Failed
PAY03863,O03863,Wallet,8346.6,Refunded
PAY03864,O03864,COD,10350.1,Paid
PAY03865,O03865,Wallet,3631.5,Successful
PAY03866,O03866,COD,132347.6,Paid
PAY03867,O03867,Credit Card,97087.65,Paid
PAY03868,O03868,Debit Card,46776.6,Paid
PAY03869,O03869,Net Banking,130015.4,Refunded
PAY03870,O03870,Debit Card,113180.95,Paid
PAY03871,O03871,Wallet,60810.0,Refunded
PAY03872,O03872,Wallet,18564.9,Paid
PAY03873,O03873,Credit Card,57027.0,Refunded
PAY03874,O03874,COD,23220.0,Paid
PAY03875,O03875,COD,25742.25,Successful
PAY03876,O03876,Net Banking,310217.8,Paid
PAY03877,O03877,COD,69555.2,Successful
PAY03878,O03878,Debit Card,131766.2,Refunded
PAY03879,O03879,COD,439724.1,Refunded
PAY03880,O03880,Wallet,57033.3,Refunded
PAY03881,O03881,Debit Card,2328.0,Paid
PAY03882,O03882,Credit Card,60076.8,Paid
PAY03883,O03883,Credit Card,1610.1,Failed
PAY03884,O03884,Debit Card,9249.3,Refunded
PAY03885,O03885,UPI,81182.8,Refunded
PAY03886,O03886,Debit Card,14244.0,Paid
PAY03887,O03887,Net Banking,98425.2,Paid
PAY03888,O03888,Wallet,39578.0,Successful
PAY03889,O03889,Credit Card,7075.0,Refunded
PAY03890,O03890,Net Banking,17399.4,Paid
PAY03891,O03891,Credit Card,61569.15,Paid
PAY03892,O03892,Credit Card,17937.0,Successful
PAY03893,O03893,Debit Card,14919.0,Paid
PAY03894,O03894,Net Banking,3396.6,Failed
PAY03895,O03895,UPI,49917.6,Paid
PAY03896,O03896,COD,242256.3,Successful
PAY03897,O03897,UPI,24754.2,Paid
PAY03898,O03898,Net Banking,13083.0,Paid
PAY03899,O03899,Net Banking,14913.0,Failed
PAY03900,O03900,COD,1384.5,Paid
PAY03901,O03901,Net Banking,96637.35,Refunded
PAY03902,O03902,Wallet,115364.0,Paid
PAY03903,O03903,Debit Card,180110.9,Refunded
PAY03904,O03904,COD,8776.1,Successful
PAY03905,O03905,UPI,211866.6,Paid
PAY03906,O03906,COD,131602.2,Successful
PAY03907,O03907,Debit Card,144150.0,Successful
PAY03908,O03908,UPI,28562.3,Paid
PAY03909,O03909,Net Banking,268103.55,Paid
PAY03910,O03910,COD,1644.0,Paid
PAY03911,O03911,COD,18822.0,Paid
PAY03912,O03912,Net Banking,3220.2,Paid
PAY03913,O03913,UPI,174568.15,Successful
PAY03914,O03914,Net Banking,71193.0,Paid
PAY03915,O03915,COD,44379.9,Refunded
PAY03916,O03916,Net Banking,53586.9,Successful
PAY03917,O03917,Net Banking,319156.2,Paid
PAY03918,O03918,Credit Card,8299.5,Paid
PAY03919,O03919,Debit Card,71238.6,Successful
PAY03920,O03920,Debit Card,77183.1,Paid
PAY03921,O03921,COD,110258.9,Paid
PAY03922,O03922,UPI,36276.0,Paid
PAY03923,O03923,Wallet,21958.4,Successful
PAY03924,O03924,UPI,11144.0,Paid
PAY03925,O03925,Credit Card,148838.9,Successful
PAY03926,O03926,Wallet,75650.4,Refunded
PAY03927,O03927,UPI,11216.0,Paid
PAY03928,O03928,COD,10038.4,Successful
PAY03929,O03929,UPI,199576.6,Refunded
PAY03930,O03930,Wallet,2523.6,Successful
PAY03931,O03931,Wallet,18897.4,Paid
PAY03932,O03932,Credit Card,20509.4,Paid
PAY03933,O03933,Net Banking,18599.0,Paid
PAY03934,O03934,Net Banking,524.8,Refunded
PAY03935,O03935,Wallet,120628.0,Failed
PAY03936,O03936,Wallet,100373.2,Paid
PAY03937,O03937,Net Banking,112618.5,Paid
PAY03938,O03938,Net Banking,8901.05,Paid
PAY03939,O03939,COD,90471.0,Successful
PAY03940,O03940,Debit Card,31666.0,Paid
PAY03941,O03941,Net Banking,5394.6,Refunded
PAY03942,O03942,Debit Card,1244.4,Successful
PAY03943,O03943,UPI,7462.15,Refunded
PAY03944,O03944,Wallet,27130.4,Paid
PAY03945,O03945,UPI,51671.2,Paid
PAY03946,O03946,Net Banking,42764.25,Paid
PAY03947,O03947,Debit Card,6937.2,Paid
PAY03948,O03948,Net Banking,19692.9,Paid
PAY03949,O03949,Net Banking,1746.0,Refunded
PAY03950,O03950,Credit Card,17728.95,Successful
PAY03951,O03951,Wallet,70922.25,Paid
PAY03952,O03952,Net Banking,134348.0,Paid
PAY03953,O03953,Wallet,20142.0,Paid
PAY03954,O03954,Credit Card,65597.9,Paid
PAY03955,O03955,Wallet,12395.7,Refunded
PAY03956,O03956,Credit Card,368182.4,Refunded
PAY03957,O03957,Credit Card,10483.2,Failed
PAY03958,O03958,UPI,37799.9,Paid
PAY03959,O03959,Credit Card,227568.0,Failed
PAY03960,O03960,UPI,5783.4,Paid
PAY03961,O03961,Net Banking,174155.7,Paid
PAY03962,O03962,UPI,91644.8,Paid
PAY03963,O03963,Wallet,12043.1,Successful
PAY03964,O03964,COD,12771.0,Paid
PAY03965,O03965,Net Banking,2152.0,Failed
PAY03966,O03966,UPI,59508.0,Refunded
PAY03967,O03967,Credit Card,387.0,Paid
PAY03968,O03968,Credit Card,126168.6,Paid
PAY03969,O03969,Net Banking,23690.4,Paid
PAY03970,O03970,Wallet,152340.0,Successful
PAY03971,O03971,Wallet,67098.0,Refunded
PAY03972,O03972,Wallet,225235.8,Paid
PAY03973,O03973,COD,53730.9,Paid
PAY03974,O03974,UPI,12548.0,Paid
PAY03975,O03975,COD,500548.6,Paid
PAY03976,O03976,COD,119781.0,Failed
PAY03977,O03977,COD,10483.2,Refunded
PAY03978,O03978,Credit Card,141120.0,Paid
PAY03979,O03979,UPI,19643.0,Failed
PAY03980,O03980,Credit Card,310736.6,Successful
PAY03981,O03981,UPI,336969.75,Paid
PAY03982,O03982,Debit Card,44538.7,Refunded
PAY03983,O03983,Net Banking,2596.8,Paid
PAY03984,O03984,Wallet,58591.5,Failed
PAY03985,O03985,Wallet,125142.6,Refunded
PAY03986,O03986,UPI,144732.6,Refunded
PAY03987,O03987,Wallet,234616.0,Successful
PAY03988,O03988,Wallet,56796.0,Paid
PAY03989,O03989,COD,123406.8,Paid
PAY03990,O03990,UPI,3434.0,Paid
PAY03991,O03991,COD,10164.3,Paid
PAY03992,O03992,COD,241220.7,Paid
PAY03993,O03993,Credit Card,97159.35,Successful
PAY03994,O03994,COD,131.2,Successful
PAY03995,O03995,Wallet,132823.05,Paid
PAY03996,O03996,COD,216663.35,Paid
PAY03997,O03997,COD,23942.4,Refunded
PAY03998,O03998,Credit Card,68170.2,Successful
PAY03999,O03999,COD,268618.1,Paid
PAY04000,O04000,UPI,83562.4,Paid
PAY04001,O04001,COD,7225.85,Failed
PAY04002,O04002,Wallet,71240.0,Paid
PAY04003,O04003,Wallet,325402.05,Paid
PAY04004,O04004,Credit Card,58667.4,Paid
PAY04005,O04005,Credit Card,27838.8,Successful
PAY04006,O04006,Wallet,35116.0,Successful
PAY04007,O04007,Wallet,12819.6,Paid
PAY04008,O04008,Wallet,15519.6,Successful
PAY04009,O04009,UPI,2361.6,Paid
PAY04010,O04010,Wallet,275731.0,Refunded
PAY04011,O04011,UPI,24777.1,Paid
PAY04012,O04012,Net Banking,22451.9,Successful
PAY04013,O04013,UPI,106925.25,Paid
PAY04014,O04014,Debit Card,13427.1,Successful
PAY04015,O04015,UPI,20816.2,Refunded
PAY04016,O04016,Wallet,93004.5,Paid
PAY04017,O04017,COD,199670.4,Paid
PAY04018,O04018,COD,148992.3,Paid
PAY04019,O04019,Wallet,130444.0,Paid
PAY04020,O04020,UPI,69432.4,Successful
PAY04021,O04021,Wallet,4730.0,Refunded
PAY04022,O04022,COD,175377.0,Paid
PAY04023,O04023,Wallet,45235.5,Paid
PAY04024,O04024,COD,9238.0,Paid
PAY04025,O04025,Credit Card,31404.0,Refunded
PAY04026,O04026,Credit Card,10665.8,Failed
PAY04027,O04027,Wallet,91111.2,Successful
PAY04028,O04028,Wallet,23280.95,Paid
PAY04029,O04029,Wallet,853.2,Paid
PAY04030,O04030,Wallet,35076.0,Paid
PAY04031,O04031,UPI,113936.25,Paid
PAY04032,O04032,UPI,115789.7,Paid
PAY04033,O04033,UPI,189540.25,Successful
PAY04034,O04034,Credit Card,8886.0,Paid
PAY04035,O04035,Credit Card,135056.1,Paid
PAY04036,O04036,Wallet,2566.0,Successful
PAY04037,O04037,Debit Card,50478.0,Successful
PAY04038,O04038,COD,1780.0,Paid
PAY04039,O04039,UPI,154221.7,Paid
PAY04040,O04040,COD,252380.0,Refunded
PAY04041,O04041,Debit Card,45436.8,Paid
PAY04042,O04042,UPI,119781.0,Paid
PAY04043,O04043,Debit Card,207912.1,Paid
PAY04044,O04044,Debit Card,12317.4,Refunded
PAY04045,O04045,Credit Card,16656.4,Paid
PAY04046,O04046,Credit Card,35620.0,Refunded
PAY04047,O04047,Debit Card,8843.2,Paid
PAY04048,O04048,Debit Card,114867.2,Paid
PAY04049,O04049,UPI,192049.2,Successful
PAY04050,O04050,COD,140136.1,Paid
PAY04051,O04051,COD,39983.1,Paid
PAY04052,O04052,Net Banking,1368.75,Successful
PAY04053,O04053,UPI,3037.5,Failed
PAY04054,O04054,Credit Card,169640.0,Paid
PAY04055,O04055,COD,11310.0,Refunded
PAY04056,O04056,Wallet,14244.0,Paid
PAY04057,O04057,UPI,5664.0,Paid
PAY04058,O04058,COD,142069.5,Paid
PAY04059,O04059,Debit Card,121023.4,Successful
PAY04060,O04060,UPI,155111.35,Failed
PAY04061,O04061,UPI,56168.0,Paid
PAY04062,O04062,Wallet,33772.0,Failed
PAY04063,O04063,Wallet,207953.75,Successful
PAY04064,O04064,COD,51530.4,Paid
PAY04065,O04065,Credit Card,6380.1,Refunded
PAY04066,O04066,Debit Card,412.2,Paid
PAY04067,O04067,UPI,53956.6,Refunded
PAY04068,O04068,Wallet,197549.6,Paid
PAY04069,O04069,Debit Card,222181.2,Refunded
PAY04070,O04070,Credit Card,6959.7,Paid
PAY04071,O04071,UPI,13215.45,Paid
PAY04072,O04072,COD,296921.6,Successful
PAY04073,O04073,Credit Card,23242.0,Paid
PAY04074,O04074,UPI,10265.4,Refunded
PAY04075,O04075,Credit Card,106356.0,Successful
PAY04076,O04076,COD,151852.0,Paid
PAY04077,O04077,Debit Card,19834.5,Paid
PAY04078,O04078,COD,120919.6,Successful
PAY04079,O04079,Net Banking,62395.5,Successful
PAY04080,O04080,Wallet,29390.8,Successful
PAY04081,O04081,UPI,6632.8,Successful
PAY04082,O04082,Net Banking,40988.0,Successful
PAY04083,O04083,Wallet,26237.7,Refunded
PAY04084,O04084,Credit Card,3016.65,Successful
PAY04085,O04085,Credit Card,1167.05,Paid
PAY04086,O04086,Debit Card,275405.8,Paid
PAY04087,O04087,COD,9013.6,Successful
PAY04088,O04088,Debit Card,37194.3,Refunded
PAY04089,O04089,Wallet,48987.6,Failed
PAY04090,O04090,UPI,7633.0,Paid
PAY04091,O04091,Wallet,18399.6,Paid
PAY04092,O04092,UPI,110925.0,Paid
PAY04093,O04093,Wallet,84954.0,Paid
PAY04094,O04094,COD,3770.0,Paid
PAY04095,O04095,Debit Card,3366.9,Paid
PAY04096,O04096,Credit Card,218092.0,Paid
PAY04097,O04097,Net Banking,419782.2,Refunded
PAY04098,O04098,UPI,171970.8,Paid
PAY04099,O04099,Net Banking,86008.0,Refunded
PAY04100,O04100,Net Banking,28352.0,Paid
PAY04101,O04101,Debit Card,522847.0,Paid
PAY04102,O04102,Debit Card,388611.9,Paid
PAY04103,O04103,COD,204940.0,Paid
PAY04104,O04104,UPI,8072.1,Refunded
PAY04105,O04105,Debit Card,2099.2,Successful
PAY04106,O04106,UPI,216672.2,Paid
PAY04107,O04107,Debit Card,50461.95,Successful
PAY04108,O04108,COD,18404.0,Paid
PAY04109,O04109,Debit Card,63577.75,Paid
PAY04110,O04110,COD,6822.0,Paid
PAY04111,O04111,Wallet,324427.2,Refunded
PAY04112,O04112,Wallet,3677.4,Paid
PAY04113,O04113,Wallet,14949.6,Paid
PAY04114,O04114,Net Banking,64525.2,Failed
PAY04115,O04115,Debit Card,117352.7,Paid
PAY04116,O04116,UPI,77962.3,Refunded
PAY04117,O04117,Debit Card,20895.4,Refunded
PAY04118,O04118,Credit Card,92355.9,Paid
PAY04119,O04119,COD,8376.3,Successful
PAY04120,O04120,COD,9862.5,Refunded
PAY04121,O04121,Debit Card,23732.85,Paid
PAY04122,O04122,Net Banking,849.3,Paid
PAY04123,O04123,Credit Card,195379.2,Paid
PAY04124,O04124,Wallet,38685.0,Paid
PAY04125,O04125,Debit Card,225252.45,Paid
PAY04126,O04126,Credit Card,32300.85,Paid
PAY04127,O04127,Wallet,508.5,Paid
PAY04128,O04128,Debit Card,77273.0,Paid
PAY04129,O04129,Credit Card,1392.0,Refunded
PAY04130,O04130,Wallet,152340.0,Paid
PAY04131,O04131,UPI,18476.1,Paid
PAY04132,O04132,Net Banking,80339.4,Successful
PAY04133,O04133,UPI,1387.8,Failed
PAY04134,O04134,Credit Card,190953.8,Paid
PAY04135,O04135,Credit Card,30702.0,Refunded
PAY04136,O04136,COD,6014.7,Refunded
PAY04137,O04137,Credit Card,135751.8,Paid
PAY04138,O04138,Debit Card,9590.4,Paid
PAY04139,O04139,Net Banking,93028.2,Paid
PAY04140,O04140,Net Banking,99796.6,Paid
PAY04141,O04141,Wallet,80406.9,Failed
PAY04142,O04142,Wallet,16492.0,Paid
PAY04143,O04143,Net Banking,33587.0,Paid
PAY04144,O04144,COD,3808.0,Failed
PAY04145,O04145,Credit Card,26208.0,Successful
PAY04146,O04146,UPI,17244.0,Refunded
PAY04147,O04147,Debit Card,124296.5,Refunded
PAY04148,O04148,UPI,3574.8,Successful
PAY04149,O04149,UPI,184976.5,Paid
PAY04150,O04150,Credit Card,47881.6,Paid
PAY04151,O04151,Debit Card,7540.0,Paid
PAY04152,O04152,Wallet,4025.6,Refunded
PAY04153,O04153,Debit Card,138010.5,Paid
PAY04154,O04154,Wallet,207728.5,Failed
PAY04155,O04155,Debit Card,12771.0,Refunded
PAY04156,O04156,Wallet,45833.0,Paid
PAY04157,O04157,Net Banking,67477.7,Refunded
PAY04158,O04158,Wallet,88107.0,Successful
PAY04159,O04159,Wallet,169402.5,Refunded
PAY04160,O04160,Debit Card,19819.5,Failed
PAY04161,O04161,Credit Card,40928.2,Refunded
PAY04162,O04162,Credit Card,12848.4,Paid
PAY04163,O04163,Debit Card,262145.7,Failed
PAY04164,O04164,Credit Card,144150.0,Refunded
PAY04165,O04165,UPI,19939.2,Paid
PAY04166,O04166,COD,20720.4,Refunded
PAY04167,O04167,UPI,3464.6,Paid
PAY04168,O04168,Debit Card,285274.8,Paid
PAY04169,O04169,Credit Card,62734.6,Paid
PAY04170,O04170,UPI,67489.9,Successful
PAY04171,O04171,Credit Card,20182.5,Paid
PAY04172,O04172,Debit Card,214440.6,Paid
PAY04173,O04173,Wallet,3879.9,Refunded
PAY04174,O04174,COD,119164.0,Paid
PAY04175,O04175,COD,5924.0,Paid
PAY04176,O04176,Credit Card,66529.6,Refunded
PAY04177,O04177,Credit Card,25541.0,Paid
PAY04178,O04178,Credit Card,208678.8,Paid
PAY04179,O04179,Credit Card,129335.4,Paid
PAY04180,O04180,Wallet,34863.0,Successful
PAY04181,O04181,Wallet,508.5,Refunded
PAY04182,O04182,Debit Card,2737.5,Paid
PAY04183,O04183,Net Banking,132146.4,Paid
PAY04184,O04184,Wallet,142557.0,Paid
PAY04185,O04185,Credit Card,141995.3,Paid
PAY04186,O04186,UPI,1017.0,Paid
PAY04187,O04187,Debit Card,165084.4,Failed
PAY04188,O04188,COD,284362.4,Refunded
PAY04189,O04189,Wallet,43108.8,Paid
PAY04190,O04190,Net Banking,110632.0,Paid
PAY04191,O04191,Net Banking,211493.5,Refunded
PAY04192,O04192,UPI,54901.5,Failed
PAY04193,O04193,Credit Card,240023.0,Refunded
PAY04194,O04194,Wallet,5579.5,Refunded
PAY04195,O04195,Debit Card,212472.9,Refunded
PAY04196,O04196,Debit Card,158736.0,Refunded
PAY04197,O04197,UPI,6851.6,Paid
PAY04198,O04198,Wallet,1567.5,Paid
PAY04199,O04199,COD,330261.25,Paid
PAY04200,O04200,Debit Card,222899.0,Refunded
PAY04201,O04201,UPI,117262.3,Paid
PAY04202,O04202,UPI,39023.15,Paid
PAY04203,O04203,Wallet,5089.5,Refunded
PAY04204,O04204,UPI,116044.95,Successful
PAY04205,O04205,COD,135095.25,Paid
PAY04206,O04206,Debit Card,169613.6,Paid
PAY04207,O04207,UPI,5780.7,Successful
PAY04208,O04208,Net Banking,7347.3,Failed
PAY04209,O04209,Wallet,177484.8,Successful
PAY04210,O04210,Wallet,114255.0,Paid
PAY04211,O04211,UPI,66608.25,Paid
PAY04212,O04212,COD,1258.0,Paid
PAY04213,O04213,UPI,145025.7,Refunded
PAY04214,O04214,Net Banking,11073.8,Paid
PAY04215,O04215,Debit Card,16815.6,Refunded
PAY04216,O04216,COD,27448.0,Successful
PAY04217,O04217,Credit Card,1896.0,Paid
PAY04218,O04218,UPI,22518.0,Paid
PAY04219,O04219,Debit Card,24892.2,Paid
PAY04220,O04220,Wallet,4202.0,Paid
PAY04221,O04221,COD,23123.25,Successful
PAY04222,O04222,Debit Card,83520.0,Refunded
PAY04223,O04223,Credit Card,17200.0,Failed
PAY04224,O04224,Net Banking,115100.95,Refunded
PAY04225,O04225,Debit Card,10038.9,Paid
PAY04226,O04226,COD,10468.0,Successful
PAY04227,O04227,UPI,111005.8,Paid
PAY04228,O04228,Wallet,5839.0,Paid
PAY04229,O04229,Debit Card,33048.0,Paid
PAY04230,O04230,Wallet,27256.5,Paid
PAY04231,O04231,UPI,32882.25,Failed
PAY04232,O04232,Debit Card,58729.4,Failed
PAY04233,O04233,Net Banking,353521.5,Paid
PAY04234,O04234,COD,1069.3,Refunded
PAY04235,O04235,UPI,52602.4,Failed
PAY04236,O04236,Debit Card,27722.8,Paid
PAY04237,O04237,Wallet,22207.0,Paid
PAY04238,O04238,Credit Card,236002.6,Paid
PAY04239,O04239,COD,26675.9,Successful
PAY04240,O04240,Wallet,7149.6,Refunded
PAY04241,O04241,UPI,146222.7,Refunded
PAY04242,O04242,Debit Card,2555.5,Successful
PAY04243,O04243,Wallet,79856.4,Refunded
PAY04244,O04244,Credit Card,1542.0,Paid
PAY04245,O04245,Debit Card,6017.75,Paid
PAY04246,O04246,Wallet,9552.0,Paid
PAY04247,O04247,Wallet,365350.6,Paid
PAY04248,O04248,Net Banking,83417.0,Refunded
PAY04249,O04249,Credit Card,59367.0,Paid
PAY04250,O04250,Wallet,97343.05,Paid
PAY04251,O04251,COD,22949.0,Paid
PAY04252,O04252,COD,107772.0,Refunded
PAY04253,O04253,Wallet,1746.0,Paid
PAY04254,O04254,UPI,7492.75,Successful
PAY04255,O04255,Wallet,73732.6,Paid
PAY04256,O04256,Wallet,26438.4,Refunded
PAY04257,O04257,Debit Card,75291.3,Paid
PAY04258,O04258,Net Banking,182727.9,Refunded
PAY04259,O04259,Wallet,357364.0,Failed
PAY04260,O04260,Net Banking,24805.8,Successful
PAY04261,O04261,COD,109118.8,Paid
PAY04262,O04262,COD,4029.0,Paid
PAY04263,O04263,UPI,7298.4,Paid
PAY04264,O04264,Debit Card,322376.4,Paid
PAY04265,O04265,Debit Card,7435.8,Refunded
PAY04266,O04266,UPI,10100.7,Refunded
PAY04267,O04267,Debit Card,30285.0,Paid
PAY04268,O04268,Wallet,996.2,Paid
PAY04269,O04269,Wallet,177108.5,Paid
PAY04270,O04270,UPI,314119.4,Paid
PAY04271,O04271,Credit Card,15028.0,Paid
PAY04272,O04272,COD,69456.6,Paid
PAY04273,O04273,COD,83861.4,Refunded
PAY04274,O04274,UPI,50868.8,Paid
PAY04275,O04275,COD,11848.0,Paid
PAY04276,O04276,Wallet,11916.0,Successful
PAY04277,O04277,COD,2242.0,Successful
PAY04278,O04278,Debit Card,46959.2,Paid
PAY04279,O04279,Credit Card,59890.5,Paid
PAY04280,O04280,Wallet,20266.2,Successful
PAY04281,O04281,Credit Card,54431.45,Paid
PAY04282,O04282,Debit Card,41872.0,Paid
PAY04283,O04283,Credit Card,14742.0,Refunded
PAY04284,O04284,COD,3680.8,Paid
PAY04285,O04285,Credit Card,152773.3,Failed
PAY04286,O04286,UPI,193938.0,Paid
PAY04287,O04287,Wallet,41835.6,Refunded
PAY04288,O04288,UPI,7733.0,Paid
PAY04289,O04289,COD,249974.4,Refunded
PAY04290,O04290,UPI,175377.0,Paid
PAY04291,O04291,UPI,104908.5,Refunded
PAY04292,O04292,UPI,4140.9,Successful
PAY04293,O04293,Debit Card,1706.4,Paid
PAY04294,O04294,COD,2101.0,Successful
PAY04295,O04295,COD,7559.0,Refunded
PAY04296,O04296,Net Banking,1071.0,Paid
PAY04297,O04297,UPI,20059.2,Successful
PAY04298,O04298,Credit Card,18048.0,Paid
PAY04299,O04299,COD,59574.15,Paid
PAY04300,O04300,Wallet,241893.0,Paid
PAY04301,O04301,Credit Card,248412.35,Refunded
PAY04302,O04302,UPI,246956.8,Paid
PAY04303,O04303,Credit Card,6741.75,Refunded
PAY04304,O04304,Debit Card,68202.4,Refunded
PAY04305,O04305,Wallet,46385.25,Refunded
PAY04306,O04306,Debit Card,27613.8,Refunded
PAY04307,O04307,Debit Card,266629.0,Paid
PAY04308,O04308,COD,40179.6,Refunded
PAY04309,O04309,Credit Card,385474.55,Paid
PAY04310,O04310,COD,130355.2,Refunded
PAY04311,O04311,Credit Card,276783.2,Failed
PAY04312,O04312,Net Banking,321627.6,Refunded
PAY04313,O04313,UPI,372048.0,Refunded
PAY04314,O04314,Credit Card,235055.4,Successful
PAY04315,O04315,Wallet,146270.55,Paid
PAY04316,O04316,COD,3390.55,Refunded
PAY04317,O04317,Wallet,12198.25,Paid
PAY04318,O04318,Net Banking,161658.0,Paid
PAY04319,O04319,Credit Card,188022.2,Successful
PAY04320,O04320,UPI,110057.4,Paid
PAY04321,O04321,Net Banking,10993.05,Paid
PAY04322,O04322,Debit Card,54272.0,Paid
PAY04323,O04323,Debit Card,90077.1,Paid
PAY04324,O04324,COD,5457.6,Refunded
PAY04325,O04325,Debit Card,3434.0,Successful
PAY04326,O04326,COD,6584.25,Successful
PAY04327,O04327,Credit Card,149378.4,Successful
PAY04328,O04328,Credit Card,146760.0,Paid
PAY04329,O04329,Credit Card,140301.6,Paid
PAY04330,O04330,Credit Card,7708.0,Refunded
PAY04331,O04331,COD,95824.8,Paid
PAY04332,O04332,Credit Card,193617.6,Failed
PAY04333,O04333,Net Banking,34816.5,Failed
PAY04334,O04334,Debit Card,84862.8,Paid
PAY04335,O04335,Credit Card,25633.45,Paid
PAY04336,O04336,Net Banking,189974.4,Refunded
PAY04337,O04337,Wallet,5117.0,Paid
PAY04338,O04338,UPI,22671.45,Paid
PAY04339,O04339,Net Banking,3115.2,Paid
PAY04340,O04340,Debit Card,153623.9,Refunded
PAY04341,O04341,COD,1941.3,Paid
PAY04342,O04342,Debit Card,78386.7,Refunded
PAY04343,O04343,Debit Card,109719.3,Paid
PAY04344,O04344,Credit Card,35780.0,Paid
PAY04345,O04345,Wallet,162758.7,Paid
PAY04346,O04346,UPI,73857.9,Failed
PAY04347,O04347,COD,113592.0,Paid
PAY04348,O04348,COD,76531.5,Paid
PAY04349,O04349,Wallet,75926.0,Paid
PAY04350,O04350,Wallet,136310.0,Failed
PAY04351,O04351,Debit Card,135751.8,Paid
PAY04352,O04352,Debit Card,54545.6,Paid
PAY04353,O04353,Wallet,3555.0,Refunded
PAY04354,O04354,COD,89293.6,Paid
PAY04355,O04355,Net Banking,66644.25,Paid
PAY04356,O04356,Net Banking,64857.6,Paid
PAY04357,O04357,COD,88267.6,Paid
PAY04358,O04358,COD,2466.2,Refunded
PAY04359,O04359,Wallet,231553.2,Paid
PAY04360,O04360,Net Banking,23133.6,Refunded
PAY04361,O04361,UPI,133439.0,Paid
PAY04362,O04362,Wallet,134048.0,Paid
PAY04363,O04363,Credit Card,49690.15,Paid
PAY04364,O04364,UPI,56796.0,Successful
PAY04365,O04365,Credit Card,3047.0,Paid
PAY04366,O04366,Wallet,13028.0,Paid
PAY04367,O04367,Net Banking,153141.0,Paid
PAY04368,O04368,Credit Card,24634.8,Failed
PAY04369,O04369,Debit Card,146019.75,Paid
PAY04370,O04370,Net Banking,229816.1,Paid
PAY04371,O04371,Wallet,9492.75,Paid
PAY04372,O04372,Net Banking,3924.9,Paid
PAY04373,O04373,Credit Card,4265.5,Paid
PAY04374,O04374,Debit Card,416579.95,Paid
PAY04375,O04375,Wallet,221929.2,Successful
PAY04376,O04376,Credit Card,63042.0,Paid
PAY04377,O04377,Wallet,288892.35,Failed
PAY04378,O04378,Debit Card,91179.0,Paid
PAY04379,O04379,Wallet,199642.6,Refunded
PAY04380,O04380,Debit Card,14287.25,Refunded
PAY04381,O04381,Net Banking,62067.8,Successful
PAY04382,O04382,Wallet,13467.6,Paid
PAY04383,O04383,COD,12669.0,Paid
PAY04384,O04384,Wallet,219.3,Successful
PAY04385,O04385,Debit Card,12209.4,Paid
PAY04386,O04386,Credit Card,29633.55,Paid
PAY04387,O04387,COD,322159.5,Refunded
PAY04388,O04388,Net Banking,2860.8,Successful
PAY04389,O04389,Debit Card,258838.3,Paid
PAY04390,O04390,COD,3577.6,Paid
PAY04391,O04391,Wallet,18230.5,Paid
PAY04392,O04392,Wallet,295783.0,Refunded
PAY04393,O04393,UPI,13857.0,Paid
PAY04394,O04394,COD,38336.0,Paid
PAY04395,O04395,Net Banking,7826.0,Paid
PAY04396,O04396,Debit Card,23553.0,Successful
PAY04397,O04397,Debit Card,7475.5,Paid
PAY04398,O04398,Net Banking,47008.3,Refunded
PAY04399,O04399,Debit Card,295042.3,Paid
PAY04400,O04400,Debit Card,14658.15,Paid
PAY04401,O04401,Net Banking,2578.0,Successful
PAY04402,O04402,Credit Card,54633.6,Paid
PAY04403,O04403,Net Banking,137748.2,Paid
PAY04404,O04404,Net Banking,36997.2,Refunded
PAY04405,O04405,Credit Card,3642.0,Paid
PAY04406,O04406,Credit Card,361862.1,Refunded
PAY04407,O04407,UPI,6163.6,Paid
PAY04408,O04408,UPI,75228.0,Paid
PAY04409,O04409,Net Banking,86253.5,Refunded
PAY04410,O04410,Credit Card,186411.0,Paid
PAY04411,O04411,Net Banking,27832.0,Paid
PAY04412,O04412,Wallet,69643.05,Paid
PAY04413,O04413,COD,202041.1,Paid
PAY04414,O04414,COD,1609.2,Paid
PAY04415,O04415,UPI,19719.15,Paid
PAY04416,O04416,Credit Card,26372.85,Refunded
PAY04417,O04417,COD,47667.2,Successful
PAY04418,O04418,Credit Card,2081.7,Paid
PAY04419,O04419,Credit Card,480.25,Failed
PAY04420,O04420,UPI,8656.0,Paid
PAY04421,O04421,Net Banking,1777.5,Refunded
PAY04422,O04422,Wallet,258303.95,Refunded
PAY04423,O04423,Net Banking,224059.2,Paid
PAY04424,O04424,Net Banking,1575.0,Paid
PAY04425,O04425,Wallet,51904.1,Paid
PAY04426,O04426,COD,18605.1,Paid
PAY04427,O04427,Net Banking,118598.8,Successful
PAY04428,O04428,Net Banking,1312.0,Paid
PAY04429,O04429,Debit Card,27967.3,Paid
PAY04430,O04430,UPI,293833.9,Refunded
PAY04431,O04431,Net Banking,18404.0,Paid
PAY04432,O04432,COD,42786.65,Paid
PAY04433,O04433,Debit Card,20554.0,Paid
PAY04434,O04434,Credit Card,2011.1,Successful
PAY04435,O04435,Debit Card,18086.4,Refunded
PAY04436,O04436,UPI,279243.9,Paid
PAY04437,O04437,Wallet,198838.4,Failed
PAY04438,O04438,Debit Card,20076.8,Successful
PAY04439,O04439,Debit Card,69952.4,Refunded
PAY04440,O04440,Net Banking,292409.75,Paid
PAY04441,O04441,Debit Card,142996.8,Refunded
PAY04442,O04442,Credit Card,15204.4,Paid
PAY04443,O04443,Net Banking,51115.0,Paid
PAY04444,O04444,UPI,8909.4,Refunded
PAY04445,O04445,Wallet,21399.0,Paid
PAY04446,O04446,Debit Card,438.6,Refunded
PAY04447,O04447,Credit Card,6165.0,Successful
PAY04448,O04448,Credit Card,3527.0,Refunded
PAY04449,O04449,Net Banking,3069.9,Paid
PAY04450,O04450,COD,3837.6,Paid
PAY04451,O04451,Net Banking,20013.0,Successful
PAY04452,O04452,UPI,13911.0,Paid
PAY04453,O04453,Credit Card,357364.0,Refunded
PAY04454,O04454,Net Banking,138334.5,Refunded
PAY04455,O04455,UPI,155297.0,Paid
PAY04456,O04456,Net Banking,158487.3,Refunded
PAY04457,O04457,Net Banking,1947.0,Refunded
PAY04458,O04458,Credit Card,1297.6,Paid
PAY04459,O04459,Credit Card,8841.65,Paid
PAY04460,O04460,Wallet,44834.4,Successful
PAY04461,O04461,Wallet,87981.0,Refunded
PAY04462,O04462,Debit Card,147218.05,Refunded
PAY04463,O04463,UPI,111550.2,Paid
PAY04464,O04464,Debit Card,6854.4,Refunded
PAY04465,O04465,Net Banking,1746.1,Successful
PAY04466,O04466,Wallet,224388.4,Paid
PAY04467,O04467,UPI,30989.8,Paid
PAY04468,O04468,Debit Card,53659.75,Paid
PAY04469,O04469,Credit Card,13911.0,Successful
PAY04470,O04470,Wallet,4453.6,Successful
PAY04471,O04471,COD,150403.05,Refunded
PAY04472,O04472,COD,4490.0,Refunded
PAY04473,O04473,UPI,12077.0,Refunded
PAY04474,O04474,Credit Card,30681.9,Successful
PAY04475,O04475,Net Banking,13073.4,Refunded
PAY04476,O04476,Credit Card,93846.05,Refunded
PAY04477,O04477,Credit Card,26653.2,Successful
PAY04478,O04478,Wallet,89207.9,Paid
PAY04479,O04479,Net Banking,22713.75,Paid
PAY04480,O04480,UPI,2273.6,Refunded
PAY04481,O04481,UPI,20864.5,Refunded
PAY04482,O04482,Net Banking,17902.8,Paid
PAY04483,O04483,Credit Card,22809.75,Paid
PAY04484,O04484,Wallet,14623.0,Refunded
PAY04485,O04485,Wallet,8329.2,Paid
PAY04486,O04486,Net Banking,153345.0,Refunded
PAY04487,O04487,Credit Card,282796.8,Paid
PAY04488,O04488,Net Banking,343036.0,Paid
PAY04489,O04489,COD,320709.8,Paid
PAY04490,O04490,UPI,351054.4,Refunded
PAY04491,O04491,UPI,5548.5,Refunded
PAY04492,O04492,COD,44534.0,Successful
PAY04493,O04493,COD,8407.8,Failed
PAY04494,O04494,Wallet,13467.6,Refunded
PAY04495,O04495,Credit Card,20936.0,Refunded
PAY04496,O04496,Net Banking,8308.0,Successful
PAY04497,O04497,Net Banking,86281.8,Paid
PAY04498,O04498,Debit Card,118548.0,Paid
PAY04499,O04499,UPI,21879.0,Refunded
PAY04500,O04500,Wallet,34979.55,Successful
PAY04501,O04501,Credit Card,6786.0,Refunded
PAY04502,O04502,Debit Card,37357.5,Successful
PAY04503,O04503,COD,196868.7,Refunded
PAY04504,O04504,Debit Card,188061.3,Paid
PAY04505,O04505,UPI,157529.0,Paid
PAY04506,O04506,Net Banking,1758.0,Paid
PAY04507,O04507,Net Banking,1756.8,Paid
PAY04508,O04508,COD,194840.0,Paid
PAY04509,O04509,Wallet,122058.0,Successful
PAY04510,O04510,Wallet,67157.1,Paid
PAY04511,O04511,Net Banking,12933.0,Refunded
PAY04512,O04512,Credit Card,19892.0,Paid
PAY04513,O04513,COD,83494.0,Successful
PAY04514,O04514,COD,261405.6,Failed
PAY04515,O04515,COD,73315.3,Successful
PAY04516,O04516,COD,2417.4,Refunded
PAY04517,O04517,Net Banking,4379.4,Refunded
PAY04518,O04518,Credit Card,315618.9,Successful
PAY04519,O04519,Wallet,14692.7,Successful
PAY04520,O04520,Net Banking,3894.0,Successful
PAY04521,O04521,Credit Card,235622.7,Successful
PAY04522,O04522,Net Banking,9418.7,Failed
PAY04523,O04523,Debit Card,53430.3,Failed
PAY04524,O04524,Net Banking,90005.3,Refunded
PAY04525,O04525,Credit Card,111932.55,Successful
PAY04526,O04526,UPI,71257.5,Paid
PAY04527,O04527,Net Banking,48497.4,Paid
PAY04528,O04528,Debit Card,52509.6,Paid
PAY04529,O04529,Debit Card,29427.6,Paid
PAY04530,O04530,Wallet,10281.6,Paid
PAY04531,O04531,UPI,151446.6,Paid
PAY04532,O04532,COD,29455.6,Paid
PAY04533,O04533,COD,73833.75,Refunded
PAY04534,O04534,COD,11030.8,Refunded
PAY04535,O04535,UPI,315008.0,Paid
PAY04536,O04536,UPI,80631.0,Successful
PAY04537,O04537,Debit Card,15324.0,Paid
PAY04538,O04538,COD,8944.0,Failed
PAY04539,O04539,UPI,316498.75,Refunded
PAY04540,O04540,Wallet,15488.8,Successful
PAY04541,O04541,COD,33954.7,Paid
PAY04542,O04542,Net Banking,200321.6,Successful
PAY04543,O04543,Wallet,656.0,Successful
PAY04544,O04544,UPI,8497.75,Paid
PAY04545,O04545,Debit Card,57795.35,Successful
PAY04546,O04546,Wallet,210856.0,Refunded
PAY04547,O04547,UPI,190743.8,Successful
PAY04548,O04548,Net Banking,57938.0,Refunded
PAY04549,O04549,Debit Card,33912.0,Failed
PAY04550,O04550,Credit Card,223575.25,Failed
PAY04551,O04551,Credit Card,151632.0,Refunded
PAY04552,O04552,COD,13916.0,Paid
PAY04553,O04553,Credit Card,15188.4,Refunded
PAY04554,O04554,Credit Card,245055.0,Paid
PAY04555,O04555,Wallet,41641.5,Paid
PAY04556,O04556,Debit Card,216225.0,Successful
PAY04557,O04557,Net Banking,15699.2,Paid
PAY04558,O04558,Wallet,54513.0,Successful
PAY04559,O04559,Debit Card,158487.3,Refunded
PAY04560,O04560,UPI,5816.55,Successful
PAY04561,O04561,Wallet,87516.0,Refunded
PAY04562,O04562,Debit Card,10713.6,Successful
PAY04563,O04563,Net Banking,48921.0,Refunded
PAY04564,O04564,Credit Card,1896.0,Successful
PAY04565,O04565,Debit Card,103456.4,Successful
PAY04566,O04566,UPI,14345.5,Paid
PAY04567,O04567,Credit Card,22586.4,Paid
PAY04568,O04568,Credit Card,29044.8,Paid
PAY04569,O04569,Credit Card,42097.6,Paid
PAY04570,O04570,UPI,20567.85,Paid
PAY04571,O04571,Credit Card,35443.5,Successful
PAY04572,O04572,COD,49401.5,Refunded
PAY04573,O04573,UPI,82061.7,Refunded
PAY04574,O04574,Net Banking,144150.0,Paid
PAY04575,O04575,COD,15012.0,Refunded
PAY04576,O04576,Net Banking,8980.0,Successful
PAY04577,O04577,Debit Card,205268.4,Paid
PAY04578,O04578,Net Banking,590.4,Paid
PAY04579,O04579,Debit Card,4035.6,Paid
PAY04580,O04580,UPI,18508.2,Refunded
PAY04581,O04581,UPI,8262.0,Refunded
PAY04582,O04582,Debit Card,111072.1,Successful
PAY04583,O04583,Credit Card,10683.0,Paid
PAY04584,O04584,COD,10264.0,Paid
PAY04585,O04585,Net Banking,42055.5,Paid
PAY04586,O04586,Net Banking,37952.25,Paid
PAY04587,O04587,Credit Card,162504.15,Refunded
PAY04588,O04588,COD,91404.0,Successful
PAY04589,O04589,Net Banking,377535.0,Paid
PAY04590,O04590,Net Banking,6413.8,Paid
PAY04591,O04591,COD,79586.6,Paid
PAY04592,O04592,Wallet,15208.0,Successful
PAY04593,O04593,Net Banking,15208.0,Paid
PAY04594,O04594,Net Banking,179770.2,Paid
PAY04595,O04595,Wallet,17620.6,Paid
PAY04596,O04596,Wallet,10393.8,Paid
PAY04597,O04597,UPI,26881.95,Paid
PAY04598,O04598,Net Banking,307486.0,Successful
PAY04599,O04599,Net Banking,139920.65,Successful
PAY04600,O04600,Net Banking,84597.5,Paid
PAY04601,O04601,UPI,47446.0,Paid
PAY04602,O04602,Credit Card,17138.0,Paid
PAY04603,O04603,UPI,10461.4,Paid
PAY04604,O04604,Wallet,12280.8,Successful
PAY04605,O04605,Debit Card,56842.5,Failed
PAY04606,O04606,Credit Card,47718.45,Paid
PAY04607,O04607,Credit Card,9322.7,Paid
PAY04608,O04608,Debit Card,8050.5,Paid
PAY04609,O04609,Credit Card,23860.9,Paid
PAY04610,O04610,UPI,2309.4,Paid
PAY04611,O04611,UPI,26761.2,Paid
PAY04612,O04612,Debit Card,170388.0,Paid
PAY04613,O04613,Wallet,11420.8,Successful
PAY04614,O04614,Credit Card,347626.6,Paid
PAY04615,O04615,Credit Card,3549.0,Paid
PAY04616,O04616,Credit Card,114367.0,Refunded
PAY04617,O04617,Debit Card,53870.4,Paid
PAY04618,O04618,Wallet,57541.5,Paid
PAY04619,O04619,COD,6786.0,Refunded
PAY04620,O04620,Debit Card,74806.0,Paid
PAY04621,O04621,UPI,2683.5,Paid
PAY04622,O04622,COD,3737.7,Refunded
PAY04623,O04623,Debit Card,51266.9,Paid
PAY04624,O04624,Debit Card,490.2,Paid
PAY04625,O04625,Debit Card,1602.0,Paid
PAY04626,O04626,UPI,14925.8,Refunded
PAY04627,O04627,Net Banking,215611.9,Paid
PAY04628,O04628,Net Banking,140159.2,Refunded
PAY04629,O04629,Wallet,153345.0,Failed
PAY04630,O04630,Net Banking,21948.35,Paid
PAY04631,O04631,COD,735.2,Paid
PAY04632,O04632,UPI,119781.0,Paid
PAY04633,O04633,Net Banking,8811.0,Paid
PAY04634,O04634,COD,185151.0,Successful
PAY04635,O04635,Debit Card,138231.9,Successful
PAY04636,O04636,Credit Card,3455.2,Failed
PAY04637,O04637,Wallet,1968.0,Paid
PAY04638,O04638,Wallet,32818.5,Paid
PAY04639,O04639,Debit Card,16223.8,Refunded
PAY04640,O04640,Wallet,37599.1,Refunded
PAY04641,O04641,Credit Card,132072.75,Paid
PAY04642,O04642,Net Banking,16833.6,Paid
PAY04643,O04643,Debit Card,21588.75,Paid
PAY04644,O04644,Credit Card,11848.2,Paid
PAY04645,O04645,COD,217793.7,Paid
PAY04646,O04646,Net Banking,19278.0,Paid
PAY04647,O04647,COD,357.0,Paid
PAY04648,O04648,Net Banking,75126.4,Paid
PAY04649,O04649,COD,13319.1,Paid
PAY04650,O04650,Credit Card,6892.0,Successful
PAY04651,O04651,UPI,142945.6,Failed
PAY04652,O04652,Debit Card,13136.0,Paid
PAY04653,O04653,COD,167120.1,Failed
PAY04654,O04654,Net Banking,1195.1,Paid
PAY04655,O04655,Wallet,6822.0,Refunded
PAY04656,O04656,UPI,75739.15,Paid
PAY04657,O04657,Wallet,108382.2,Successful
PAY04658,O04658,Debit Card,1424.0,Refunded
PAY04659,O04659,Net Banking,24786.0,Paid
PAY04660,O04660,Net Banking,151970.0,Refunded
PAY04661,O04661,Wallet,222181.2,Successful
PAY04662,O04662,COD,79156.0,Paid
PAY04663,O04663,COD,59931.0,Paid
PAY04664,O04664,Credit Card,53739.2,Paid
PAY04665,O04665,Credit Card,90987.0,Successful
PAY04666,O04666,Net Banking,3026.0,Paid
PAY04667,O04667,Debit Card,1384.5,Paid
PAY04668,O04668,Wallet,110632.0,Successful
PAY04669,O04669,Debit Card,68419.8,Paid
PAY04670,O04670,Wallet,5896.8,Refunded
PAY04671,O04671,Wallet,67290.25,Paid
PAY04672,O04672,Credit Card,11330.0,Refunded
PAY04673,O04673,Credit Card,286205.8,Successful
PAY04674,O04674,Wallet,23613.6,Paid
PAY04675,O04675,Credit Card,78764.4,Successful
PAY04676,O04676,Wallet,67192.0,Successful
PAY04677,O04677,Credit Card,146075.6,Paid
PAY04678,O04678,COD,26290.2,Paid
PAY04679,O04679,UPI,22344.0,Refunded
PAY04680,O04680,UPI,58496.0,Paid
PAY04681,O04681,Wallet,257650.6,Paid
PAY04682,O04682,Credit Card,4992.65,Successful
PAY04683,O04683,Wallet,150060.0,Refunded
PAY04684,O04684,Wallet,52291.4,Paid
PAY04685,O04685,UPI,1476.0,Refunded
PAY04686,O04686,UPI,40560.75,Paid
PAY04687,O04687,Credit Card,275339.35,Refunded
PAY04688,O04688,Credit Card,187699.4,Failed
PAY04689,O04689,UPI,6185.0,Paid
PAY04690,O04690,Wallet,31949.2,Successful
PAY04691,O04691,Debit Card,317755.8,Refunded
PAY04692,O04692,COD,3699.0,Successful
PAY04693,O04693,Credit Card,714.0,Paid
PAY04694,O04694,Credit Card,105827.55,Refunded
PAY04695,O04695,Debit Card,35242.4,Successful
PAY04696,O04696,COD,9595.0,Paid
PAY04697,O04697,COD,31690.0,Paid
PAY04698,O04698,Debit Card,5731.2,Failed
PAY04699,O04699,UPI,12861.0,Paid
PAY04700,O04700,Debit Card,123401.15,Refunded
PAY04701,O04701,Wallet,77502.15,Paid
PAY04702,O04702,Net Banking,19512.0,Successful
PAY04703,O04703,Debit Card,262697.0,Successful
PAY04704,O04704,Credit Card,10655.2,Paid
PAY04705,O04705,Wallet,17858.3,Refunded
PAY04706,O04706,UPI,47800.6,Paid
PAY04707,O04707,UPI,3233.25,Refunded
PAY04708,O04708,Debit Card,8070.0,Successful
PAY04709,O04709,UPI,13028.0,Refunded
PAY04710,O04710,Credit Card,129794.4,Refunded
PAY04711,O04711,UPI,143107.9,Paid
PAY04712,O04712,Debit Card,367444.8,Paid
PAY04713,O04713,Credit Card,150060.0,Refunded
PAY04714,O04714,UPI,90855.0,Successful
PAY04715,O04715,COD,39511.4,Paid
PAY04716,O04716,Debit Card,26907.0,Refunded
PAY04717,O04717,Net Banking,1285.2,Refunded
PAY04718,O04718,UPI,133213.0,Successful
PAY04719,O04719,Debit Card,146018.7,Failed
PAY04720,O04720,Credit Card,13815.9,Refunded
PAY04721,O04721,Wallet,40240.2,Failed
PAY04722,O04722,Wallet,18628.2,Paid
PAY04723,O04723,UPI,76338.0,Paid
PAY04724,O04724,Net Banking,1244.4,Paid
PAY04725,O04725,UPI,93918.4,Successful
PAY04726,O04726,Credit Card,3549.0,Successful
PAY04727,O04727,Credit Card,199575.1,Paid
PAY04728,O04728,UPI,173838.3,Successful
PAY04729,O04729,COD,845.5,Successful
PAY04730,O04730,Debit Card,4071.6,Paid
PAY04731,O04731,UPI,260288.0,Failed
PAY04732,O04732,Credit Card,46590.5,Successful
PAY04733,O04733,Credit Card,20775.2,Refunded
PAY04734,O04734,Wallet,107751.3,Paid
PAY04735,O04735,Wallet,48628.8,Paid
PAY04736,O04736,Debit Card,13799.7,Paid
PAY04737,O04737,COD,64500.75,Paid
PAY04738,O04738,Credit Card,389135.6,Paid
PAY04739,O04739,UPI,3837.75,Paid
PAY04740,O04740,Credit Card,122300.8,Paid
PAY04741,O04741,Credit Card,27092.25,Failed
PAY04742,O04742,Net Banking,27021.6,Refunded
PAY04743,O04743,UPI,465.6,Paid
PAY04744,O04744,Wallet,115661.75,Paid
PAY04745,O04745,Wallet,242924.1,Paid
PAY04746,O04746,Credit Card,150124.95,Successful
PAY04747,O04747,UPI,11615.1,Successful
PAY04748,O04748,Credit Card,208761.0,Paid
PAY04749,O04749,Credit Card,13325.6,Refunded
PAY04750,O04750,UPI,19576.45,Successful
PAY04751,O04751,Credit Card,183698.4,Successful
PAY04752,O04752,Credit Card,52864.2,Refunded
PAY04753,O04753,Debit Card,6480.9,Refunded
PAY04754,O04754,UPI,128007.0,Paid
PAY04755,O04755,COD,17271.0,Paid
PAY04756,O04756,UPI,16876.0,Refunded
PAY04757,O04757,Wallet,33299.4,Failed
PAY04758,O04758,COD,161658.0,Paid
PAY04759,O04759,Debit Card,23419.6,Successful
PAY04760,O04760,Net Banking,13836.6,Paid
PAY04761,O04761,UPI,3802.0,Refunded
PAY04762,O04762,UPI,37896.0,Refunded
PAY04763,O04763,Wallet,18089.0,Refunded
PAY04764,O04764,Credit Card,68553.0,Refunded
PAY04765,O04765,Net Banking,10762.6,Successful
PAY04766,O04766,Credit Card,24467.25,Paid
PAY04767,O04767,COD,136364.0,Successful
PAY04768,O04768,Net Banking,20664.2,Paid
PAY04769,O04769,Wallet,153969.0,Refunded
PAY04770,O04770,Wallet,26812.8,Paid
PAY04771,O04771,Credit Card,183471.9,Paid
PAY04772,O04772,Net Banking,17350.2,Paid
PAY04773,O04773,Debit Card,92098.3,Failed
PAY04774,O04774,UPI,20599.0,Paid
PAY04775,O04775,UPI,25128.9,Paid
PAY04776,O04776,Credit Card,58527.1,Paid
PAY04777,O04777,Net Banking,52678.8,Paid
PAY04778,O04778,Debit Card,58653.4,Successful
PAY04779,O04779,Net Banking,24376.0,Successful
PAY04780,O04780,Wallet,82097.9,Refunded
PAY04781,O04781,COD,55791.45,Paid
PAY04782,O04782,COD,26905.5,Successful
PAY04783,O04783,UPI,1335.0,Failed
PAY04784,O04784,Debit Card,82116.8,Paid
PAY04785,O04785,UPI,114255.0,Paid
PAY04786,O04786,COD,81769.5,Paid
PAY04787,O04787,Wallet,52550.2,Paid
PAY04788,O04788,UPI,180704.6,Refunded
PAY04789,O04789,Credit Card,282405.9,Paid
PAY04790,O04790,COD,3555.0,Refunded
PAY04791,O04791,Wallet,112644.0,Failed
PAY04792,O04792,Debit Card,6570.0,Successful
PAY04793,O04793,COD,16385.3,Successful
PAY04794,O04794,Debit Card,39820.2,Paid
PAY04795,O04795,Debit Card,13164.15,Refunded
PAY04796,O04796,Debit Card,16571.8,Paid
PAY04797,O04797,COD,192380.8,Paid
PAY04798,O04798,Debit Card,27557.75,Paid
PAY04799,O04799,COD,6259.2,Paid
PAY04800,O04800,COD,166590.5,Paid
PAY04801,O04801,Net Banking,16569.9,Paid
PAY04802,O04802,Debit Card,26727.0,Failed
PAY04803,O04803,COD,1788.0,Refunded
PAY04804,O04804,COD,4601.0,Paid
PAY04805,O04805,COD,110928.0,Paid
PAY04806,O04806,Debit Card,53956.2,Paid
PAY04807,O04807,Net Banking,5151.0,Paid
PAY04808,O04808,Credit Card,7320.6,Successful
PAY04809,O04809,COD,22660.0,Paid
PAY04810,O04810,COD,18227.8,Refunded
PAY04811,O04811,Wallet,290275.8,Refunded
PAY04812,O04812,COD,7726.5,Paid
PAY04813,O04813,UPI,199423.6,Paid
PAY04814,O04814,Wallet,258019.2,Paid
PAY04815,O04815,UPI,120097.3,Paid
PAY04816,O04816,Credit Card,134745.0,Paid
PAY04817,O04817,Net Banking,34533.8,Successful
PAY04818,O04818,Net Banking,39778.4,Paid
PAY04819,O04819,UPI,54478.35,Paid
PAY04820,O04820,Debit Card,6929.2,Paid
PAY04821,O04821,UPI,97345.8,Paid
PAY04822,O04822,COD,41264.0,Paid
PAY04823,O04823,Credit Card,106339.8,Refunded
PAY04824,O04824,Credit Card,12681.15,Successful
PAY04825,O04825,Net Banking,2746.0,Refunded
PAY04826,O04826,UPI,3198.0,Paid
PAY04827,O04827,Credit Card,47944.35,Successful
PAY04828,O04828,COD,104152.35,Paid
PAY04829,O04829,Debit Card,3421.8,Paid
PAY04830,O04830,COD,22982.5,Paid
PAY04831,O04831,UPI,3808.0,Paid
PAY04832,O04832,Wallet,28527.3,Successful
PAY04833,O04833,COD,1368.75,Failed
PAY04834,O04834,Credit Card,50135.4,Failed
PAY04835,O04835,Debit Card,18230.5,Paid
PAY04836,O04836,Credit Card,195379.2,Refunded
PAY04837,O04837,Credit Card,54513.0,Paid
PAY04838,O04838,COD,120028.3,Paid
PAY04839,O04839,Wallet,49346.4,Paid
PAY04840,O04840,Debit Card,1918.8,Refunded
PAY04841,O04841,UPI,5011.2,Refunded
PAY04842,O04842,Net Banking,61097.25,Paid
PAY04843,O04843,Net Banking,30080.0,Paid
PAY04844,O04844,Credit Card,21864.75,Paid
PAY04845,O04845,UPI,5022.0,Paid
PAY04846,O04846,Wallet,7726.5,Failed
PAY04847,O04847,UPI,499777.0,Paid
PAY04848,O04848,Debit Card,6706.8,Refunded
PAY04849,O04849,Debit Card,237694.95,Refunded
PAY04850,O04850,UPI,82863.8,Paid
PAY04851,O04851,Wallet,37589.25,Paid
PAY04852,O04852,Net Banking,18822.0,Failed
PAY04853,O04853,UPI,5724.8,Paid
PAY04854,O04854,Net Banking,4475.7,Paid
PAY04855,O04855,UPI,21103.45,Successful
PAY04856,O04856,UPI,79242.0,Paid
PAY04857,O04857,Net Banking,32140.25,Successful
PAY04858,O04858,Wallet,9946.0,Successful
PAY04859,O04859,Credit Card,96729.0,Failed
PAY04860,O04860,COD,154675.2,Paid
PAY04861,O04861,UPI,15704.55,Paid
PAY04862,O04862,Wallet,11294.5,Refunded
PAY04863,O04863,Net Banking,83370.0,Paid
PAY04864,O04864,Net Banking,42480.0,Refunded
PAY04865,O04865,Credit Card,10264.0,Successful
PAY04866,O04866,Credit Card,7563.6,Paid
PAY04867,O04867,Debit Card,75198.2,Paid
PAY04868,O04868,Credit Card,15831.2,Failed
PAY04869,O04869,Wallet,79534.0,Paid
PAY04870,O04870,UPI,1309.5,Paid
PAY04871,O04871,Debit Card,12441.3,Paid
PAY04872,O04872,UPI,208911.6,Failed
PAY04873,O04873,UPI,218017.9,Successful
PAY04874,O04874,COD,243025.0,Paid
PAY04875,O04875,Net Banking,2749.8,Paid
PAY04876,O04876,Wallet,17002.0,Refunded
PAY04877,O04877,Debit Card,128466.9,Paid
PAY04878,O04878,Net Banking,4637.0,Paid
PAY04879,O04879,Debit Card,16145.25,Paid
PAY04880,O04880,Debit Card,15147.0,Paid
PAY04881,O04881,UPI,73955.5,Paid
PAY04882,O04882,COD,207298.6,Paid
PAY04883,O04883,Debit Card,8608.0,Paid
PAY04884,O04884,UPI,246600.0,Failed
PAY04885,O04885,COD,15563.25,Refunded
PAY04886,O04886,Net Banking,11834.2,Successful
PAY04887,O04887,Net Banking,8415.0,Successful
PAY04888,O04888,Net Banking,804.6,Paid
PAY04889,O04889,Net Banking,1551.25,Paid
PAY04890,O04890,Net Banking,238328.0,Paid
PAY04891,O04891,Net Banking,2197.35,Paid
PAY04892,O04892,Credit Card,8897.8,Paid
PAY04893,O04893,UPI,7765.2,Paid
PAY04894,O04894,COD,2136.0,Refunded
PAY04895,O04895,Wallet,2403.0,Paid
PAY04896,O04896,Net Banking,896.8,Paid
PAY04897,O04897,Credit Card,2388.0,Paid
PAY04898,O04898,COD,15080.0,Refunded
PAY04899,O04899,COD,811.5,Paid
PAY04900,O04900,Wallet,106670.7,Successful
PAY04901,O04901,UPI,49173.05,Failed
PAY04902,O04902,Debit Card,16278.0,Refunded
PAY04903,O04903,Net Banking,93441.0,Paid
PAY04904,O04904,COD,163846.4,Refunded
PAY04905,O04905,Net Banking,346929.3,Paid
PAY04906,O04906,Wallet,8546.4,Paid
PAY04907,O04907,Net Banking,31074.0,Refunded
PAY04908,O04908,Wallet,19132.8,Paid
PAY04909,O04909,COD,39511.4,Paid
PAY04910,O04910,Debit Card,80595.3,Successful
PAY04911,O04911,Net Banking,12548.0,Paid
PAY04912,O04912,UPI,226198.85,Paid
PAY04913,O04913,Wallet,285891.2,Refunded
PAY04914,O04914,Debit Card,7413.7,Failed
PAY04915,O04915,Debit Card,11958.0,Failed
PAY04916,O04916,COD,105658.2,Paid
PAY04917,O04917,Credit Card,32854.0,Refunded
PAY04918,O04918,Credit Card,54607.75,Paid
PAY04919,O04919,Wallet,37024.0,Paid
PAY04920,O04920,COD,17444.0,Successful
PAY04921,O04921,COD,103485.8,Refunded
PAY04922,O04922,Wallet,212097.8,Paid
PAY04923,O04923,Wallet,86658.0,Successful
PAY04924,O04924,Wallet,80178.2,Refunded
PAY04925,O04925,Credit Card,122315.25,Paid
PAY04926,O04926,Credit Card,10877.9,Refunded
PAY04927,O04927,Net Banking,224116.6,Paid
PAY04928,O04928,Debit Card,8945.0,Paid
PAY04929,O04929,COD,8600.0,Paid
PAY04930,O04930,Wallet,10450.35,Paid
PAY04931,O04931,Credit Card,26432.1,Failed
PAY04932,O04932,Credit Card,161747.7,Paid
PAY04933,O04933,UPI,205292.0,Refunded
PAY04934,O04934,Net Banking,3549.0,Paid
PAY04935,O04935,COD,28544.0,Successful
PAY04936,O04936,Wallet,9484.2,Refunded
PAY04937,O04937,COD,14526.0,Paid
PAY04938,O04938,Net Banking,43417.6,Paid
PAY04939,O04939,Debit Card,7506.0,Refunded
PAY04940,O04940,Net Banking,95141.7,Paid
PAY04941,O04941,Net Banking,37350.9,Refunded
PAY04942,O04942,Debit Card,8082.0,Paid
PAY04943,O04943,Debit Card,142291.2,Refunded
PAY04944,O04944,Wallet,55124.0,Refunded
PAY04945,O04945,COD,40349.25,Paid
PAY04946,O04946,Wallet,17558.0,Paid
PAY04947,O04947,Net Banking,184014.0,Paid
PAY04948,O04948,Net Banking,64310.8,Paid
PAY04949,O04949,Credit Card,217864.8,Paid
PAY04950,O04950,Credit Card,130144.0,Paid
PAY04951,O04951,Credit Card,36218.0,Paid
PAY04952,O04952,COD,56892.0,Paid
PAY04953,O04953,Credit Card,4842.0,Paid
PAY04954,O04954,Net Banking,13028.0,Paid
PAY04955,O04955,UPI,183078.35,Refunded
PAY04956,O04956,Debit Card,207523.2,Refunded
PAY04957,O04957,Net Banking,305341.0,Successful
PAY04958,O04958,UPI,937.6,Paid
PAY04959,O04959,Wallet,38380.05,Paid
PAY04960,O04960,UPI,60740.15,Paid
PAY04961,O04961,Credit Card,104266.4,Refunded
PAY04962,O04962,Debit Card,91179.0,Paid
PAY04963,O04963,Debit Card,47832.0,Paid
PAY04964,O04964,Wallet,46480.5,Successful
PAY04965,O04965,Debit Card,42528.0,Refunded
PAY04966,O04966,Net Banking,116828.35,Paid
PAY04967,O04967,Net Banking,222300.3,Paid
PAY04968,O04968,Net Banking,158435.25,Paid
PAY04969,O04969,Debit Card,15881.4,Successful
PAY04970,O04970,Debit Card,2413.8,Paid
PAY04971,O04971,UPI,3268.8,Paid
PAY04972,O04972,Net Banking,316550.9,Refunded
PAY04973,O04973,Credit Card,208911.6,Paid
PAY04974,O04974,Net Banking,10234.0,Successful
PAY04975,O04975,Net Banking,37120.6,Paid
PAY04976,O04976,Debit Card,254460.0,Paid
PAY04977,O04977,UPI,228800.4,Paid
PAY04978,O04978,COD,523.8,Successful
PAY04979,O04979,COD,162680.0,Paid
PAY04980,O04980,Net Banking,58880.8,Paid
PAY04981,O04981,Net Banking,48267.6,Successful
PAY04982,O04982,Net Banking,226453.2,Paid
PAY04983,O04983,Net Banking,110992.65,Successful
PAY04984,O04984,Wallet,21893.4,Successful
PAY04985,O04985,Credit Card,93205.5,Paid
PAY04986,O04986,Wallet,6843.6,Paid
PAY04987,O04987,Debit Card,5192.0,Refunded
PAY04988,O04988,Credit Card,209869.3,Refunded
PAY04989,O04989,Net Banking,208911.6,Refunded
PAY04990,O04990,Wallet,158593.5,Paid
PAY04991,O04991,Credit Card,50020.0,Successful
PAY04992,O04992,Wallet,122651.0,Successful
PAY04993,O04993,UPI,2247.75,Refunded
PAY04994,O04994,Credit Card,108160.7,Paid
PAY04995,O04995,Net Banking,2264.4,Paid
PAY04996,O04996,Credit Card,4379.25,Refunded
PAY04997,O04997,Wallet,41172.0,Refunded
PAY04998,O04998,Net Banking,237219.0,Refunded
PAY04999,O04999,COD,229546.4,Paid
PAY05000,O05000,Wallet,131376.2,Paid
PAY05001,O05001,COD,23220.0,Paid
PAY05002,O05002,Wallet,13799.7,Paid
PAY05003,O05003,Net Banking,320343.8,Paid
PAY05004,O05004,Credit Card,221856.0,Refunded
PAY05005,O05005,Debit Card,4293.6,Successful
PAY05006,O05006,UPI,244020.0,Paid
PAY05007,O05007,Debit Card,34079.05,Paid
PAY05008,O05008,COD,17860.9,Refunded
PAY05009,O05009,Net Banking,6165.0,Successful
PAY05010,O05010,Credit Card,5985.6,Paid
PAY05011,O05011,Debit Card,47261.2,Successful
PAY05012,O05012,COD,11648.1,Refunded
PAY05013,O05013,COD,90855.0,Paid
PAY05014,O05014,UPI,59185.0,Successful
PAY05015,O05015,Credit Card,34217.4,Paid
PAY05016,O05016,Net Banking,109284.5,Paid
PAY05017,O05017,Net Banking,3984.8,Paid
PAY05018,O05018,Net Banking,3854.0,Paid
PAY05019,O05019,Wallet,4732.0,Successful
PAY05020,O05020,Debit Card,14151.2,Paid
PAY05021,O05021,Credit Card,9307.0,Paid
PAY05022,O05022,Debit Card,17445.4,Paid
PAY05023,O05023,UPI,320246.6,Paid
PAY05024,O05024,Credit Card,38275.2,Paid
PAY05025,O05025,Wallet,36248.4,Refunded
PAY05026,O05026,Net Banking,9640.9,Successful
PAY05027,O05027,Debit Card,590.4,Successful
PAY05028,O05028,Net Banking,30556.3,Paid
PAY05029,O05029,UPI,30520.8,Successful
PAY05030,O05030,COD,68246.3,Successful
PAY05031,O05031,Credit Card,129489.0,Refunded
PAY05032,O05032,UPI,3007.4,Paid
PAY05033,O05033,Wallet,203180.75,Paid
PAY05034,O05034,Credit Card,241737.0,Successful
PAY05035,O05035,Credit Card,4780.4,Successful
PAY05036,O05036,UPI,170914.5,Successful
PAY05037,O05037,Debit Card,2920.5,Refunded
PAY05038,O05038,Credit Card,11896.35,Paid
PAY05039,O05039,Credit Card,28570.6,Successful
PAY05040,O05040,COD,234366.0,Paid
PAY05041,O05041,Net Banking,7192.8,Paid
PAY05042,O05042,Credit Card,161858.2,Refunded
PAY05043,O05043,Debit Card,55545.3,Refunded
PAY05044,O05044,Debit Card,172483.3,Paid
PAY05045,O05045,Debit Card,15416.0,Paid
PAY05046,O05046,Credit Card,3971.0,Refunded
PAY05047,O05047,COD,6361.2,Failed
PAY05048,O05048,Debit Card,10574.85,Paid
PAY05049,O05049,COD,8412.0,Successful
PAY05050,O05050,Credit Card,36864.8,Refunded
PAY05051,O05051,COD,196350.6,Paid
PAY05052,O05052,Credit Card,127118.0,Paid
PAY05053,O05053,UPI,1465.6,Paid
PAY05054,O05054,UPI,248548.0,Paid
PAY05055,O05055,Debit Card,26056.0,Refunded
PAY05056,O05056,Debit Card,12997.2,Paid
PAY05057,O05057,Wallet,33912.0,Paid
PAY05058,O05058,Wallet,114255.0,Successful
PAY05059,O05059,Wallet,76951.2,Refunded
PAY05060,O05060,Net Banking,118848.8,Refunded
PAY05061,O05061,UPI,15301.8,Paid
PAY05062,O05062,COD,6426.0,Refunded
PAY05063,O05063,COD,2920.5,Paid
PAY05064,O05064,COD,87214.2,Paid
PAY05065,O05065,COD,756.5,Paid
PAY05066,O05066,Wallet,3602.4,Refunded
PAY05067,O05067,Credit Card,98330.55,Paid
PAY05068,O05068,Debit Card,2390.2,Refunded
PAY05069,O05069,COD,6129.0,Paid
PAY05070,O05070,Credit Card,3773.4,Failed
PAY05071,O05071,Debit Card,211375.3,Successful
PAY05072,O05072,UPI,95132.9,Paid
PAY05073,O05073,UPI,60966.55,Paid
PAY05074,O05074,Net Banking,178746.0,Successful
PAY05075,O05075,Net Banking,12780.0,Paid
PAY05076,O05076,Credit Card,21392.1,Paid
PAY05077,O05077,COD,80378.55,Paid
PAY05078,O05078,Debit Card,254350.0,Successful
PAY05079,O05079,Debit Card,162433.7,Successful
PAY05080,O05080,Wallet,275806.6,Paid
PAY05081,O05081,Wallet,30310.8,Refunded
PAY05082,O05082,Net Banking,193019.0,Paid
PAY05083,O05083,Debit Card,67725.0,Paid
PAY05084,O05084,Wallet,56398.65,Paid
PAY05085,O05085,Net Banking,193595.0,Paid
PAY05086,O05086,Wallet,23425.5,Paid
PAY05087,O05087,Debit Card,58699.0,Failed
PAY05088,O05088,COD,21247.7,Refunded
PAY05089,O05089,Credit Card,15496.4,Paid
PAY05090,O05090,Net Banking,24701.3,Successful
PAY05091,O05091,Wallet,8735.45,Refunded
PAY05092,O05092,Debit Card,180181.0,Paid
PAY05093,O05093,COD,2921.4,Paid
PAY05094,O05094,Debit Card,17128.4,Refunded
PAY05095,O05095,Wallet,345148.75,Paid
PAY05096,O05096,Credit Card,6094.0,Paid
PAY05097,O05097,Credit Card,197650.1,Refunded
PAY05098,O05098,Wallet,4618.7,Failed
PAY05099,O05099,Net Banking,492.0,Refunded
PAY05100,O05100,Net Banking,10663.2,Paid
PAY05101,O05101,Debit Card,51302.9,Successful
PAY05102,O05102,Net Banking,25198.75,Paid
PAY05103,O05103,UPI,23079.5,Paid
PAY05104,O05104,Debit Card,81114.45,Successful
PAY05105,O05105,COD,10468.0,Failed
PAY05106,O05106,Net Banking,89179.7,Paid
PAY05107,O05107,COD,72567.9,Successful
PAY05108,O05108,Debit Card,70527.9,Paid
PAY05109,O05109,Debit Card,55141.65,Successful
PAY05110,O05110,COD,360425.35,Successful
PAY05111,O05111,Net Banking,5179.9,Successful
PAY05112,O05112,UPI,27064.0,Paid
PAY05113,O05113,Net Banking,57888.4,Failed
PAY05114,O05114,Wallet,5117.0,Refunded
PAY05115,O05115,COD,7640.65,Successful
PAY05116,O05116,UPI,566115.4,Paid
PAY05117,O05117,Wallet,121243.5,Successful
PAY05118,O05118,Credit Card,72769.8,Paid
PAY05119,O05119,Net Banking,890.0,Paid
PAY05120,O05120,COD,207183.95,Paid
PAY05121,O05121,Credit Card,95331.2,Refunded
PAY05122,O05122,Net Banking,1373.0,Successful
PAY05123,O05123,Wallet,4266.0,Paid
PAY05124,O05124,Net Banking,106952.8,Paid
PAY05125,O05125,UPI,20003.35,Paid
PAY05126,O05126,COD,15777.0,Refunded
PAY05127,O05127,COD,2558.25,Paid
PAY05128,O05128,Net Banking,308696.0,Paid
PAY05129,O05129,Credit Card,9307.0,Paid
PAY05130,O05130,Net Banking,85416.75,Refunded
PAY05131,O05131,Debit Card,27564.2,Refunded
PAY05132,O05132,Wallet,149904.0,Refunded
PAY05133,O05133,Debit Card,39868.1,Paid
PAY05134,O05134,Credit Card,89341.0,Refunded
PAY05135,O05135,COD,18387.0,Paid
PAY05136,O05136,Debit Card,84704.0,Paid
PAY05137,O05137,Wallet,12187.2,Paid
PAY05138,O05138,Wallet,5031.0,Successful
PAY05139,O05139,COD,63964.95,Paid
PAY05140,O05140,UPI,8024.0,Paid
PAY05141,O05141,Debit Card,58577.25,Successful
PAY05142,O05142,COD,129041.85,Paid
PAY05143,O05143,Debit Card,20394.0,Refunded
PAY05144,O05144,Credit Card,51366.5,Paid
PAY05145,O05145,Debit Card,7801.2,Successful
PAY05146,O05146,Wallet,916.0,Successful
PAY05147,O05147,COD,285352.5,Successful
PAY05148,O05148,Wallet,56828.4,Failed
PAY05149,O05149,COD,159148.9,Paid
PAY05150,O05150,Debit Card,17738.4,Successful
PAY05151,O05151,UPI,2804.0,Paid
PAY05152,O05152,Wallet,90960.0,Paid
PAY05153,O05153,Credit Card,131006.4,Paid
PAY05154,O05154,Credit Card,7851.0,Successful
PAY05155,O05155,Net Banking,3026.7,Failed
PAY05156,O05156,COD,5839.2,Paid
PAY05157,O05157,Net Banking,14526.0,Refunded
PAY05158,O05158,COD,194237.0,Successful
PAY05159,O05159,Credit Card,20088.0,Successful
PAY05160,O05160,Net Banking,34400.0,Successful
PAY05161,O05161,Wallet,4090.0,Successful
PAY05162,O05162,Debit Card,242219.2,Successful
PAY05163,O05163,Debit Card,31302.8,Refunded
PAY05164,O05164,Net Banking,205821.6,Paid
PAY05165,O05165,COD,5679.7,Paid
PAY05166,O05166,Wallet,134348.0,Successful
PAY05167,O05167,Debit Card,22666.0,Paid
PAY05168,O05168,Debit Card,57324.0,Refunded
PAY05169,O05169,UPI,55923.3,Refunded
PAY05170,O05170,UPI,13083.0,Successful
PAY05171,O05171,Wallet,130144.0,Paid
PAY05172,O05172,UPI,73230.6,Paid
PAY05173,O05173,Net Banking,24375.8,Paid
PAY05174,O05174,Net Banking,11620.8,Paid
PAY05175,O05175,Debit Card,10302.0,Paid
PAY05176,O05176,UPI,281329.6,Refunded
PAY05177,O05177,Net Banking,20874.0,Paid
PAY05178,O05178,Credit Card,52512.0,Paid
PAY05179,O05179,UPI,7141.8,Paid
PAY05180,O05180,Net Banking,2855.2,Failed
PAY05181,O05181,Net Banking,46111.5,Refunded
PAY05182,O05182,COD,51202.8,Refunded
PAY05183,O05183,Net Banking,124807.0,Paid
PAY05184,O05184,Net Banking,15416.0,Paid
PAY05185,O05185,Credit Card,27131.45,Paid
PAY05186,O05186,Credit Card,4898.2,Refunded
PAY05187,O05187,Net Banking,75007.2,Paid
PAY05188,O05188,Net Banking,10183.0,Paid
PAY05189,O05189,UPI,723020.5,Successful
PAY05190,O05190,COD,59367.0,Failed
PAY05191,O05191,Debit Card,8624.7,Paid
PAY05192,O05192,Net Banking,97504.75,Paid
PAY05193,O05193,Credit Card,68384.25,Paid
PAY05194,O05194,UPI,87249.1,Refunded
PAY05195,O05195,Net Banking,1310.7,Refunded
PAY05196,O05196,COD,111987.05,Successful
PAY05197,O05197,Credit Card,4380.0,Successful
PAY05198,O05198,Net Banking,9191.55,Paid
PAY05199,O05199,Debit Card,45345.4,Successful
PAY05200,O05200,COD,16550.4,Refunded
PAY05201,O05201,UPI,195379.2,Refunded
PAY05202,O05202,Wallet,156890.4,Successful
PAY05203,O05203,UPI,93377.6,Paid
PAY05204,O05204,Credit Card,229734.4,Paid
PAY05205,O05205,Wallet,2918.9,Paid
PAY05206,O05206,Wallet,7956.8,Paid
PAY05207,O05207,Debit Card,2103.2,Refunded
PAY05208,O05208,UPI,21040.0,Successful
PAY05209,O05209,Debit Card,43824.95,Successful
PAY05210,O05210,UPI,194020.7,Successful
PAY05211,O05211,Wallet,90036.0,Paid
PAY05212,O05212,Debit Card,81769.5,Failed
PAY05213,O05213,UPI,33620.0,Refunded
PAY05214,O05214,Wallet,41108.0,Successful
PAY05215,O05215,Debit Card,171074.7,Paid
PAY05216,O05216,COD,508.5,Refunded
PAY05217,O05217,Debit Card,47832.0,Refunded
PAY05218,O05218,Credit Card,269557.3,Failed
PAY05219,O05219,UPI,44973.9,Refunded
PAY05220,O05220,Debit Card,2919.6,Paid
PAY05221,O05221,Debit Card,92852.7,Successful
PAY05222,O05222,Wallet,113475.6,Successful
PAY05223,O05223,COD,72271.2,Refunded
PAY05224,O05224,Debit Card,178264.0,Paid
PAY05225,O05225,Credit Card,1789.0,Paid
PAY05226,O05226,Credit Card,5492.0,Paid
PAY05227,O05227,UPI,24105.6,Refunded
PAY05228,O05228,Net Banking,89341.0,Paid
PAY05229,O05229,Wallet,327268.7,Successful
PAY05230,O05230,Wallet,60076.8,Successful
PAY05231,O05231,Debit Card,11144.0,Refunded
PAY05232,O05232,Wallet,177919.7,Paid
PAY05233,O05233,Debit Card,52336.4,Refunded
PAY05234,O05234,Credit Card,4965.15,Paid
PAY05235,O05235,UPI,480019.25,Paid
PAY05236,O05236,Credit Card,33129.0,Refunded
PAY05237,O05237,Debit Card,164056.0,Paid
PAY05238,O05238,UPI,125360.4,Refunded
PAY05239,O05239,Wallet,227184.0,Successful
PAY05240,O05240,Wallet,2164.0,Successful
PAY05241,O05241,Credit Card,231483.8,Paid
PAY05242,O05242,Net Banking,90670.9,Refunded
PAY05243,O05243,UPI,199666.05,Paid
PAY05244,O05244,Wallet,88049.2,Successful
PAY05245,O05245,Net Banking,73206.0,Successful
PAY05246,O05246,Wallet,3784.0,Failed
PAY05247,O05247,Wallet,258.0,Paid
PAY05248,O05248,Net Banking,77890.5,Successful
PAY05249,O05249,Credit Card,30831.0,Paid
PAY05250,O05250,UPI,12492.8,Successful
PAY05251,O05251,Net Banking,119106.4,Paid
PAY05252,O05252,Credit Card,81680.0,Paid
PAY05253,O05253,UPI,20946.5,Refunded
PAY05254,O05254,Debit Card,1130.0,Successful
PAY05255,O05255,Wallet,8143.2,Paid
PAY05256,O05256,COD,7674.75,Paid
PAY05257,O05257,Net Banking,80872.8,Paid
PAY05258,O05258,COD,274137.45,Paid
PAY05259,O05259,Wallet,4361.0,Failed
PAY05260,O05260,Net Banking,36997.2,Refunded
PAY05261,O05261,Debit Card,12228.0,Paid
PAY05262,O05262,Credit Card,146630.6,Refunded
PAY05263,O05263,Net Banking,250176.0,Refunded
PAY05264,O05264,Wallet,15675.0,Paid
PAY05265,O05265,Credit Card,159708.0,Paid
PAY05266,O05266,UPI,14299.2,Successful
PAY05267,O05267,UPI,3972.0,Paid
PAY05268,O05268,Credit Card,108478.1,Paid
PAY05269,O05269,Credit Card,112288.5,Failed
PAY05270,O05270,Wallet,120628.0,Paid
PAY05271,O05271,UPI,3576.0,Successful
PAY05272,O05272,Credit Card,180081.4,Paid
PAY05273,O05273,Net Banking,20758.0,Paid
PAY05274,O05274,Debit Card,59352.3,Paid
PAY05275,O05275,Wallet,51323.0,Refunded
PAY05276,O05276,Debit Card,38685.0,Successful
PAY05277,O05277,UPI,9210.6,Paid
PAY05278,O05278,Debit Card,91741.2,Successful
PAY05279,O05279,Debit Card,186411.0,Paid
PAY05280,O05280,Wallet,36406.15,Successful
PAY05281,O05281,COD,36136.95,Paid
PAY05282,O05282,Credit Card,5488.4,Paid
PAY05283,O05283,Debit Card,35876.0,Paid
PAY05284,O05284,UPI,145492.2,Successful
PAY05285,O05285,Debit Card,11748.5,Successful
PAY05286,O05286,Net Banking,13857.0,Successful
PAY05287,O05287,UPI,25489.5,Successful
PAY05288,O05288,Credit Card,17535.2,Paid
PAY05289,O05289,Credit Card,3057.0,Paid
PAY05290,O05290,Credit Card,119492.8,Failed
PAY05291,O05291,COD,83002.0,Paid
PAY05292,O05292,UPI,79242.0,Refunded
PAY05293,O05293,UPI,346000.0,Refunded
PAY05294,O05294,Wallet,13373.55,Successful
PAY05295,O05295,Net Banking,57355.7,Paid
PAY05296,O05296,UPI,48251.2,Paid
PAY05297,O05297,Credit Card,6167.1,Paid
PAY05298,O05298,Net Banking,12926.8,Refunded
PAY05299,O05299,Debit Card,12618.8,Paid
PAY05300,O05300,COD,270984.0,Successful
PAY05301,O05301,Credit Card,109077.6,Successful
PAY05302,O05302,Wallet,47573.1,Successful
PAY05303,O05303,Wallet,2805.75,Paid
PAY05304,O05304,Wallet,12419.45,Paid
PAY05305,O05305,Wallet,4124.8,Paid
PAY05306,O05306,Wallet,4379.4,Paid
PAY05307,O05307,COD,4776.0,Refunded
PAY05308,O05308,Credit Card,6735.0,Paid
PAY05309,O05309,Wallet,976.0,Paid
PAY05310,O05310,COD,8940.0,Failed
PAY05311,O05311,Debit Card,15147.0,Paid
PAY05312,O05312,Wallet,88107.0,Paid
PAY05313,O05313,Net Banking,10683.4,Refunded
PAY05314,O05314,Credit Card,37963.0,Failed
PAY05315,O05315,COD,113757.4,Paid
PAY05316,O05316,UPI,4484.0,Paid
PAY05317,O05317,Credit Card,20419.75,Paid
PAY05318,O05318,UPI,244092.8,Refunded
PAY05319,O05319,COD,121389.9,Paid
PAY05320,O05320,COD,4380.0,Refunded
PAY05321,O05321,UPI,20671.5,Paid
PAY05322,O05322,Credit Card,8722.0,Successful
PAY05323,O05323,Credit Card,16524.0,Paid
PAY05324,O05324,UPI,28657.8,Successful
PAY05325,O05325,Net Banking,5475.0,Refunded
PAY05326,O05326,Debit Card,33194.7,Successful
PAY05327,O05327,Net Banking,226810.65,Paid
PAY05328,O05328,Credit Card,58738.0,Paid
PAY05329,O05329,UPI,20266.2,Refunded
PAY05330,O05330,Credit Card,29579.7,Refunded
PAY05331,O05331,COD,9063.9,Refunded
PAY05332,O05332,Net Banking,12657.0,Refunded
PAY05333,O05333,Debit Card,7910.95,Paid
PAY05334,O05334,Wallet,44732.0,Paid
PAY05335,O05335,COD,34542.0,Paid
PAY05336,O05336,UPI,182222.0,Paid
PAY05337,O05337,UPI,4041.0,Paid
PAY05338,O05338,COD,3873.6,Refunded
PAY05339,O05339,COD,27658.0,Paid
PAY05340,O05340,Credit Card,248240.4,Paid
PAY05341,O05341,Debit Card,102232.8,Paid
PAY05342,O05342,Wallet,20735.7,Paid
PAY05343,O05343,Debit Card,8779.0,Refunded
PAY05344,O05344,Debit Card,11293.2,Paid
PAY05345,O05345,Wallet,1017.0,Successful
PAY05346,O05346,Net Banking,39502.0,Failed
PAY05347,O05347,Debit Card,197387.4,Paid
PAY05348,O05348,Wallet,34948.5,Refunded
PAY05349,O05349,Credit Card,46748.7,Failed
PAY05350,O05350,UPI,14190.0,Successful
PAY05351,O05351,Net Banking,51114.35,Paid
PAY05352,O05352,COD,124619.65,Successful
PAY05353,O05353,UPI,36788.6,Paid
PAY05354,O05354,Wallet,89909.95,Paid
PAY05355,O05355,Debit Card,209904.9,Paid
PAY05356,O05356,Wallet,3467.5,Paid
PAY05357,O05357,Debit Card,344986.3,Failed
PAY05358,O05358,Credit Card,54868.15,Paid
PAY05359,O05359,UPI,2595.2,Successful
PAY05360,O05360,Credit Card,208552.4,Paid
PAY05361,O05361,Debit Card,7563.6,Successful
PAY05362,O05362,Wallet,6645.6,Paid
PAY05363,O05363,Debit Card,48041.2,Paid
PAY05364,O05364,COD,14780.8,Failed
PAY05365,O05365,UPI,10588.55,Paid
PAY05366,O05366,COD,15289.7,Successful
PAY05367,O05367,UPI,328788.0,Successful
PAY05368,O05368,COD,30285.0,Paid
PAY05369,O05369,COD,51649.85,Successful
PAY05370,O05370,UPI,13591.25,Refunded
PAY05371,O05371,Credit Card,13192.4,Paid
PAY05372,O05372,Credit Card,258019.2,Paid
PAY05373,O05373,Net Banking,1099.2,Failed
PAY05374,O05374,Credit Card,2012.4,Paid
PAY05375,O05375,Credit Card,17271.0,Paid
PAY05376,O05376,Wallet,374087.1,Paid
PAY05377,O05377,Net Banking,1525.5,Failed
PAY05378,O05378,Wallet,5327.6,Paid
PAY05379,O05379,Net Banking,6868.0,Paid
PAY05380,O05380,COD,91898.4,Paid
PAY05381,O05381,COD,2351.25,Paid
PAY05382,O05382,Debit Card,35228.4,Refunded
PAY05383,O05383,Net Banking,15066.0,Failed
PAY05384,O05384,Net Banking,44966.8,Paid
PAY05385,O05385,Net Banking,20113.8,Paid
PAY05386,O05386,COD,20394.0,Paid
PAY05387,O05387,Wallet,111771.9,Paid
PAY05388,O05388,Wallet,115885.65,Successful
PAY05389,O05389,Wallet,4412.0,Failed
PAY05390,O05390,UPI,61253.8,Refunded
PAY05391,O05391,Wallet,12544.95,Successful
PAY05392,O05392,Credit Card,34399.9,Refunded
PAY05393,O05393,UPI,1569.1,Paid
PAY05394,O05394,Net Banking,44576.0,Refunded
PAY05395,O05395,UPI,5611.5,Paid
PAY05396,O05396,Wallet,299934.6,Refunded
PAY05397,O05397,Net Banking,160282.9,Paid
PAY05398,O05398,Net Banking,29240.0,Successful
PAY05399,O05399,UPI,52828.0,Successful
PAY05400,O05400,Wallet,130922.8,Successful
PAY05401,O05401,Credit Card,10178.1,Successful
PAY05402,O05402,UPI,68333.4,Paid
PAY05403,O05403,Credit Card,73001.0,Paid
PAY05404,O05404,UPI,123434.0,Paid
PAY05405,O05405,Credit Card,21564.0,Refunded
PAY05406,O05406,Credit Card,11220.0,Paid
PAY05407,O05407,UPI,175377.0,Paid
PAY05408,O05408,UPI,10029.6,Refunded
PAY05409,O05409,COD,1428.0,Paid
PAY05410,O05410,Credit Card,204632.1,Paid
PAY05411,O05411,COD,90471.0,Failed
PAY05412,O05412,Debit Card,2035.8,Paid
PAY05413,O05413,Wallet,154076.4,Paid
PAY05414,O05414,COD,23220.0,Paid
PAY05415,O05415,COD,322316.0,Paid
PAY05416,O05416,UPI,22344.0,Refunded
PAY05417,O05417,Debit Card,166523.25,Refunded
PAY05418,O05418,Credit Card,4484.0,Paid
PAY05419,O05419,Wallet,6708.75,Paid
PAY05420,O05420,Wallet,992.75,Paid
PAY05421,O05421,Credit Card,227184.0,Refunded
PAY05422,O05422,UPI,9636.3,Successful
PAY05423,O05423,Credit Card,66029.55,Paid
PAY05424,O05424,Credit Card,255076.6,Successful
PAY05425,O05425,Credit Card,11170.0,Refunded
PAY05426,O05426,COD,105370.15,Successful
PAY05427,O05427,Credit Card,24331.4,Refunded
PAY05428,O05428,COD,10954.25,Successful
PAY05429,O05429,Net Banking,64265.9,Paid
PAY05430,O05430,Credit Card,314330.4,Paid
PAY05431,O05431,Debit Card,149567.7,Paid
PAY05432,O05432,Credit Card,3802.0,Successful
PAY05433,O05433,Wallet,29805.6,Successful
PAY05434,O05434,COD,245070.4,Paid
PAY05435,O05435,Wallet,8779.0,Paid
PAY05436,O05436,UPI,170388.0,Successful
PAY05437,O05437,Wallet,49709.6,Successful
PAY05438,O05438,COD,32729.1,Successful
PAY05439,O05439,Debit Card,6574.75,Paid
PAY05440,O05440,Wallet,8196.6,Successful
PAY05441,O05441,Net Banking,18314.5,Paid
PAY05442,O05442,COD,244289.3,Successful
PAY05443,O05443,COD,24510.0,Paid
PAY05444,O05444,Credit Card,276486.7,Refunded
PAY05445,O05445,Credit Card,97346.5,Paid
PAY05446,O05446,Credit Card,325494.4,Paid
PAY05447,O05447,Debit Card,23072.4,Refunded
PAY05448,O05448,UPI,101436.8,Failed
PAY05449,O05449,UPI,1252.8,Successful
PAY05450,O05450,Wallet,89464.0,Paid
PAY05451,O05451,Debit Card,302924.4,Refunded
PAY05452,O05452,Wallet,1476.0,Refunded
PAY05453,O05453,UPI,56796.0,Refunded
PAY05454,O05454,Debit Card,151151.0,Paid
PAY05455,O05455,Credit Card,16657.0,Paid
PAY05456,O05456,Credit Card,445364.9,Refunded
PAY05457,O05457,Debit Card,516.0,Paid
PAY05458,O05458,Credit Card,99706.2,Paid
PAY05459,O05459,Wallet,178597.0,Refunded
PAY05460,O05460,Debit Card,16143.2,Failed
PAY05461,O05461,UPI,52101.1,Failed
PAY05462,O05462,Wallet,17041.1,Refunded
PAY05463,O05463,UPI,8937.0,Refunded
PAY05464,O05464,Net Banking,6573.9,Paid
PAY05465,O05465,UPI,48841.0,Successful
PAY05466,O05466,Debit Card,33500.7,Paid
PAY05467,O05467,Credit Card,16748.8,Paid
PAY05468,O05468,Debit Card,93846.4,Successful
PAY05469,O05469,Debit Card,55945.8,Refunded
PAY05470,O05470,Wallet,145471.95,Paid
PAY05471,O05471,COD,364469.2,Refunded
PAY05472,O05472,Wallet,4672.8,Successful
PAY05473,O05473,Wallet,220578.9,Failed
PAY05474,O05474,Debit Card,74715.0,Paid
PAY05475,O05475,Net Banking,68333.4,Successful
PAY05476,O05476,Net Banking,17444.0,Paid
PAY05477,O05477,Credit Card,53585.7,Paid
PAY05478,O05478,Wallet,130384.8,Refunded
PAY05479,O05479,Net Banking,3069.9,Refunded
PAY05480,O05480,Net Banking,132644.2,Paid
PAY05481,O05481,Debit Card,172678.5,Paid
PAY05482,O05482,Credit Card,14587.45,Refunded
PAY05483,O05483,Debit Card,55124.0,Successful
PAY05484,O05484,COD,98011.0,Refunded
PAY05485,O05485,UPI,112618.5,Paid
PAY05486,O05486,UPI,24270.3,Paid
PAY05487,O05487,Net Banking,263047.6,Failed
PAY05488,O05488,UPI,3924.9,Successful
PAY05489,O05489,Debit Card,6100.2,Paid
PAY05490,O05490,Net Banking,129361.5,Paid
PAY05491,O05491,UPI,22179.9,Successful
PAY05492,O05492,COD,102567.0,Paid
PAY05493,O05493,Wallet,6061.5,Paid
PAY05494,O05494,Wallet,184446.0,Paid
PAY05495,O05495,Net Banking,6696.0,Paid
PAY05496,O05496,COD,896.8,Paid
PAY05497,O05497,Wallet,25095.6,Refunded
PAY05498,O05498,COD,42347.2,Paid
PAY05499,O05499,Net Banking,23640.75,Refunded
PAY05500,O05500,UPI,104141.0,Refunded
PAY05501,O05501,Debit Card,1966.05,Paid
PAY05502,O05502,UPI,152122.4,Refunded
PAY05503,O05503,COD,7108.8,Refunded
PAY05504,O05504,Wallet,10098.0,Successful
PAY05505,O05505,Debit Card,44134.1,Paid
PAY05506,O05506,Credit Card,27694.0,Paid
PAY05507,O05507,Net Banking,165965.1,Refunded
PAY05508,O05508,UPI,266751.3,Paid
PAY05509,O05509,UPI,10707.0,Successful
PAY05510,O05510,Wallet,84995.2,Refunded
PAY05511,O05511,Debit Card,15000.0,Paid
PAY05512,O05512,Credit Card,150897.0,Paid
PAY05513,O05513,Credit Card,173641.5,Paid
PAY05514,O05514,Net Banking,229014.0,Successful
PAY05515,O05515,UPI,106278.95,Failed
PAY05516,O05516,UPI,23509.3,Refunded
PAY05517,O05517,Wallet,70206.0,Paid
PAY05518,O05518,Net Banking,6426.8,Paid
PAY05519,O05519,Wallet,124282.8,Paid
PAY05520,O05520,COD,102405.6,Successful
PAY05521,O05521,Debit Card,20317.8,Paid
PAY05522,O05522,Debit Card,84990.8,Paid
PAY05523,O05523,Credit Card,24382.5,Refunded
PAY05524,O05524,Wallet,5839.2,Paid
PAY05525,O05525,Credit Card,123673.5,Refunded
PAY05526,O05526,Debit Card,222222.0,Paid
PAY05527,O05527,UPI,55746.1,Failed
PAY05528,O05528,Credit Card,18528.6,Paid
PAY05529,O05529,UPI,55316.0,Refunded
PAY05530,O05530,Wallet,204460.0,Paid
PAY05531,O05531,Debit Card,76847.0,Paid
PAY05532,O05532,Credit Card,206233.6,Paid
PAY05533,O05533,Credit Card,35956.0,Paid
PAY05534,O05534,Net Banking,45769.2,Refunded
PAY05535,O05535,COD,135477.6,Paid
PAY05536,O05536,Debit Card,53635.05,Refunded
PAY05537,O05537,Debit Card,53623.8,Paid
PAY05538,O05538,Net Banking,144550.6,Successful
PAY05539,O05539,COD,21581.5,Refunded
PAY05540,O05540,COD,232950.0,Paid
PAY05541,O05541,Wallet,77273.0,Successful
PAY05542,O05542,Net Banking,395001.1,Successful
PAY05543,O05543,Credit Card,1309.5,Paid
PAY05544,O05544,Debit Card,33432.0,Paid
PAY05545,O05545,COD,2516.0,Successful
PAY05546,O05546,UPI,8070.0,Paid
PAY05547,O05547,Credit Card,68079.0,Successful
PAY05548,O05548,UPI,54081.0,Successful
PAY05549,O05549,Wallet,59584.0,Successful
PAY05550,O05550,Debit Card,19768.25,Successful
PAY05551,O05551,Debit Card,71792.0,Paid
PAY05552,O05552,Debit Card,255268.6,Paid
PAY05553,O05553,COD,31760.4,Paid
PAY05554,O05554,COD,4490.0,Paid
PAY05555,O05555,UPI,4706.0,Paid
PAY05556,O05556,Debit Card,74417.4,Successful
PAY05557,O05557,Net Banking,13413.0,Successful
PAY05558,O05558,Debit Card,264201.75,Paid
PAY05559,O05559,Wallet,60851.8,Refunded
PAY05560,O05560,Debit Card,23960.0,Paid
PAY05561,O05561,Net Banking,30520.8,Successful
PAY05562,O05562,COD,15226.8,Paid
PAY05563,O05563,Credit Card,26860.8,Paid
PAY05564,O05564,Credit Card,11935.2,Paid
PAY05565,O05565,COD,3797.1,Paid
PAY05566,O05566,Net Banking,63996.6,Paid
PAY05567,O05567,UPI,118825.2,Failed
PAY05568,O05568,UPI,174980.1,Refunded
PAY05569,O05569,UPI,57903.55,Refunded
PAY05570,O05570,Credit Card,221354.1,Paid
PAY05571,O05571,Wallet,20632.0,Paid
PAY05572,O05572,COD,6355.2,Refunded
PAY05573,O05573,COD,27248.5,Failed
PAY05574,O05574,Wallet,8346.6,Paid
PAY05575,O05575,Credit Card,25907.35,Paid
PAY05576,O05576,Wallet,6032.0,Failed
PAY05577,O05577,Debit Card,65168.0,Successful
PAY05578,O05578,Wallet,1832.0,Paid
PAY05579,O05579,Net Banking,111173.3,Paid
PAY05580,O05580,Wallet,174128.3,Paid
PAY05581,O05581,COD,25072.0,Successful
PAY05582,O05582,Wallet,144194.0,Paid
PAY05583,O05583,Net Banking,144843.4,Refunded
PAY05584,O05584,Wallet,18139.5,Paid
PAY05585,O05585,UPI,2697.3,Successful
PAY05586,O05586,UPI,17892.8,Paid
PAY05587,O05587,Credit Card,71811.8,Successful
PAY05588,O05588,Wallet,10179.0,Paid
PAY05589,O05589,UPI,6147.45,Refunded
PAY05590,O05590,Wallet,15416.0,Successful
PAY05591,O05591,COD,234433.4,Refunded
PAY05592,O05592,COD,3692.0,Failed
PAY05593,O05593,Debit Card,34080.3,Paid
PAY05594,O05594,COD,169716.0,Paid
PAY05595,O05595,UPI,3650.0,Paid
PAY05596,O05596,Wallet,89050.0,Successful
PAY05597,O05597,Net Banking,87224.8,Failed
PAY05598,O05598,Debit Card,13686.0,Paid
PAY05599,O05599,Credit Card,68983.6,Paid
PAY05600,O05600,COD,10397.0,Paid
PAY05601,O05601,COD,1044.0,Successful
PAY05602,O05602,Debit Card,268761.4,Paid
PAY05603,O05603,Net Banking,3177.6,Paid
PAY05604,O05604,Credit Card,10173.6,Paid
PAY05605,O05605,COD,178682.0,Paid
PAY05606,O05606,Debit Card,96502.4,Successful
PAY05607,O05607,Credit Card,31743.0,Paid
PAY05608,O05608,Net Banking,4311.0,Successful
PAY05609,O05609,Wallet,268117.4,Paid
PAY05610,O05610,Credit Card,54575.2,Refunded
PAY05611,O05611,Credit Card,3399.1,Paid
PAY05612,O05612,Credit Card,9210.6,Paid
PAY05613,O05613,Net Banking,14186.25,Paid
PAY05614,O05614,UPI,102273.0,Paid
PAY05615,O05615,COD,3913.05,Refunded
PAY05616,O05616,Credit Card,50690.2,Paid
PAY05617,O05617,Credit Card,165321.7,Paid
PAY05618,O05618,Wallet,38118.85,Paid
PAY05619,O05619,UPI,217088.0,Paid
PAY05620,O05620,Credit Card,6843.0,Refunded
PAY05621,O05621,Net Banking,36064.85,Paid
PAY05622,O05622,COD,86225.2,Refunded
PAY05623,O05623,UPI,4153.6,Paid
PAY05624,O05624,Wallet,154242.4,Failed
PAY05625,O05625,Debit Card,244713.6,Refunded
PAY05626,O05626,Net Banking,50272.15,Successful
PAY05627,O05627,Wallet,3773.4,Paid
PAY05628,O05628,Wallet,642.6,Paid
PAY05629,O05629,Net Banking,268212.6,Paid
PAY05630,O05630,Credit Card,144872.0,Paid
PAY05631,O05631,UPI,7690.8,Refunded
PAY05632,O05632,Net Banking,52509.6,Successful
PAY05633,O05633,Net Banking,9555.9,Paid
PAY05634,O05634,Wallet,35251.8,Paid
PAY05635,O05635,Credit Card,20673.0,Paid
PAY05636,O05636,Wallet,3549.0,Refunded
PAY05637,O05637,Debit Card,78825.3,Paid
PAY05638,O05638,COD,18920.0,Paid
PAY05639,O05639,COD,109150.4,Refunded
PAY05640,O05640,Debit Card,40284.0,Paid
PAY05641,O05641,Net Banking,36255.6,Paid
PAY05642,O05642,Net Banking,26835.0,Paid
PAY05643,O05643,Credit Card,259636.2,Paid
PAY05644,O05644,UPI,5049.0,Paid
PAY05645,O05645,Credit Card,205292.0,Paid
PAY05646,O05646,Debit Card,27534.75,Successful
PAY05647,O05647,UPI,35703.4,Successful
PAY05648,O05648,Wallet,81490.5,Successful
PAY05649,O05649,Credit Card,26016.0,Failed
PAY05650,O05650,Debit Card,1317.6,Failed
PAY05651,O05651,Debit Card,135397.9,Refunded
PAY05652,O05652,Credit Card,11352.0,Paid
PAY05653,O05653,UPI,211499.0,Paid
PAY05654,O05654,Wallet,211589.25,Refunded
PAY05655,O05655,COD,38051.1,Refunded
PAY05656,O05656,Wallet,52828.0,Failed
PAY05657,O05657,COD,127501.6,Paid
PAY05658,O05658,UPI,2328.0,Paid
PAY05659,O05659,UPI,58699.0,Paid
PAY05660,O05660,Credit Card,100553.7,Paid
PAY05661,O05661,Credit Card,222181.2,Paid
PAY05662,O05662,Net Banking,34080.3,Paid
PAY05663,O05663,COD,190513.3,Successful
PAY05664,O05664,Wallet,28825.2,Refunded
PAY05665,O05665,UPI,43417.6,Paid
PAY05666,O05666,Net Banking,87459.0,Paid
PAY05667,O05667,Net Banking,103185.7,Successful
PAY05668,O05668,Wallet,87835.4,Refunded
PAY05669,O05669,Credit Card,35931.0,Successful
PAY05670,O05670,UPI,3692.0,Successful
PAY05671,O05671,UPI,55552.0,Refunded
PAY05672,O05672,Wallet,56997.05,Refunded
PAY05673,O05673,Wallet,5710.4,Paid
PAY05674,O05674,Wallet,1520.65,Successful
PAY05675,O05675,Credit Card,247289.0,Successful
PAY05676,O05676,Wallet,78122.0,Paid
PAY05677,O05677,UPI,32227.2,Paid
PAY05678,O05678,Credit Card,7733.0,Paid
PAY05679,O05679,Credit Card,33314.0,Refunded
PAY05680,O05680,Debit Card,2417.4,Paid
PAY05681,O05681,Net Banking,5132.25,Paid
PAY05682,O05682,Credit Card,4637.0,Paid
PAY05683,O05683,Wallet,29577.25,Paid
PAY05684,O05684,Net Banking,44525.0,Successful
PAY05685,O05685,Net Banking,8622.0,Paid
PAY05686,O05686,UPI,5839.0,Successful
PAY05687,O05687,Debit Card,22844.0,Paid
PAY05688,O05688,COD,98475.85,Paid
PAY05689,O05689,Wallet,43689.7,Paid
PAY05690,O05690,Net Banking,38849.0,Failed
PAY05691,O05691,COD,3774.0,Paid
PAY05692,O05692,Debit Card,25444.8,Paid
PAY05693,O05693,Debit Card,68074.4,Paid
PAY05694,O05694,Debit Card,14233.75,Paid
PAY05695,O05695,COD,22608.0,Refunded
PAY05696,O05696,Debit Card,5032.0,Paid
PAY05697,O05697,UPI,313918.2,Paid
PAY05698,O05698,Debit Card,16752.6,Successful
PAY05699,O05699,Debit Card,23086.8,Successful
PAY05700,O05700,UPI,214495.2,Refunded
PAY05701,O05701,Net Banking,28674.6,Paid
PAY05702,O05702,Debit Card,19656.0,Paid
PAY05703,O05703,COD,44829.0,Paid
PAY05704,O05704,Net Banking,390.4,Refunded
PAY05705,O05705,Net Banking,21966.1,Paid
PAY05706,O05706,Debit Card,17569.7,Successful
PAY05707,O05707,UPI,83002.0,Paid
PAY05708,O05708,Credit Card,22713.75,Paid
PAY05709,O05709,UPI,160064.0,Paid
PAY05710,O05710,UPI,17890.0,Paid
PAY05711,O05711,Credit Card,314523.2,Paid
PAY05712,O05712,COD,260089.7,Paid
PAY05713,O05713,Debit Card,246735.2,Paid
PAY05714,O05714,Wallet,237420.0,Paid
PAY05715,O05715,Debit Card,34380.2,Paid
PAY05716,O05716,Net Banking,11216.0,Refunded
PAY05717,O05717,Net Banking,214712.1,Paid
PAY05718,O05718,COD,26275.1,Refunded
PAY05719,O05719,Wallet,126905.85,Paid
PAY05720,O05720,Credit Card,44688.0,Refunded
PAY05721,O05721,UPI,17120.0,Paid
PAY05722,O05722,Credit Card,14046.4,Paid
PAY05723,O05723,Net Banking,124886.25,Failed
PAY05724,O05724,Credit Card,53438.4,Refunded
PAY05725,O05725,UPI,293521.7,Paid
PAY05726,O05726,Credit Card,156915.2,Paid
PAY05727,O05727,Credit Card,193838.4,Paid
PAY05728,O05728,UPI,180834.8,Paid
PAY05729,O05729,Debit Card,7347.3,Paid
PAY05730,O05730,Wallet,1921.0,Paid
PAY05731,O05731,Net Banking,210648.4,Refunded
PAY05732,O05732,Wallet,160385.2,Successful
PAY05733,O05733,Credit Card,209048.5,Paid
PAY05734,O05734,UPI,20129.4,Paid
PAY05735,O05735,Net Banking,134856.5,Paid
PAY05736,O05736,Credit Card,140875.5,Paid
PAY05737,O05737,Wallet,44934.75,Successful
PAY05738,O05738,Credit Card,76586.2,Refunded
PAY05739,O05739,Debit Card,19011.1,Successful
PAY05740,O05740,UPI,7675.2,Paid
PAY05741,O05741,Net Banking,308696.0,Paid
PAY05742,O05742,COD,113889.0,Successful
PAY05743,O05743,Net Banking,6696.0,Paid
PAY05744,O05744,COD,153951.3,Successful
PAY05745,O05745,COD,22366.0,Paid
PAY05746,O05746,Credit Card,1130.0,Paid
PAY05747,O05747,Credit Card,497635.2,Refunded
PAY05748,O05748,Debit Card,6798.2,Paid
PAY05749,O05749,Credit Card,21570.0,Refunded
PAY05750,O05750,Debit Card,37335.4,Paid
PAY05751,O05751,UPI,8056.8,Paid
PAY05752,O05752,Debit Card,200080.0,Paid
PAY05753,O05753,Debit Card,10233.0,Paid
PAY05754,O05754,Net Banking,7698.0,Failed
PAY05755,O05755,Debit Card,86652.4,Paid
PAY05756,O05756,COD,174394.25,Successful
PAY05757,O05757,Credit Card,85194.0,Paid
PAY05758,O05758,Credit Card,21623.4,Failed
PAY05759,O05759,COD,34212.3,Refunded
PAY05760,O05760,COD,300745.2,Paid
PAY05761,O05761,COD,36755.1,Successful
PAY05762,O05762,Wallet,60461.3,Paid
PAY05763,O05763,Net Banking,25503.0,Refunded
PAY05764,O05764,Wallet,1859.0,Paid
PAY05765,O05765,Debit Card,67355.7,Paid
PAY05766,O05766,Wallet,2099.2,Paid
PAY05767,O05767,Debit Card,52731.4,Failed
PAY05768,O05768,COD,185415.2,Successful
PAY05769,O05769,COD,357296.2,Paid
PAY05770,O05770,Credit Card,32119.65,Successful
PAY05771,O05771,Debit Card,110850.0,Refunded
PAY05772,O05772,COD,306397.8,Paid
PAY05773,O05773,UPI,6303.0,Paid
PAY05774,O05774,Debit Card,30932.0,Paid
PAY05775,O05775,COD,2962.0,Failed
PAY05776,O05776,Net Banking,3555.0,Paid
PAY05777,O05777,COD,1602.0,Paid
PAY05778,O05778,COD,127078.0,Paid
PAY05779,O05779,Debit Card,1849.5,Paid
PAY05780,O05780,Debit Card,17350.2,Failed
PAY05781,O05781,Wallet,12669.0,Paid
PAY05782,O05782,Wallet,26300.0,Failed
PAY05783,O05783,COD,16101.0,Successful
PAY05784,O05784,Debit Card,209498.5,Paid
PAY05785,O05785,Net Banking,25444.8,Paid
PAY05786,O05786,Debit Card,171939.9,Refunded
PAY05787,O05787,Net Banking,4720.0,Refunded
PAY05788,O05788,Wallet,14175.0,Paid
PAY05789,O05789,COD,265011.0,Paid
PAY05790,O05790,Net Banking,209056.4,Paid
PAY05791,O05791,Debit Card,9478.4,Paid
PAY05792,O05792,Debit Card,241169.0,Paid
PAY05793,O05793,COD,24901.1,Paid
PAY05794,O05794,Debit Card,5375.2,Paid
PAY05795,O05795,UPI,5694.3,Paid
PAY05796,O05796,Net Banking,50020.0,Refunded
PAY05797,O05797,Debit Card,217703.7,Paid
PAY05798,O05798,Debit Card,59682.5,Successful
PAY05799,O05799,Wallet,112848.6,Paid
PAY05800,O05800,UPI,34560.75,Paid
PAY05801,O05801,Credit Card,1551.25,Paid
PAY05802,O05802,UPI,69690.0,Paid
PAY05803,O05803,Wallet,116339.0,Paid
PAY05804,O05804,Net Banking,166635.9,Paid
PAY05805,O05805,Net Banking,150158.0,Paid
PAY05806,O05806,Debit Card,112052.7,Paid
PAY05807,O05807,Credit Card,43248.4,Paid
PAY05808,O05808,UPI,285440.8,Paid
PAY05809,O05809,Debit Card,67586.4,Paid
PAY05810,O05810,Debit Card,15247.3,Paid
PAY05811,O05811,Wallet,70485.6,Paid
PAY05812,O05812,Net Banking,130351.8,Paid
PAY05813,O05813,Net Banking,82993.8,Paid
PAY05814,O05814,Credit Card,25407.6,Paid
PAY05815,O05815,Wallet,47351.0,Failed
PAY05816,O05816,UPI,364878.45,Successful
PAY05817,O05817,Net Banking,15780.0,Successful
PAY05818,O05818,Credit Card,3800.7,Refunded
PAY05819,O05819,Debit Card,18282.0,Paid
PAY05820,O05820,Net Banking,271380.15,Successful
PAY05821,O05821,UPI,8281.8,Paid
PAY05822,O05822,Wallet,127003.0,Refunded
PAY05823,O05823,Debit Card,178337.6,Successful
PAY05824,O05824,Net Banking,129364.15,Failed
PAY05825,O05825,Wallet,20671.5,Paid
PAY05826,O05826,Debit Card,42183.75,Paid
PAY05827,O05827,Debit Card,22288.0,Paid
PAY05828,O05828,Credit Card,34091.0,Successful
PAY05829,O05829,Credit Card,220521.6,Paid
PAY05830,O05830,Credit Card,1532.25,Paid
PAY05831,O05831,COD,290271.6,Paid
PAY05832,O05832,UPI,59280.7,Paid
PAY05833,O05833,Wallet,3944.4,Paid
PAY05834,O05834,Wallet,13006.85,Paid
PAY05835,O05835,COD,18212.8,Paid
PAY05836,O05836,UPI,149403.6,Paid
PAY05837,O05837,Credit Card,33060.15,Successful
PAY05838,O05838,Net Banking,73425.8,Failed
PAY05839,O05839,Wallet,88742.4,Failed
PAY05840,O05840,UPI,241221.0,Refunded
PAY05841,O05841,Net Banking,102405.6,Successful
PAY05842,O05842,COD,20196.0,Paid
PAY05843,O05843,COD,2344.0,Successful
PAY05844,O05844,COD,66628.0,Successful
PAY05845,O05845,UPI,84782.9,Successful
PAY05846,O05846,Net Banking,1125.75,Refunded
PAY05847,O05847,COD,14634.0,Refunded
PAY05848,O05848,Wallet,14871.6,Refunded
PAY05849,O05849,Credit Card,29743.2,Paid
PAY05850,O05850,UPI,281583.75,Successful
PAY05851,O05851,Debit Card,89039.2,Paid
PAY05852,O05852,COD,394871.6,Paid
PAY05853,O05853,Credit Card,267655.5,Paid
PAY05854,O05854,Wallet,26432.1,Failed
PAY05855,O05855,Net Banking,53623.8,Paid
PAY05856,O05856,Debit Card,205609.05,Paid
PAY05857,O05857,UPI,204465.6,Refunded
PAY05858,O05858,Debit Card,92980.2,Refunded
PAY05859,O05859,UPI,41108.0,Refunded
PAY05860,O05860,Debit Card,1045.0,Paid
PAY05861,O05861,Credit Card,5703.0,Paid
PAY05862,O05862,Debit Card,170330.4,Successful
PAY05863,O05863,COD,143736.0,Paid
PAY05864,O05864,Net Banking,5380.0,Paid
PAY05865,O05865,COD,185231.3,Paid
PAY05866,O05866,Credit Card,19500.8,Paid
PAY05867,O05867,Credit Card,5117.0,Successful
PAY05868,O05868,Credit Card,467293.1,Paid
PAY05869,O05869,Wallet,6958.0,Failed
PAY05870,O05870,UPI,28785.0,Refunded
PAY05871,O05871,Debit Card,85602.6,Paid
PAY05872,O05872,Wallet,87840.8,Paid
PAY05873,O05873,COD,6370.3,Paid
PAY05874,O05874,COD,205268.4,Successful
PAY05875,O05875,Credit Card,90115.2,Failed
PAY05876,O05876,UPI,179087.5,Refunded
PAY05877,O05877,Credit Card,68485.2,Refunded
PAY05878,O05878,Credit Card,4093.6,Paid
PAY05879,O05879,UPI,32836.8,Paid
PAY05880,O05880,UPI,7116.0,Paid
PAY05881,O05881,Wallet,163416.4,Paid
PAY05882,O05882,Net Banking,24564.0,Successful
PAY05883,O05883,UPI,13028.0,Paid
PAY05884,O05884,Net Banking,257748.0,Paid
PAY05885,O05885,COD,2309.4,Paid
PAY05886,O05886,Debit Card,184836.4,Refunded
PAY05887,O05887,Debit Card,184935.2,Paid
PAY05888,O05888,UPI,3581.5,Paid
PAY05889,O05889,UPI,55780.25,Paid
PAY05890,O05890,Wallet,54545.6,Refunded
PAY05891,O05891,Wallet,40401.6,Refunded
PAY05892,O05892,UPI,184024.0,Paid
PAY05893,O05893,Credit Card,6946.2,Refunded
PAY05894,O05894,Net Banking,13916.0,Successful
PAY05895,O05895,Credit Card,374633.1,Refunded
PAY05896,O05896,Debit Card,213461.85,Paid
PAY05897,O05897,Credit Card,259574.0,Successful
PAY05898,O05898,Net Banking,253941.3,Refunded
PAY05899,O05899,Wallet,43606.9,Refunded
PAY05900,O05900,UPI,138913.2,Paid
PAY05901,O05901,Wallet,29848.7,Paid
PAY05902,O05902,UPI,246719.8,Paid
PAY05903,O05903,COD,136558.0,Paid
PAY05904,O05904,UPI,5241.6,Paid
PAY05905,O05905,Wallet,2011.5,Refunded
PAY05906,O05906,Debit Card,47257.7,Failed
PAY05907,O05907,Credit Card,55300.0,Refunded
PAY05908,O05908,Debit Card,16833.6,Successful
PAY05909,O05909,Debit Card,5024.35,Refunded
PAY05910,O05910,COD,81468.6,Paid
PAY05911,O05911,Net Banking,1661.4,Paid
PAY05912,O05912,Credit Card,8155.75,Refunded
PAY05913,O05913,Debit Card,186411.0,Paid
PAY05914,O05914,Net Banking,2012.8,Paid
PAY05915,O05915,Wallet,320351.2,Paid
PAY05916,O05916,UPI,13037.8,Successful
PAY05917,O05917,Net Banking,247192.8,Paid
PAY05918,O05918,UPI,73932.4,Paid
PAY05919,O05919,Credit Card,34091.4,Refunded
PAY05920,O05920,Net Banking,178746.0,Paid
PAY05921,O05921,Debit Card,192839.7,Successful
PAY05922,O05922,Debit Card,15326.35,Refunded
PAY05923,O05923,Net Banking,22818.0,Paid
PAY05924,O05924,Credit Card,175945.5,Successful
PAY05925,O05925,Credit Card,156823.95,Paid
PAY05926,O05926,Credit Card,201243.0,Paid
PAY05927,O05927,COD,130075.4,Paid
PAY05928,O05928,COD,153345.0,Failed
PAY05929,O05929,UPI,6037.2,Paid
PAY05930,O05930,UPI,305352.0,Paid
PAY05931,O05931,Debit Card,56737.8,Paid
PAY05932,O05932,UPI,323791.6,Paid
PAY05933,O05933,Credit Card,161334.9,Successful
PAY05934,O05934,Net Banking,95904.0,Successful
PAY05935,O05935,UPI,65192.4,Refunded
PAY05936,O05936,Net Banking,20470.5,Refunded
PAY05937,O05937,Net Banking,278281.9,Paid
PAY05938,O05938,Debit Card,129326.4,Paid
PAY05939,O05939,Net Banking,59030.15,Refunded
PAY05940,O05940,COD,88924.2,Successful
PAY05941,O05941,Debit Card,27021.6,Paid
PAY05942,O05942,UPI,4495.4,Paid
PAY05943,O05943,Credit Card,181992.3,Refunded
PAY05944,O05944,COD,76845.5,Paid
PAY05945,O05945,Credit Card,82149.0,Paid
PAY05946,O05946,Net Banking,242963.4,Paid
PAY05947,O05947,Net Banking,48743.2,Paid
PAY05948,O05948,Wallet,99568.8,Failed
PAY05949,O05949,UPI,28302.4,Refunded
PAY05950,O05950,Wallet,42955.2,Refunded
PAY05951,O05951,UPI,223056.2,Paid
PAY05952,O05952,Net Banking,77134.5,Paid
PAY05953,O05953,Credit Card,7642.35,Successful
PAY05954,O05954,Net Banking,72129.7,Failed
PAY05955,O05955,Net Banking,112633.3,Paid
PAY05956,O05956,Wallet,606.9,Refunded
PAY05957,O05957,COD,26192.0,Paid
PAY05958,O05958,COD,21897.6,Paid
PAY05959,O05959,Wallet,199396.2,Paid
PAY05960,O05960,Net Banking,14806.15,Paid
PAY05961,O05961,Wallet,289094.7,Paid
PAY05962,O05962,Net Banking,2196.8,Paid
PAY05963,O05963,UPI,16304.0,Paid
PAY05964,O05964,Debit Card,140748.8,Paid
PAY05965,O05965,UPI,314013.4,Successful
PAY05966,O05966,Credit Card,33193.35,Paid
PAY05967,O05967,Credit Card,10233.0,Paid
PAY05968,O05968,COD,72376.8,Successful
PAY05969,O05969,UPI,50646.4,Failed
PAY05970,O05970,COD,49502.3,Paid
PAY05971,O05971,Wallet,115761.0,Paid
PAY05972,O05972,Credit Card,53630.75,Paid
PAY05973,O05973,Wallet,320127.8,Paid
PAY05974,O05974,Net Banking,31194.0,Paid
PAY05975,O05975,Debit Card,233996.5,Refunded
PAY05976,O05976,Wallet,74701.8,Paid
PAY05977,O05977,Debit Card,185327.85,Paid
PAY05978,O05978,Debit Card,181747.2,Successful
PAY05979,O05979,Credit Card,10234.0,Paid
PAY05980,O05980,Net Banking,19978.35,Refunded
PAY05981,O05981,Debit Card,248025.0,Successful
PAY05982,O05982,Debit Card,6708.0,Successful
PAY05983,O05983,Debit Card,158187.3,Paid
PAY05984,O05984,Credit Card,51464.7,Refunded
PAY05985,O05985,UPI,246868.0,Paid
PAY05986,O05986,UPI,5367.0,Paid
PAY05987,O05987,Debit Card,179054.0,Paid
PAY05988,O05988,Credit Card,308696.0,Paid
PAY05989,O05989,Wallet,279868.8,Failed
PAY05990,O05990,Debit Card,277826.4,Paid
PAY05991,O05991,COD,17558.0,Paid
PAY05992,O05992,Credit Card,157839.3,Paid
PAY05993,O05993,Net Banking,54710.8,Refunded
PAY05994,O05994,Wallet,13001.7,Successful
PAY05995,O05995,Net Banking,24561.0,Paid
PAY05996,O05996,COD,6917.1,Refunded
PAY05997,O05997,Wallet,54467.6,Paid
PAY05998,O05998,Credit Card,115884.7,Paid
PAY05999,O05999,Credit Card,311594.6,Paid
PAY06000,O06000,UPI,198483.5,Failed
